raceId,constructor_name,unified_constructor_id,driverId,is_midfield,median_lap_time,pace_std_dev,clean_laps_count,race_leader_median,pace_gap_to_leader
900,Aston Martin,117,807,True,95.209,1.189711424229077,51,93.97749999999999,1.2315000000000111
900,Aston Martin,117,815,True,96.0515,1.8164539799357664,50,93.97749999999999,2.0740000000000123
900,Caterham,207,828,True,99.813,1.3653302704358452,20,93.97749999999999,5.83550000000001
900,Ferrari,6,4,False,95.143,1.4999407465421126,51,93.97749999999999,1.1655000000000086
900,Ferrari,6,8,False,95.268,1.4563710430044814,51,93.97749999999999,1.2905000000000086
900,Lotus F1,208,154,True,96.897,1.6564763619850245,35,93.97749999999999,2.9195000000000135
900,Lotus F1,208,813,True,98.64099999999999,1.0415241204631347,22,93.97749999999999,4.663499999999999
900,Marussia,206,820,True,98.636,1.9107073836220834,47,93.97749999999999,4.658500000000004
900,Marussia,206,824,True,97.4055,1.9686181131091172,42,93.97749999999999,3.4280000000000115
900,McLaren,1,18,False,94.886,1.5364092779555125,50,93.97749999999999,0.9085000000000036
900,McLaren,1,825,False,94.728,1.3647770990883652,51,93.97749999999999,0.7505000000000024
900,Mercedes,131,1,False,100.287,,1,93.97749999999999,6.309500000000014
900,Mercedes,131,3,False,93.97749999999999,1.817445211839745,52,93.97749999999999,0.0
900,RB F1 Team,215,16,True,96.836,2.0229163963442924,49,93.97749999999999,2.8585000000000065
900,RB F1 Team,215,821,True,95.885,1.7537911680108607,48,93.97749999999999,1.907500000000013
900,Red Bull,9,817,False,94.74350000000001,1.9328682563629482,52,93.97749999999999,0.7660000000000196
900,Unknown Team,216,818,True,95.383,1.2813055165208131,51,93.97749999999999,1.4055000000000035
900,Unknown Team,216,826,True,95.569,1.3316961241434973,51,93.97749999999999,1.5915000000000106
900,Williams,3,822,True,94.953,1.612622657888299,50,93.97749999999999,0.9755000000000109
901,Aston Martin,117,807,True,107.12,1.0900356324451088,51,106.4985,0.6214999999999975
901,Caterham,207,155,True,109.60249999999999,1.074511262227195,50,106.4985,3.103999999999985
901,Caterham,207,828,True,110.054,1.223071207468477,47,106.4985,3.555499999999995
901,Ferrari,6,4,False,106.91,1.3795231226472193,49,106.4985,0.41149999999998954
901,Ferrari,6,8,False,108.195,1.3627808148055713,48,106.4985,1.6964999999999861
901,Lotus F1,208,154,True,108.43100000000001,1.2142652929588307,48,106.4985,1.9325000000000045
901,Lotus F1,208,813,True,111.805,0.7925583890162308,5,106.4985,5.3065
901,Marussia,206,820,True,110.116,1.0602706224282707,47,106.4985,3.6174999999999926
901,Marussia,206,824,True,111.603,0.46278645183280886,5,106.4985,5.104499999999987
901,McLaren,1,18,False,107.464,1.1654919292190768,49,106.4985,0.9654999999999916
901,McLaren,1,825,False,107.71350000000001,1.4440210356257985,48,106.4985,1.2150000000000034
901,Mercedes,131,1,False,106.4985,1.4483707389860554,50,106.4985,0.0
901,Mercedes,131,3,False,106.62049999999999,1.6188436438597966,50,106.4985,0.12199999999998568
901,RB F1 Team,215,16,True,109.33,1.0502725097465542,27,106.4985,2.8314999999999912
901,RB F1 Team,215,821,True,109.5245,1.1995461613057905,30,106.4985,3.0259999999999962
901,Red Bull,9,20,False,106.657,1.187119037710156,49,106.4985,0.15849999999998943
901,Red Bull,9,817,False,107.242,2.023498813118919,39,106.4985,0.7434999999999974
901,Unknown Team,216,818,True,109.433,0.7120184922692129,13,106.4985,2.9345
901,Unknown Team,216,826,True,108.338,1.2500002040779956,48,106.4985,1.8394999999999868
901,Williams,3,13,True,107.422,1.4001955518188793,49,106.4985,0.92349999999999
901,Williams,3,822,True,107.675,1.4671714216280862,49,106.4985,1.17649999999999
902,Aston Martin,117,807,True,101.139,1.4933343017306147,47,100.185,0.9539999999999935
902,Aston Martin,117,815,True,101.138,1.3128313119567254,47,100.185,0.953000000000003
902,Caterham,207,155,True,103.833,1.3855483083272895,47,100.185,3.647999999999996
902,Caterham,207,828,True,103.971,1.221459190571997,28,100.185,3.7860000000000014
902,Ferrari,6,4,False,101.3195,1.5958761744522658,48,100.185,1.1345000000000027
902,Ferrari,6,8,False,101.788,1.4712581371102025,47,100.185,1.6029999999999944
902,Lotus F1,208,154,True,101.898,1.6315647731827605,45,100.185,1.7129999999999939
902,Lotus F1,208,813,True,101.904,1.3919837588938073,46,100.185,1.718999999999994
902,Marussia,206,820,True,103.075,1.2999533425769414,47,100.185,2.8900000000000006
902,Marussia,206,824,True,104.009,1.3303351674699524,43,100.185,3.823999999999998
902,McLaren,1,18,False,101.463,1.2741995348239068,44,100.185,1.2779999999999916
902,McLaren,1,825,False,101.8215,1.7459016466327109,34,100.185,1.636499999999998
902,Mercedes,131,1,False,100.185,1.3393440012713265,49,100.185,0.0
902,Mercedes,131,3,False,100.443,1.4582051505376077,49,100.185,0.25799999999999557
902,RB F1 Team,215,16,True,104.009,1.5624424619709,12,100.185,3.823999999999998
902,RB F1 Team,215,821,True,102.8015,1.0454223020680742,34,100.185,2.616500000000002
902,Red Bull,9,20,False,101.242,1.6189615948806284,47,100.185,1.0570000000000022
902,Red Bull,9,817,False,101.95949999999999,1.3538069550336826,46,100.185,1.774499999999989
902,Unknown Team,216,818,True,103.91,1.1396328597162542,14,100.185,3.7249999999999943
902,Unknown Team,216,826,True,101.806,1.2223462961357414,45,100.185,1.6209999999999951
902,Williams,3,13,True,101.018,1.1783931393677909,45,100.185,0.8329999999999984
902,Williams,3,822,True,101.1585,1.0774177700445284,46,100.185,0.9735000000000014
903,Aston Martin,117,807,True,104.138,1.1096588286781484,52,102.92949999999999,1.208500000000015
903,Aston Martin,117,815,True,104.26,1.0290612924065368,51,102.92949999999999,1.330500000000015
903,Caterham,207,155,True,106.2135,1.2228918631118888,48,102.92949999999999,3.284000000000006
903,Caterham,207,828,True,106.995,1.3851389775214054,47,102.92949999999999,4.065500000000014
903,Ferrari,6,4,False,103.52850000000001,0.9538964569612972,52,102.92949999999999,0.599000000000018
903,Ferrari,6,8,False,104.399,1.0176125161087441,51,102.92949999999999,1.4695000000000107
903,Lotus F1,208,154,True,105.4365,0.6911872570261788,24,102.92949999999999,2.507000000000005
903,Lotus F1,208,813,True,105.283,1.1284786082986824,50,102.92949999999999,2.353500000000011
903,Marussia,206,820,True,106.594,1.2642382904872456,47,102.92949999999999,3.664500000000004
903,Marussia,206,824,True,106.1385,0.8065216866398625,50,102.92949999999999,3.209000000000003
903,McLaren,1,18,False,105.059,0.9747222358922897,50,102.92949999999999,2.1295000000000073
903,McLaren,1,825,False,104.90899999999999,1.2983274257635493,50,102.92949999999999,1.9795000000000016
903,Mercedes,131,1,False,102.92949999999999,0.8870920403680976,52,102.92949999999999,0.0
903,Mercedes,131,3,False,103.20400000000001,1.5021389370240392,52,102.92949999999999,0.2745000000000175
903,RB F1 Team,215,821,True,105.08099999999999,1.1840140793006866,48,102.92949999999999,2.1514999999999986
903,Red Bull,9,20,False,103.815,0.9436744881540287,52,102.92949999999999,0.8855000000000075
903,Red Bull,9,817,False,103.5805,1.2512951402061323,52,102.92949999999999,0.6510000000000105
903,Unknown Team,216,818,True,104.967,0.999474225862399,50,102.92949999999999,2.0375000000000085
903,Unknown Team,216,826,True,104.862,1.0275761305526796,50,102.92949999999999,1.9325000000000045
903,Williams,3,13,True,104.608,1.3235589182941865,51,102.92949999999999,1.6785000000000139
903,Williams,3,822,True,103.712,0.8051391948832486,51,102.92949999999999,0.7825000000000131
904,Aston Martin,117,807,True,92.73400000000001,0.8798437419050499,60,91.3595,1.3745000000000118
904,Aston Martin,117,815,True,92.62049999999999,1.0159807796571605,60,91.3595,1.2609999999999957
904,Caterham,207,155,True,95.282,0.9565590361578257,29,91.3595,3.9224999999999994
904,Caterham,207,828,True,94.869,1.0281720852743725,59,91.3595,3.5095000000000027
904,Ferrari,6,4,False,91.949,1.3110006372815632,59,91.3595,0.589500000000001
904,Ferrari,6,8,False,92.39750000000001,1.12303505675494,60,91.3595,1.038000000000011
904,Lotus F1,208,154,True,92.66050000000001,0.836062261319263,60,91.3595,1.3010000000000161
904,Lotus F1,208,813,True,92.822,1.0135346220814492,59,91.3595,1.4625000000000057
904,Marussia,206,820,True,93.872,1.3811943016787616,55,91.3595,2.512500000000003
904,Marussia,206,824,True,93.94399999999999,1.2608197965157977,58,91.3595,2.5844999999999914
904,McLaren,1,18,False,92.721,1.0737378695144355,60,91.3595,1.3615000000000066
904,McLaren,1,825,False,92.8835,1.308891228168004,60,91.3595,1.524000000000001
904,Mercedes,131,1,False,91.3595,1.084544693878306,62,91.3595,0.0
904,Mercedes,131,3,False,91.439,1.2543537363420383,62,91.3595,0.07949999999999591
904,RB F1 Team,215,16,True,93.232,1.288240024284876,60,91.3595,1.8725000000000023
904,RB F1 Team,215,821,True,93.2225,1.4207905190534234,58,91.3595,1.8629999999999995
904,Red Bull,9,20,False,92.222,1.6455206795534638,59,91.3595,0.8624999999999972
904,Red Bull,9,817,False,92.065,1.1108169833468584,61,91.3595,0.7055000000000007
904,Unknown Team,216,818,True,94.595,1.4105354116855922,21,91.3595,3.235500000000002
904,Unknown Team,216,826,True,92.6685,1.3115905572152238,58,91.3595,1.3089999999999975
904,Williams,3,13,True,92.7025,1.0994586156053787,58,91.3595,1.3430000000000035
904,Williams,3,822,True,92.455,0.9759856231584474,61,91.3595,1.0955000000000013
905,Aston Martin,117,807,True,81.907,1.1467998108008548,69,80.30199999999999,1.605000000000004
905,Caterham,207,155,True,84.13499999999999,1.3241977129760005,60,80.30199999999999,3.8329999999999984
905,Caterham,207,828,True,82.979,1.5318426481903218,68,80.30199999999999,2.6770000000000067
905,Ferrari,6,4,False,80.93299999999999,0.8150730720839998,70,80.30199999999999,0.6310000000000002
905,Ferrari,6,8,False,81.4505,1.3758084292753,68,80.30199999999999,1.1485000000000127
905,Lotus F1,208,154,True,83.033,1.4052248964126695,67,80.30199999999999,2.7310000000000088
905,Marussia,206,820,True,83.755,1.7419052942391424,61,80.30199999999999,3.453000000000003
905,Marussia,206,824,True,82.621,1.103584696521675,68,80.30199999999999,2.3190000000000026
905,McLaren,1,18,False,81.85050000000001,1.1492028755280943,68,80.30199999999999,1.5485000000000184
905,McLaren,1,825,False,81.6845,1.0445543151487509,68,80.30199999999999,1.3825000000000074
905,Mercedes,131,1,False,80.468,0.7868772867412261,70,80.30199999999999,0.16600000000001103
905,Mercedes,131,3,False,80.30199999999999,0.7779834714057409,70,80.30199999999999,0.0
905,RB F1 Team,215,16,True,82.892,1.3490197047273553,19,80.30199999999999,2.5900000000000034
905,RB F1 Team,215,821,True,81.9845,1.2712068801909953,50,80.30199999999999,1.6825000000000045
905,Red Bull,9,817,False,80.62700000000001,0.8750320844753545,70,80.30199999999999,0.32500000000001705
905,Unknown Team,216,818,True,81.805,1.0262079895444576,41,80.30199999999999,1.5030000000000143
905,Unknown Team,216,826,True,84.3215,1.47186200666593,6,80.30199999999999,4.019500000000008
905,Williams,3,13,True,81.738,1.3620015041234048,68,80.30199999999999,1.436000000000007
905,Williams,3,822,True,81.761,1.3144062587860736,47,80.30199999999999,1.4590000000000032
906,Aston Martin,117,807,True,80.475,0.905375226683882,61,79.95400000000001,0.5209999999999866
906,Aston Martin,117,815,True,80.245,0.8697189703758844,61,79.95400000000001,0.2909999999999968
906,Caterham,207,155,True,84.30000000000001,0.5981867287895997,16,79.95400000000001,4.346000000000004
906,Ferrari,6,4,False,80.122,1.0449651474197728,60,79.95400000000001,0.16799999999999216
906,Ferrari,6,8,False,80.095,1.1246279324992579,59,79.95400000000001,0.14099999999999113
906,Lotus F1,208,154,True,81.17699999999999,1.0743199204280758,50,79.95400000000001,1.2229999999999848
906,Lotus F1,208,813,True,82.298,0.6383651552431245,14,79.95400000000001,2.343999999999994
906,McLaren,1,18,False,79.95400000000001,1.2046581745516616,60,79.95400000000001,0.0
906,McLaren,1,825,False,80.38749999999999,1.1671826313457898,60,79.95400000000001,0.4334999999999809
906,Mercedes,131,1,False,80.152,1.2586369689149968,37,79.95400000000001,0.1979999999999933
906,Mercedes,131,3,False,79.9545,1.1386307332099217,60,79.95400000000001,0.0004999999999881766
906,RB F1 Team,215,16,True,81.432,1.0210477033827545,58,79.95400000000001,1.4779999999999944
906,RB F1 Team,215,821,True,81.219,1.2376329228100718,56,79.95400000000001,1.2649999999999864
906,Red Bull,9,20,False,80.19749999999999,0.752544505506731,60,79.95400000000001,0.24349999999998317
906,Red Bull,9,817,False,80.083,0.7604822575999268,60,79.95400000000001,0.12899999999999068
906,Unknown Team,216,818,True,80.3945,0.9161508899233456,60,79.95400000000001,0.4404999999999859
906,Unknown Team,216,826,True,81.188,1.1207152766118853,37,79.95400000000001,1.2339999999999947
906,Williams,3,13,True,80.02199999999999,0.9853041716822594,60,79.95400000000001,0.06799999999998363
906,Williams,3,822,True,80.449,0.8119222910966637,60,79.95400000000001,0.49499999999999034
907,Aston Martin,117,807,True,74.0495,0.7772463324489576,66,73.586,0.46349999999999625
907,Aston Martin,117,815,True,73.771,1.121324274227587,66,73.586,0.18500000000000227
907,Caterham,207,155,True,76.2065,0.7075883414194328,64,73.586,2.620500000000007
907,Caterham,207,828,True,76.244,0.9348896000384843,63,73.586,2.6580000000000013
907,Ferrari,6,4,False,73.814,0.7944099603363544,66,73.586,0.22799999999999443
907,Ferrari,6,8,False,74.0695,0.9112533298899003,66,73.586,0.4835000000000065
907,Lotus F1,208,154,True,75.597,0.8600491790500244,65,73.586,2.0109999999999957
907,Lotus F1,208,813,True,74.644,0.9926631158345969,65,73.586,1.058000000000007
907,Marussia,206,820,True,76.649,1.007933633775644,65,73.586,3.0630000000000024
907,Marussia,206,824,True,76.052,0.8480918698534637,65,73.586,2.466000000000008
907,McLaren,1,18,False,74.09100000000001,0.9144718002358486,66,73.586,0.5050000000000097
907,McLaren,1,825,False,74.1165,0.9147558763335237,66,73.586,0.5305000000000035
907,Mercedes,131,1,False,73.78550000000001,0.7417669618155096,66,73.586,0.19950000000001467
907,Mercedes,131,3,False,73.586,0.8994141912274254,67,73.586,0.0
907,RB F1 Team,215,16,True,75.09649999999999,0.8882510721985614,64,73.586,1.5104999999999933
907,RB F1 Team,215,821,True,75.45400000000001,0.9344130570777776,62,73.586,1.8680000000000092
907,Red Bull,9,20,False,75.148,0.4853698299182448,27,73.586,1.5619999999999976
907,Red Bull,9,817,False,73.99,0.899667643372512,66,73.586,0.40399999999999636
907,Unknown Team,216,818,True,75.131,0.8191075965445459,53,73.586,1.5450000000000017
907,Unknown Team,216,826,True,75.111,0.49699397811816065,21,73.586,1.5250000000000057
907,Williams,3,13,True,74.086,0.7811733034265936,67,73.586,0.5
907,Williams,3,822,True,73.809,0.8289113803272344,67,73.586,0.22299999999999898
908,Aston Martin,117,807,True,101.41300000000001,1.4454635491416503,48,98.783,2.6300000000000097
908,Aston Martin,117,815,True,101.442,1.6214754145188353,47,98.783,2.658999999999992
908,Caterham,207,155,True,104.179,1.035755806601673,44,98.783,5.396000000000001
908,Caterham,207,828,True,105.0095,0.6100315565608017,8,98.783,6.2265000000000015
908,Ferrari,6,4,False,99.66499999999999,1.005626067079991,48,98.783,0.8819999999999908
908,Lotus F1,208,154,True,101.715,1.6019394957398043,47,98.783,2.932000000000002
908,Lotus F1,208,813,True,101.953,1.435161276968226,45,98.783,3.1700000000000017
908,Marussia,206,820,True,102.686,1.159722615738148,45,98.783,3.903000000000006
908,Marussia,206,824,True,102.545,1.4985871230603756,47,98.783,3.7620000000000005
908,McLaren,1,18,False,100.5455,1.1475397982869657,48,98.783,1.7625000000000028
908,McLaren,1,825,False,100.435,1.0266913393922106,48,98.783,1.652000000000001
908,Mercedes,131,1,False,98.783,0.6211663600517217,46,98.783,0.0
908,Mercedes,131,3,False,98.8955,0.45221294642352744,24,98.783,0.11249999999999716
908,RB F1 Team,215,16,True,101.613,1.0666959942391325,47,98.783,2.8299999999999983
908,RB F1 Team,215,821,True,103.721,1.3183996431460432,7,98.783,4.938000000000002
908,Red Bull,9,20,False,99.71000000000001,0.9531429223546578,46,98.783,0.9270000000000067
908,Red Bull,9,817,False,99.582,1.1455055807201355,48,98.783,0.7989999999999924
908,Unknown Team,216,818,True,101.228,1.4118268749688674,47,98.783,2.444999999999993
908,Unknown Team,216,826,True,100.406,1.3718537766617238,46,98.783,1.6230000000000047
908,Williams,3,822,True,99.5915,0.992768624660303,48,98.783,0.8084999999999951
909,Aston Martin,117,807,True,83.185,0.6780369330011923,61,82.134,1.051000000000002
909,Aston Martin,117,815,True,83.40700000000001,1.2055777974777602,58,82.134,1.2730000000000103
909,Caterham,207,155,True,84.926,1.054720896635453,57,82.134,2.7920000000000016
909,Caterham,207,828,True,85.45249999999999,0.9657479942053726,56,82.134,3.318499999999986
909,Ferrari,6,4,False,83.061,0.8661712704677675,59,82.134,0.9270000000000067
909,Ferrari,6,8,False,83.5155,1.002363747788001,58,82.134,1.3815000000000026
909,Lotus F1,208,154,True,85.0355,0.6248155901104089,22,82.134,2.9014999999999986
909,Lotus F1,208,813,True,83.947,0.8966161710520749,60,82.134,1.8130000000000024
909,Marussia,206,820,True,85.1005,1.0020309193391614,56,82.134,2.9664999999999964
909,Marussia,206,824,True,84.694,0.9450393977379173,60,82.134,2.5600000000000023
909,McLaren,1,18,False,83.255,0.6347293071900245,58,82.134,1.1209999999999951
909,McLaren,1,825,False,83.569,1.1562673898524283,60,82.134,1.4350000000000023
909,Mercedes,131,1,False,82.352,1.3183179176839457,59,82.134,0.21800000000000352
909,Mercedes,131,3,False,82.134,0.7080119989875798,61,82.134,0.0
909,RB F1 Team,215,16,True,83.852,0.8433610414015077,40,82.134,1.7180000000000035
909,RB F1 Team,215,821,True,83.5765,0.9119275479401114,58,82.134,1.4424999999999955
909,Red Bull,9,20,False,82.844,0.6999289610776437,59,82.134,0.7099999999999937
909,Red Bull,9,817,False,83.052,1.0926381890436805,59,82.134,0.9180000000000064
909,Unknown Team,216,818,True,83.631,1.0549905347599882,58,82.134,1.4969999999999999
909,Unknown Team,216,826,True,84.1725,1.0165446287394684,38,82.134,2.038499999999999
909,Williams,3,822,True,82.713,0.5403473387073267,61,82.134,0.5789999999999935
910,Aston Martin,117,807,True,106.2,7.328081918968368,9,88.8495,17.350499999999997
910,Aston Martin,117,815,True,100.067,10.365819911670108,17,88.8495,11.217499999999987
910,Caterham,207,155,True,108.072,10.769352483519414,21,88.8495,19.222499999999997
910,Caterham,207,828,True,110.196,5.916561428976901,7,88.8495,21.346499999999992
910,Ferrari,6,4,False,88.8495,10.28188040344296,64,88.8495,0.0
910,Ferrari,6,8,False,89.525,11.122763934378169,65,88.8495,0.6754999999999995
910,Lotus F1,208,154,True,108.5475,5.539168632823626,8,88.8495,19.697999999999993
910,Lotus F1,208,813,True,90.662,10.84821583673485,65,88.8495,1.8125
910,Marussia,206,820,True,92.49,10.188477379543112,65,88.8495,3.6404999999999887
910,Marussia,206,824,True,92.414,9.079426352187268,63,88.8495,3.5644999999999953
910,McLaren,1,18,False,90.074,10.151565623377246,63,88.8495,1.224499999999992
910,McLaren,1,825,False,90.467,10.6700913039268,65,88.8495,1.6174999999999926
910,Mercedes,131,1,False,89.211,12.157205679796055,65,88.8495,0.3614999999999924
910,Mercedes,131,3,False,89.262,10.285095065974316,63,88.8495,0.4124999999999943
910,RB F1 Team,215,16,True,90.373,10.61055823220619,65,88.8495,1.5234999999999985
910,RB F1 Team,215,821,True,100.695,13.067497307326457,28,88.8495,11.845499999999987
910,Red Bull,9,20,False,89.55600000000001,9.87892612467247,64,88.8495,0.7065000000000055
910,Red Bull,9,817,False,89.14,9.393649751687411,61,88.8495,0.29049999999999443
910,Unknown Team,216,818,True,90.061,10.754505015975447,64,88.8495,1.211500000000001
910,Unknown Team,216,826,True,91.4535,10.84640484728056,64,88.8495,2.603999999999999
910,Williams,3,13,True,89.5135,10.042493645546195,62,88.8495,0.6639999999999873
910,Williams,3,822,True,89.916,10.412601002720933,64,88.8495,1.0664999999999907
911,Aston Martin,117,807,True,115.871,1.3764476756414135,39,113.74549999999999,2.1255000000000024
911,Aston Martin,117,815,True,115.667,0.9831977367110314,39,113.74549999999999,1.9215000000000089
911,Caterham,207,828,True,118.339,1.1569114705898411,38,113.74549999999999,4.593500000000006
911,Ferrari,6,4,False,115.473,1.3108633143390234,39,113.74549999999999,1.7275000000000063
911,Ferrari,6,8,False,114.9135,1.2600035113911172,40,113.74549999999999,1.1680000000000064
911,Lotus F1,208,154,True,116.741,1.3467630466060838,27,113.74549999999999,2.995500000000007
911,Marussia,206,820,True,118.5985,1.3547939863229896,38,113.74549999999999,4.853000000000009
911,Marussia,206,824,True,118.0085,0.8911288640855582,34,113.74549999999999,4.263000000000005
911,McLaren,1,18,False,115.792,1.3609849855542921,39,113.74549999999999,2.046500000000009
911,McLaren,1,825,False,115.454,1.0093389547154459,39,113.74549999999999,1.7085000000000008
911,Mercedes,131,1,False,115.865,0.9094664807291623,31,113.74549999999999,2.119500000000002
911,Mercedes,131,3,False,113.74549999999999,2.0724628892826464,38,113.74549999999999,0.0
911,RB F1 Team,215,16,True,115.307,1.868508376366714,37,113.74549999999999,1.5615000000000094
911,RB F1 Team,215,821,True,116.124,1.4926177319250853,39,113.74549999999999,2.3785000000000025
911,Red Bull,9,20,False,115.3815,1.2695814612583862,38,113.74549999999999,1.63600000000001
911,Red Bull,9,817,False,114.37700000000001,1.4378905837264713,40,113.74549999999999,0.6315000000000168
911,Unknown Team,216,818,True,116.259,1.7170561219849212,39,113.74549999999999,2.5135000000000076
911,Unknown Team,216,826,True,115.363,1.1439804883059965,39,113.74549999999999,1.6175000000000068
911,Williams,3,13,True,115.415,1.8536536832638038,37,113.74549999999999,1.6695000000000135
911,Williams,3,822,True,115.1115,1.37898728890034,40,113.74549999999999,1.3660000000000139
912,Aston Martin,117,807,True,90.0835,0.7468507828453741,50,88.94999999999999,1.1335000000000122
912,Aston Martin,117,815,True,90.2475,0.5575584563477696,50,88.94999999999999,1.2975000000000136
912,Caterham,207,155,True,91.761,0.6099754980596505,47,88.94999999999999,2.811000000000007
912,Caterham,207,828,True,92.552,1.067686934566455,41,88.94999999999999,3.602000000000018
912,Ferrari,6,4,False,90.635,0.5549844982820069,25,88.94999999999999,1.6850000000000165
912,Ferrari,6,8,False,90.1875,0.5842682065138026,50,88.94999999999999,1.2375000000000114
912,Lotus F1,208,154,True,90.955,0.8060218794302443,47,88.94999999999999,2.0050000000000097
912,Lotus F1,208,813,True,90.516,0.7107574783477169,49,88.94999999999999,1.5660000000000167
912,Marussia,206,820,True,93.338,0.503670858133892,3,88.94999999999999,4.388000000000005
912,Marussia,206,824,True,92.29249999999999,0.7849152928267633,44,88.94999999999999,3.342500000000001
912,McLaren,1,18,False,90.35849999999999,0.5622617721383621,50,88.94999999999999,1.4085000000000036
912,McLaren,1,825,False,90.266,0.5418722799286698,50,88.94999999999999,1.3160000000000167
912,Mercedes,131,1,False,88.94999999999999,0.5862096682092712,50,88.94999999999999,0.0
912,Mercedes,131,3,False,89.136,0.7471817528317445,51,88.94999999999999,0.18600000000000705
912,RB F1 Team,215,16,True,90.256,1.082209464789627,49,88.94999999999999,1.3060000000000116
912,RB F1 Team,215,821,True,90.7855,0.8443671310564275,44,88.94999999999999,1.8355000000000103
912,Red Bull,9,20,False,90.191,0.5177453715832893,50,88.94999999999999,1.2410000000000139
912,Red Bull,9,817,False,90.07849999999999,0.8790397778373831,50,88.94999999999999,1.1285000000000025
912,Unknown Team,216,818,True,90.2835,0.8364523307593039,50,88.94999999999999,1.333500000000015
912,Unknown Team,216,826,True,90.56,1.1204367072556844,49,88.94999999999999,1.6100000000000136
912,Williams,3,13,True,89.4075,0.5219794022052295,50,88.94999999999999,0.45750000000001023
912,Williams,3,822,True,89.7015,0.7964147150620292,50,88.94999999999999,0.7515000000000072
913,Aston Martin,117,807,True,115.481,1.4700873403527133,49,113.053,2.4279999999999973
913,Aston Martin,117,815,True,115.8545,1.6171812351010941,48,113.053,2.8015000000000043
913,Caterham,207,828,True,117.4405,1.2050113451773092,52,113.053,4.387500000000003
913,Ferrari,6,4,False,113.722,1.2231498210333256,49,113.053,0.6689999999999969
913,Ferrari,6,8,False,115.027,1.6878363368525886,49,113.053,1.9740000000000038
913,Lotus F1,208,154,True,115.832,1.451478680952241,48,113.053,2.7789999999999964
913,Lotus F1,208,813,True,116.084,1.6748302558929427,49,113.053,3.031000000000006
913,Marussia,206,820,True,118.448,1.8551257226421312,47,113.053,5.394999999999996
913,Marussia,206,824,True,116.825,1.2527823123387627,49,113.053,3.7720000000000056
913,McLaren,1,18,False,115.171,1.278005574780264,43,113.053,2.118000000000009
913,McLaren,1,825,False,115.177,2.210352133092467,47,113.053,2.1240000000000094
913,Mercedes,131,1,False,113.053,1.0004462690621116,47,113.053,0.0
913,Mercedes,131,3,False,118.609,1.1111624543693004,11,113.053,5.555999999999997
913,RB F1 Team,215,16,True,116.239,1.9644691564141334,29,113.053,3.186000000000007
913,RB F1 Team,215,821,True,116.663,1.4913717700192193,13,113.053,3.6099999999999994
913,Red Bull,9,20,False,113.604,1.05143642635847,49,113.053,0.5510000000000019
913,Red Bull,9,817,False,114.086,1.1703742653178872,49,113.053,1.0330000000000013
913,Unknown Team,216,818,True,114.84649999999999,1.4927308567280366,46,113.053,1.7934999999999945
913,Unknown Team,216,826,True,115.327,1.871853698631957,46,113.053,2.274000000000001
913,Williams,3,13,True,114.764,1.4671615082043408,49,113.053,1.7109999999999985
913,Williams,3,822,True,115.151,2.280002777776093,49,113.053,2.097999999999999
914,Aston Martin,117,807,True,116.027,17.966616217904768,38,114.061,1.965999999999994
914,Aston Martin,117,815,True,116.582,17.513023760882913,37,114.061,2.5209999999999866
914,Caterham,207,155,True,119.098,17.084670227178208,36,114.061,5.036999999999992
914,Caterham,207,828,True,117.661,17.35429116395433,37,114.061,3.5999999999999943
914,Ferrari,6,8,False,116.571,18.083204805051274,36,114.061,2.509999999999991
914,Lotus F1,208,154,True,117.08000000000001,17.239053559513575,36,114.061,3.0190000000000055
914,Lotus F1,208,813,True,117.714,16.550113276922872,37,114.061,3.6529999999999916
914,Marussia,206,820,True,119.445,16.171033598517486,38,114.061,5.383999999999986
914,Marussia,206,824,True,118.275,16.76262051538652,36,114.061,4.213999999999999
914,McLaren,1,18,False,114.29650000000001,17.870051910415327,38,114.061,0.23550000000000182
914,McLaren,1,825,False,117.357,18.436810005297236,36,114.061,3.2959999999999923
914,Mercedes,131,1,False,114.061,18.62744063415442,39,114.061,0.0
914,Mercedes,131,3,False,114.303,18.40204302151591,39,114.061,0.24199999999999022
914,RB F1 Team,215,16,True,117.5295,17.597883243819457,34,114.061,3.4684999999999917
914,RB F1 Team,215,821,True,117.725,16.93212338450101,38,114.061,3.6639999999999873
914,Red Bull,9,20,False,114.158,18.2431812131171,39,114.061,0.0969999999999942
914,Red Bull,9,817,False,114.63,18.51368366266242,39,114.061,0.5689999999999884
914,Unknown Team,216,818,True,117.258,16.932117559854373,39,114.061,3.1969999999999885
914,Unknown Team,216,826,True,116.541,17.617081396799,37,114.061,2.4799999999999898
914,Williams,3,13,True,116.366,17.742078786812527,39,114.061,2.3049999999999926
914,Williams,3,822,True,116.37,17.868675487949798,39,114.061,2.3089999999999975
915,Aston Martin,117,807,True,104.56200000000001,1.6085047954988865,50,103.594,0.9680000000000177
915,Aston Martin,117,815,True,104.8885,1.2974836759619535,50,103.594,1.2944999999999993
915,Caterham,207,155,True,108.214,0.5980888451281062,16,103.594,4.6200000000000045
915,Caterham,207,828,True,106.629,1.224019433149352,45,103.594,3.035000000000011
915,Ferrari,6,4,False,104.2775,0.8702398967866062,50,103.594,0.6835000000000093
915,Ferrari,6,8,False,104.78450000000001,1.192197590286827,50,103.594,1.1905000000000143
915,Lotus F1,208,154,True,106.0095,0.989608704639308,48,103.594,2.4155000000000086
915,Lotus F1,208,813,True,106.87,1.600512996796327,47,103.594,3.2760000000000105
915,Marussia,206,820,True,108.383,0.14550028636856074,3,103.594,4.7890000000000015
915,McLaren,1,18,False,104.0725,1.0799193091549344,50,103.594,0.478500000000011
915,McLaren,1,825,False,104.108,0.9384908432462927,50,103.594,0.51400000000001
915,Mercedes,131,1,False,103.594,0.975721411943747,51,103.594,0.0
915,Mercedes,131,3,False,103.687,1.2541004209720843,51,103.594,0.09300000000000352
915,RB F1 Team,215,16,True,105.46,1.325987923813065,47,103.594,1.8659999999999997
915,RB F1 Team,215,821,True,105.523,0.9784294804937704,49,103.594,1.929000000000002
915,Red Bull,9,20,False,104.5775,1.1252164564551759,50,103.594,0.9835000000000065
915,Red Bull,9,817,False,104.08250000000001,1.0763658775941385,50,103.594,0.48850000000001614
915,Unknown Team,216,818,True,104.9725,1.1271149726769847,50,103.594,1.3785000000000025
915,Unknown Team,216,826,True,105.073,1.7079153237226052,47,103.594,1.4789999999999992
915,Williams,3,13,True,104.372,0.8579836981904438,49,103.594,0.7780000000000058
915,Williams,3,822,True,103.994,1.432028511053672,51,103.594,0.4000000000000057
916,Aston Martin,117,807,True,106.503,0.892923119293983,12,103.72,2.7830000000000013
916,Ferrari,6,4,False,105.248,1.1689133560095653,47,103.72,1.5280000000000058
916,Ferrari,6,8,False,105.557,0.9972374569050931,45,103.72,1.8370000000000033
916,Lotus F1,208,154,True,105.34,0.8754118470426604,47,103.72,1.6200000000000045
916,Lotus F1,208,813,True,105.326,0.7932150710470507,48,103.72,1.6059999999999945
916,McLaren,1,18,False,106.239,1.1448937905616623,49,103.72,2.5190000000000055
916,McLaren,1,825,False,105.8145,0.9545308540998407,50,103.72,2.0944999999999965
916,Mercedes,131,1,False,103.72,1.0444688084556428,49,103.72,0.0
916,Mercedes,131,3,False,103.913,1.0870793709170763,49,103.72,0.19299999999999784
916,RB F1 Team,215,821,True,105.60300000000001,1.493149924846,46,103.72,1.8830000000000098
916,Red Bull,9,20,False,105.135,1.6422644049867652,48,103.72,1.4150000000000063
916,Red Bull,9,817,False,103.858,0.6208475414862308,48,103.72,0.13800000000000523
916,Unknown Team,216,818,True,105.223,0.8431036339553108,48,103.72,1.5030000000000001
916,Unknown Team,216,826,True,105.376,1.3101010871630734,45,103.72,1.656000000000006
916,Williams,3,13,True,103.9465,0.5584467043785022,48,103.72,0.22650000000000148
916,Williams,3,822,True,104.071,0.7702529953604172,48,103.72,0.3509999999999991
917,Aston Martin,117,807,True,75.79249999999999,1.0740007611359736,64,74.894,0.8984999999999843
917,Aston Martin,117,815,True,76.277,0.9001296757577246,63,74.894,1.3829999999999956
917,Ferrari,6,4,False,75.815,0.8570244190865853,64,74.894,0.9209999999999923
917,Ferrari,6,8,False,75.992,0.6655024447458472,66,74.894,1.097999999999999
917,Lotus F1,208,154,True,76.46000000000001,1.094416641738553,56,74.894,1.5660000000000025
917,Lotus F1,208,813,True,76.006,0.8954252190133285,62,74.894,1.1119999999999948
917,McLaren,1,18,False,75.723,0.843320570761473,64,74.894,0.8289999999999935
917,McLaren,1,825,False,75.9605,0.8078363517325567,64,74.894,1.0664999999999907
917,Mercedes,131,1,False,74.894,0.8382060893149552,64,74.894,0.0
917,Mercedes,131,3,False,75.2105,0.8259149081569158,64,74.894,0.3164999999999907
917,RB F1 Team,215,16,True,76.196,1.0935329673779584,63,74.894,1.3019999999999925
917,RB F1 Team,215,821,True,76.349,0.7821885788364914,63,74.894,1.4549999999999983
917,Red Bull,9,20,False,75.588,0.9047817294389668,64,74.894,0.6939999999999884
917,Red Bull,9,817,False,76.26,0.7518674453007245,33,74.894,1.3659999999999997
917,Unknown Team,216,818,True,76.189,0.8775794810270522,63,74.894,1.2949999999999875
917,Unknown Team,216,826,True,75.964,1.0205464375686222,63,74.894,1.0699999999999932
917,Williams,3,13,True,75.2245,0.7939644723369844,64,74.894,0.3305000000000007
917,Williams,3,822,True,76.137,0.8039909049983279,63,74.894,1.242999999999995
918,Aston Martin,117,807,True,108.476,1.3455115711740402,50,107.141,1.3349999999999937
918,Aston Martin,117,815,True,108.478,1.2339080996441267,50,107.141,1.336999999999989
918,Caterham,207,155,True,110.491,1.1273767472900669,37,107.141,3.3499999999999943
918,Caterham,207,829,True,110.467,1.2049211102052277,45,107.141,3.3259999999999934
918,Ferrari,6,4,False,108.844,0.7451625117916217,50,107.141,1.7029999999999887
918,Ferrari,6,8,False,108.771,0.9881109860659909,51,107.141,1.6299999999999955
918,Lotus F1,208,154,True,108.664,0.6788245263605742,48,107.141,1.5229999999999961
918,Lotus F1,208,813,True,109.567,0.6180983778842121,23,107.141,2.4259999999999877
918,McLaren,1,18,False,107.616,1.2599869317716283,51,107.141,0.4749999999999943
918,McLaren,1,825,False,108.7915,1.376221552524397,50,107.141,1.6504999999999939
918,Mercedes,131,1,False,107.141,0.9375777957787105,51,107.141,0.0
918,Mercedes,131,3,False,108.442,1.7014225456954966,47,107.141,1.3009999999999877
918,RB F1 Team,215,16,True,108.787,0.9989103837039613,47,107.141,1.6460000000000008
918,RB F1 Team,215,821,True,109.376,1.0546361500601011,49,107.141,2.2349999999999994
918,Red Bull,9,20,False,108.08449999999999,1.4722599177136295,50,107.141,0.943499999999986
918,Red Bull,9,817,False,107.9385,1.6734911816624642,50,107.141,0.7974999999999994
918,Unknown Team,216,818,True,108.5615,1.301699711091083,48,107.141,1.4204999999999899
918,Unknown Team,216,826,True,109.089,0.2815277154126298,11,107.141,1.9479999999999933
918,Williams,3,13,True,107.532,1.2217479458289449,51,107.141,0.39099999999999113
918,Williams,3,822,True,107.9125,1.0497151273423937,50,107.141,0.771499999999989
926,Aston Martin,117,807,True,94.30199999999999,1.237327802243244,50,91.945,2.3569999999999993
926,Aston Martin,117,815,True,95.42599999999999,1.717240144617441,50,91.945,3.4809999999999945
926,Ferrari,6,8,False,92.32849999999999,1.359116345841288,34,91.945,0.38349999999999795
926,Ferrari,6,20,False,92.64850000000001,1.0931344005245076,54,91.945,0.7035000000000196
926,McLaren,1,18,False,95.926,1.0493160678251794,51,91.945,3.9810000000000088
926,Mercedes,131,1,False,91.995,0.695916948442249,53,91.945,0.05000000000001137
926,Mercedes,131,3,False,91.945,1.1771847840179013,54,91.945,0.0
926,RB F1 Team,215,828,True,94.1585,1.4556887175660143,50,91.945,2.2135000000000105
926,RB F1 Team,215,831,True,93.596,0.7948511024313188,53,91.945,1.6510000000000105
926,Red Bull,9,817,False,93.79849999999999,1.0418451276389002,52,91.945,1.8534999999999968
926,Unknown Team,216,830,True,94.763,0.6538039121598755,28,91.945,2.818000000000012
926,Unknown Team,216,832,True,94.3065,1.0115321257020407,52,91.945,2.3615000000000066
926,Williams,3,13,True,92.776,0.7152011399159097,53,91.945,0.8310000000000031
927,Aston Martin,117,807,True,107.825,1.5956925420922732,45,105.052,2.772999999999996
927,Aston Martin,117,815,True,107.594,1.507977364155301,47,105.052,2.5419999999999874
927,Ferrari,6,8,False,105.706,1.128349542108616,47,105.052,0.6539999999999964
927,Ferrari,6,20,False,105.058,1.421458252561612,49,105.052,0.006000000000000227
927,Lotus F1,208,154,True,106.916,1.2078746756305383,44,105.052,1.86399999999999
927,Lotus F1,208,813,True,107.143,1.135583708433176,37,105.052,2.090999999999994
927,Manor Marussia,209,833,True,111.787,1.4000622605203417,43,105.052,6.734999999999999
927,McLaren,1,4,False,109.225,0.7702895451278919,16,105.052,4.172999999999988
927,McLaren,1,18,False,108.321,1.2795080531456346,31,105.052,3.2689999999999912
927,Mercedes,131,1,False,105.052,1.709146846536954,49,105.052,0.0
927,Mercedes,131,3,False,105.218,2.12986940810422,49,105.052,0.16599999999999682
927,RB F1 Team,215,828,True,108.7875,0.038890872965249866,2,105.052,3.7354999999999876
927,RB F1 Team,215,831,True,106.923,1.7176022300927165,43,105.052,1.8709999999999951
927,Red Bull,9,817,False,107.25,1.924219454445171,48,105.052,2.1979999999999933
927,Red Bull,9,826,False,107.124,1.866884738346735,47,105.052,2.0719999999999885
927,Unknown Team,216,830,True,106.5535,1.5245147164154706,48,105.052,1.501499999999993
927,Unknown Team,216,832,True,107.311,1.1886173537732865,47,105.052,2.2590000000000003
927,Williams,3,13,True,106.0455,1.5857379313085755,48,105.052,0.9934999999999974
927,Williams,3,822,True,106.17750000000001,1.7796427319959855,48,105.052,1.1255000000000024
928,Aston Martin,117,807,True,106.12899999999999,0.3793774741034951,8,103.647,2.481999999999985
928,Aston Martin,117,815,True,105.103,1.0007036024717741,45,103.647,1.4559999999999889
928,Ferrari,6,8,False,103.77,0.8782034309637383,49,103.647,0.12299999999999045
928,Ferrari,6,20,False,103.824,0.7142108270267185,49,103.647,0.1769999999999925
928,Lotus F1,208,154,True,105.303,1.1408321777646084,49,103.647,1.6559999999999917
928,Lotus F1,208,813,True,105.44,0.6745679800851054,41,103.647,1.7929999999999922
928,Manor Marussia,209,829,True,108.898,1.4451696682563928,46,103.647,5.250999999999991
928,Manor Marussia,209,833,True,109.351,1.40304410269467,46,103.647,5.7039999999999935
928,McLaren,1,4,False,106.554,1.242192783425088,47,103.647,2.9069999999999965
928,McLaren,1,18,False,105.8965,0.9956958174410331,46,103.647,2.2494999999999976
928,Mercedes,131,1,False,103.647,0.6769993072927296,49,103.647,0.0
928,Mercedes,131,3,False,103.772,0.7220126383935446,49,103.647,0.125
928,RB F1 Team,215,828,True,105.24,0.9529917951914094,47,103.647,1.5929999999999893
928,RB F1 Team,215,831,True,105.551,1.2519025561935966,50,103.647,1.9039999999999964
928,Red Bull,9,817,False,105.40549999999999,1.2271969211355855,48,103.647,1.7584999999999837
928,Red Bull,9,826,False,107.0875,0.665389037652836,14,103.647,3.4405
928,Unknown Team,216,830,True,105.065,0.7755764720611393,47,103.647,1.4179999999999922
928,Unknown Team,216,832,True,104.9115,1.7650769329638838,44,103.647,1.2644999999999982
928,Williams,3,13,True,104.7015,1.0640784626774569,48,103.647,1.0544999999999902
928,Williams,3,822,True,104.924,1.4295887764416324,49,103.647,1.277000000000001
929,Aston Martin,117,807,True,101.11699999999999,1.1231022226177787,50,99.119,1.9979999999999905
929,Aston Martin,117,815,True,100.924,1.1859613864692637,51,99.119,1.8050000000000068
929,Ferrari,6,8,False,99.45,1.5029272769681548,53,99.119,0.33100000000000307
929,Ferrari,6,20,False,99.503,1.1606742364407268,51,99.119,0.38400000000000034
929,Lotus F1,208,154,True,100.532,1.0581882334658597,53,99.119,1.4129999999999967
929,Lotus F1,208,813,True,99.814,1.3300664613720132,49,99.119,0.6949999999999932
929,Manor Marussia,209,829,True,103.733,1.0878358206674672,45,99.119,4.614000000000004
929,Manor Marussia,209,833,True,104.2955,0.9597199508545596,38,99.119,5.176500000000004
929,McLaren,1,4,False,101.615,1.2672172406110789,51,99.119,2.495999999999995
929,Mercedes,131,1,False,99.119,0.8671371645356987,53,99.119,0.0
929,Mercedes,131,3,False,99.273,1.1147319999825998,53,99.119,0.15399999999999636
929,RB F1 Team,215,828,True,100.574,0.9307586438283637,49,99.119,1.4549999999999983
929,RB F1 Team,215,831,True,100.533,1.0927360795067482,49,99.119,1.4140000000000015
929,Red Bull,9,817,False,100.16,1.0757010641393008,53,99.119,1.0409999999999968
929,Red Bull,9,826,False,100.759,1.212417915070681,51,99.119,1.6400000000000006
929,Unknown Team,216,830,True,101.9385,0.8355444380381615,28,99.119,2.819500000000005
929,Unknown Team,216,832,True,101.766,0.8313427953217212,25,99.119,2.6470000000000056
929,Williams,3,13,True,100.775,1.0488618649587347,51,99.119,1.656000000000006
929,Williams,3,822,True,99.712,1.1882493003805483,53,99.119,0.5930000000000035
930,Aston Martin,117,807,True,93.44749999999999,1.168987698248783,58,91.26849999999999,2.179000000000002
930,Aston Martin,117,815,True,94.0955,1.1444673706267876,60,91.26849999999999,2.8270000000000124
930,Ferrari,6,8,False,92.42,0.945606994174473,61,91.26849999999999,1.1515000000000128
930,Ferrari,6,20,False,91.91550000000001,0.8167892379157818,62,91.26849999999999,0.6470000000000198
930,Lotus F1,208,154,True,93.23750000000001,0.9206578725898001,60,91.26849999999999,1.9690000000000225
930,Lotus F1,208,813,True,93.469,0.75487930323109,38,91.26849999999999,2.2005000000000052
930,Manor Marussia,209,829,True,96.2705,1.1852939593745964,56,91.26849999999999,5.0020000000000095
930,Manor Marussia,209,833,True,96.858,1.0173458794487644,51,91.26849999999999,5.589500000000015
930,McLaren,1,4,False,94.5975,0.5150085465604596,22,91.26849999999999,3.3290000000000077
930,McLaren,1,18,False,93.041,1.5525553644587378,58,91.26849999999999,1.772500000000008
930,Mercedes,131,1,False,91.26849999999999,1.5148704200518281,60,91.26849999999999,0.0
930,Mercedes,131,3,False,91.551,1.0528752621069823,62,91.26849999999999,0.2825000000000131
930,RB F1 Team,215,828,True,93.73949999999999,1.0189576656043116,60,91.26849999999999,2.4710000000000036
930,RB F1 Team,215,831,True,93.7075,1.0037354351266297,60,91.26849999999999,2.439000000000007
930,Red Bull,9,817,False,93.1365,1.0812634338017981,60,91.26849999999999,1.8680000000000092
930,Red Bull,9,826,False,93.4405,1.00818948593409,60,91.26849999999999,2.1720000000000113
930,Unknown Team,216,830,True,93.805,0.9268521690217595,60,91.26849999999999,2.536500000000018
930,Unknown Team,216,832,True,93.755,1.0886328868950268,60,91.26849999999999,2.4865000000000066
930,Williams,3,13,True,92.05,0.9343622496437486,59,91.26849999999999,0.7815000000000083
930,Williams,3,822,True,92.098,0.7428080443226165,61,91.26849999999999,0.8295000000000101
931,Aston Martin,117,807,True,80.8595,1.2395106528756106,70,80.1385,0.7210000000000036
931,Aston Martin,117,815,True,80.78,0.8620902209279526,69,80.1385,0.6415000000000077
931,Ferrari,6,8,False,80.575,0.8820368468196085,69,80.1385,0.43650000000000944
931,Ferrari,6,20,False,80.349,0.7798271154065377,69,80.1385,0.21050000000001035
931,Lotus F1,208,154,True,81.343,1.330895108431926,70,80.1385,1.2045000000000101
931,Lotus F1,208,813,True,82.5875,1.1345928418012643,4,80.1385,2.4490000000000123
931,Manor Marussia,209,829,True,84.467,1.2640893241396551,59,80.1385,4.328500000000005
931,Manor Marussia,209,833,True,84.279,1.3802479307104258,63,80.1385,4.140500000000003
931,McLaren,1,4,False,81.082,1.455965311813364,39,80.1385,0.9435000000000002
931,McLaren,1,18,False,80.7165,1.2519988867675045,68,80.1385,0.578000000000003
931,Mercedes,131,1,False,80.1385,1.0679244198255047,70,80.1385,0.0
931,Mercedes,131,3,False,80.43,1.1067402014470165,70,80.1385,0.2915000000000134
931,RB F1 Team,215,828,True,81.1885,1.5103955126711357,68,80.1385,1.0500000000000114
931,RB F1 Team,215,831,True,81.17949999999999,1.301889290389408,70,80.1385,1.0409999999999968
931,Red Bull,9,817,False,80.656,1.2766549223292767,69,80.1385,0.5175000000000125
931,Red Bull,9,826,False,80.526,0.8198562029532335,69,80.1385,0.38750000000000284
931,Unknown Team,216,830,True,80.893,1.1959146596532628,59,80.1385,0.7545000000000073
931,Unknown Team,216,832,True,81.479,1.403321366015179,70,80.1385,1.3405000000000058
931,Williams,3,13,True,81.504,1.8180849969861157,69,80.1385,1.3655000000000115
931,Williams,3,822,True,81.327,1.5227514924777272,69,80.1385,1.1885000000000048
932,Aston Martin,117,807,True,79.578,0.8058918314860565,66,78.3565,1.221500000000006
932,Aston Martin,117,815,True,79.964,0.727003064886659,67,78.3565,1.6075000000000017
932,Ferrari,6,8,False,78.6045,0.8508039002555078,66,78.3565,0.24800000000000466
932,Ferrari,6,20,False,78.482,1.1864626737342476,67,78.3565,0.1255000000000024
932,Lotus F1,208,154,True,79.2175,0.794230101175401,66,78.3565,0.8610000000000042
932,Lotus F1,208,813,True,79.0535,0.710476742555333,68,78.3565,0.6970000000000027
932,Manor Marussia,209,829,True,82.284,0.7420186535087123,55,78.3565,3.927500000000009
932,Manor Marussia,209,833,True,82.329,0.7607325741597765,50,78.3565,3.9724999999999966
932,McLaren,1,4,False,80.722,0.692950255139255,41,78.3565,2.3654999999999973
932,McLaren,1,18,False,81.029,1.0804825526896142,51,78.3565,2.6724999999999994
932,Mercedes,131,1,False,78.3805,0.5613166823731847,68,78.3565,0.02400000000000091
932,Mercedes,131,3,False,78.3565,0.5206197217205923,68,78.3565,0.0
932,RB F1 Team,215,828,True,80.093,0.9089816541992186,67,78.3565,1.7365000000000066
932,RB F1 Team,215,831,True,80.327,1.004135537360016,66,78.3565,1.9705000000000013
932,Red Bull,9,817,False,79.974,0.7843580510448064,67,78.3565,1.6175000000000068
932,Red Bull,9,826,False,79.812,0.906358805598891,67,78.3565,1.4555000000000007
932,Unknown Team,216,830,True,80.081,0.9329549362972851,67,78.3565,1.7245000000000061
932,Unknown Team,216,832,True,79.477,0.9033306547564411,67,78.3565,1.120500000000007
932,Williams,3,13,True,79.369,1.1819474892852022,68,78.3565,1.0125000000000028
932,Williams,3,822,True,78.8655,0.7059348256396767,68,78.3565,0.5090000000000003
933,Aston Martin,117,807,True,73.1,0.5543362942172643,63,72.173,0.9269999999999925
933,Aston Martin,117,815,True,73.58449999999999,0.7905714533790982,62,72.173,1.4114999999999895
933,Ferrari,6,20,False,72.234,0.6882178440139833,63,72.173,0.06099999999999284
933,Lotus F1,208,154,True,73.6055,0.9800320473566929,26,72.173,1.4325000000000045
933,Lotus F1,208,813,True,73.5135,1.043323216814209,62,72.173,1.3404999999999916
933,Manor Marussia,209,833,True,75.968,0.76830051196893,57,72.173,3.7950000000000017
933,Mercedes,131,1,False,72.26,0.5311449809453181,63,72.173,0.0870000000000033
933,Mercedes,131,3,False,72.173,0.5097338783405567,63,72.173,0.0
933,RB F1 Team,215,828,True,74.148,1.245925584467262,57,72.173,1.9749999999999943
933,RB F1 Team,215,831,True,73.803,0.6551354896379695,62,72.173,1.6299999999999955
933,Red Bull,9,817,False,73.854,1.2044568896375005,62,72.173,1.6809999999999974
933,Red Bull,9,826,False,74.147,0.9668577748720875,61,72.173,1.9740000000000038
933,Unknown Team,216,830,True,73.2475,0.7111412885713735,62,72.173,1.0745000000000005
933,Unknown Team,216,832,True,73.796,0.8067646437940884,21,72.173,1.6230000000000047
933,Williams,3,13,True,72.191,0.757803854925309,63,72.173,0.018000000000000682
933,Williams,3,822,True,72.94,0.6784959647584817,63,72.173,0.7669999999999959
934,Aston Martin,117,807,True,100.426,6.852934405679633,47,99.4735,0.9525000000000006
934,Aston Martin,117,815,True,100.499,7.430985392878834,46,99.4735,1.0254999999999939
934,Ferrari,6,8,False,100.085,9.091978616596423,45,99.4735,0.6114999999999924
934,Ferrari,6,20,False,100.523,7.215701791518668,47,99.4735,1.0494999999999948
934,Manor Marussia,209,829,True,103.4025,8.754669056222065,42,99.4735,3.929000000000002
934,Manor Marussia,209,833,True,104.081,6.86840560624889,41,99.4735,4.607500000000002
934,McLaren,1,4,False,102.08500000000001,8.37658218118609,46,99.4735,2.6115000000000066
934,Mercedes,131,1,False,99.566,7.487732045054654,47,99.4735,0.09250000000000114
934,Mercedes,131,3,False,99.5435,6.234675275258736,46,99.4735,0.06999999999999318
934,RB F1 Team,215,828,True,101.2,8.292599864702119,43,99.4735,1.7265000000000015
934,Red Bull,9,817,False,101.8185,7.720553675903045,16,99.4735,2.344999999999999
934,Red Bull,9,826,False,100.359,6.995524384322872,47,99.4735,0.8854999999999933
934,Unknown Team,216,830,True,127.987,,1,99.4735,28.513499999999993
934,Unknown Team,216,832,True,99.4735,6.261246776885427,28,99.4735,0.0
934,Williams,3,13,True,99.611,6.345810557135554,46,99.4735,0.13750000000000284
934,Williams,3,822,True,99.55850000000001,6.902305820038205,46,99.4735,0.08500000000000796
936,Aston Martin,117,807,True,89.481,0.5018098379785534,36,87.822,1.6589999999999918
936,Aston Martin,117,815,True,90.052,1.2471800748185442,41,87.822,2.230000000000004
936,Ferrari,6,8,False,88.309,1.3115938133862621,45,87.822,0.48699999999999477
936,Ferrari,6,20,False,87.822,0.809680860694417,61,87.822,0.0
936,Lotus F1,208,154,True,89.516,1.2880443512280748,59,87.822,1.6940000000000026
936,Lotus F1,208,813,True,90.207,1.742960103115569,57,87.822,2.384999999999991
936,Manor Marussia,209,829,True,92.69,1.3417551659129154,53,87.822,4.867999999999995
936,Manor Marussia,209,833,True,92.147,1.2958931483158183,55,87.822,4.325000000000003
936,McLaren,1,4,False,89.358,1.0079715573529433,59,87.822,1.5360000000000014
936,McLaren,1,18,False,89.6635,0.8447812991752233,58,87.822,1.8414999999999964
936,Mercedes,131,1,False,88.115,1.7003003765130311,55,87.822,0.29299999999999216
936,Mercedes,131,3,False,88.3845,1.3603383143178356,58,87.822,0.5625
936,RB F1 Team,215,828,True,89.95599999999999,1.239246169395145,58,87.822,2.133999999999986
936,RB F1 Team,215,831,True,89.871,1.284960770996765,58,87.822,2.0489999999999924
936,Red Bull,9,817,False,88.552,1.3076891468395437,57,87.822,0.730000000000004
936,Red Bull,9,826,False,89.249,1.3836313329111698,57,87.822,1.4269999999999925
936,Unknown Team,216,830,True,89.238,1.1979094885511743,55,87.822,1.4159999999999968
936,Unknown Team,216,832,True,89.99,0.857651711555064,49,87.822,2.167999999999992
936,Williams,3,13,True,90.0115,1.264937547737165,56,87.822,2.1894999999999953
936,Williams,3,822,True,89.105,0.7604393856575762,55,87.822,1.2830000000000013
937,Aston Martin,117,815,True,116.311,0.9748973958953929,39,114.861,1.4500000000000028
937,Ferrari,6,8,False,116.28,1.1804801025023537,38,114.861,1.418999999999997
937,Ferrari,6,20,False,116.1155,1.7189040896917556,38,114.861,1.254499999999993
937,Lotus F1,208,154,True,115.818,1.3920041174105722,39,114.861,0.9569999999999936
937,Lotus F1,208,813,True,122.29,,1,114.861,7.429000000000002
937,Manor Marussia,209,829,True,120.081,1.3236623722196954,35,114.861,5.219999999999999
937,Manor Marussia,209,833,True,119.543,1.3601497167962124,35,114.861,4.682000000000002
937,McLaren,1,4,False,117.827,1.4019827424344438,35,114.861,2.965999999999994
937,McLaren,1,18,False,118.854,1.631627125182182,35,114.861,3.992999999999995
937,Mercedes,131,1,False,114.861,1.2258813125635286,37,114.861,0.0
937,Mercedes,131,3,False,115.08,1.6532658393118216,37,114.861,0.2189999999999941
937,RB F1 Team,215,828,True,117.32849999999999,1.8737161590448335,38,114.861,2.467499999999987
937,RB F1 Team,215,831,True,117.222,2.036174008180925,37,114.861,2.36099999999999
937,Red Bull,9,817,False,116.757,0.9440561930246733,17,114.861,1.8960000000000008
937,Red Bull,9,826,False,116.292,2.2486377821991215,38,114.861,1.4309999999999974
937,Unknown Team,216,830,True,115.77000000000001,1.4825301827811588,36,114.861,0.909000000000006
937,Unknown Team,216,832,True,117.273,1.3928974453754064,25,114.861,2.411999999999992
937,Williams,3,13,True,116.237,1.6619717355997787,39,114.861,1.3759999999999906
937,Williams,3,822,True,116.1495,1.89034769262278,38,114.861,1.288499999999999
938,Aston Martin,117,807,True,89.451,0.3547836938019564,49,87.804,1.6469999999999914
938,Aston Martin,117,815,True,89.055,0.9181786989128309,51,87.804,1.2510000000000048
938,Ferrari,6,8,False,88.994,0.8602747498945463,50,87.804,1.1899999999999977
938,Ferrari,6,20,False,88.288,0.7554790439729966,51,87.804,0.48399999999999466
938,Manor Marussia,209,829,True,92.23750000000001,0.7898554675220358,48,87.804,4.433500000000009
938,Manor Marussia,209,833,True,92.578,0.6878352718920978,48,87.804,4.774000000000001
938,McLaren,1,4,False,91.271,1.1016607039466475,42,87.804,3.4669999999999987
938,McLaren,1,18,False,90.985,0.7952270640096082,49,87.804,3.1809999999999974
938,Mercedes,131,1,False,87.804,0.5337992726947118,51,87.804,0.0
938,Mercedes,131,3,False,88.142,1.1958589356490175,48,87.804,0.33799999999999386
938,RB F1 Team,215,828,True,89.252,0.42693183790587513,49,87.804,1.4479999999999933
938,RB F1 Team,215,831,True,89.99199999999999,0.7463733993985787,48,87.804,2.187999999999988
938,Red Bull,9,817,False,89.644,1.074940611395448,49,87.804,1.8400000000000034
938,Red Bull,9,826,False,89.694,1.0676734787906417,49,87.804,1.8900000000000006
938,Unknown Team,216,830,True,89.1065,0.991844625123546,46,87.804,1.3024999999999949
938,Unknown Team,216,832,True,88.801,1.1570202961800122,47,87.804,0.9969999999999999
938,Williams,3,13,True,88.489,0.7495857355246052,51,87.804,0.6850000000000023
938,Williams,3,822,True,88.4,0.9361996875143554,51,87.804,0.5960000000000036
939,Aston Martin,117,807,True,114.11949999999999,2.319080382872108,10,111.51,2.609499999999983
939,Aston Martin,117,815,True,113.682,1.4774866678726746,49,111.51,2.171999999999997
939,Ferrari,6,8,False,112.283,1.0715885371452805,51,111.51,0.7729999999999961
939,Ferrari,6,20,False,111.51,0.9891130715116802,51,111.51,0.0
939,Lotus F1,208,154,True,114.304,2.4817392015774877,45,111.51,2.793999999999997
939,Lotus F1,208,813,True,114.17,2.8338072443388977,46,111.51,2.6599999999999966
939,Manor Marussia,209,829,True,117.966,1.3823245620070181,49,111.51,6.455999999999989
939,Manor Marussia,209,834,True,117.687,1.580413213963599,49,111.51,6.1769999999999925
939,McLaren,1,4,False,114.313,2.8892363333586952,25,111.51,2.8029999999999973
939,McLaren,1,18,False,114.287,3.3189588420349465,41,111.51,2.777000000000001
939,Mercedes,131,1,False,113.213,4.851922707202437,25,111.51,1.7029999999999887
939,Mercedes,131,3,False,112.774,1.2835667184779764,51,111.51,1.2639999999999958
939,RB F1 Team,215,828,True,114.622,2.4704098217353616,47,111.51,3.1119999999999948
939,RB F1 Team,215,831,True,114.271,1.8243021655297298,49,111.51,2.7609999999999957
939,Red Bull,9,817,False,111.631,1.1171290139126615,51,111.51,0.12099999999999511
939,Red Bull,9,826,False,112.8425,0.98383007865699,48,111.51,1.332499999999996
939,Unknown Team,216,830,True,113.2325,1.5135010997050646,52,111.51,1.7224999999999966
939,Unknown Team,216,832,True,113.8315,2.1523952762187197,48,111.51,2.3215000000000003
939,Williams,3,13,True,114.082,2.313410587772746,21,111.51,2.5719999999999885
939,Williams,3,822,True,113.091,1.3049920660866337,51,111.51,1.5809999999999889
940,Aston Martin,117,807,True,99.8955,1.3660995180343773,48,98.703,1.1924999999999955
940,Aston Martin,117,815,True,100.5385,1.0753320352292735,46,98.703,1.8354999999999961
940,Ferrari,6,8,False,99.265,1.1142720553955319,49,98.703,0.5619999999999976
940,Ferrari,6,20,False,99.128,0.7679410159065286,49,98.703,0.42499999999999716
940,Lotus F1,208,154,True,100.223,1.2676437265047855,49,98.703,1.519999999999996
940,Lotus F1,208,813,True,100.425,1.3764533077199934,49,98.703,1.7219999999999942
940,Manor Marussia,209,829,True,104.316,1.2244001911339266,41,98.703,5.6129999999999995
940,Manor Marussia,209,834,True,104.42099999999999,1.2409279527564614,44,98.703,5.717999999999989
940,McLaren,1,4,False,101.309,1.063087809215106,47,98.703,2.6059999999999945
940,McLaren,1,18,False,101.593,0.9293855584141136,47,98.703,2.8900000000000006
940,Mercedes,131,1,False,98.703,0.7766464899863758,49,98.703,0.0
940,Mercedes,131,3,False,99.005,1.1161910408285098,49,98.703,0.3019999999999925
940,RB F1 Team,215,828,True,101.402,0.9471470298402821,46,98.703,2.698999999999998
940,RB F1 Team,215,831,True,101.771,0.9552085275574611,43,98.703,3.067999999999998
940,Red Bull,9,817,False,100.68199999999999,1.200900235609321,48,98.703,1.978999999999985
940,Red Bull,9,826,False,101.078,1.2562973004311935,45,98.703,2.375
940,Unknown Team,216,830,True,100.2325,1.3921315408216075,48,98.703,1.5294999999999987
940,Unknown Team,216,832,True,100.65,1.0389140010475506,47,98.703,1.9470000000000027
940,Williams,3,13,True,100.896,1.128283997847168,45,98.703,2.192999999999998
940,Williams,3,822,True,99.613,0.9232578492070489,49,98.703,0.9099999999999966
941,Aston Martin,117,815,True,103.482,1.2356245057427016,45,101.82,1.6620000000000061
941,Ferrari,6,8,False,102.55,1.1070148567871607,42,101.82,0.730000000000004
941,Ferrari,6,20,False,102.189,1.1237071207591218,43,101.82,0.3689999999999998
941,Lotus F1,208,154,True,105.58000000000001,0.520056040936249,8,101.82,3.7600000000000193
941,Lotus F1,208,813,True,103.587,1.4418260086441324,43,101.82,1.7670000000000101
941,Manor Marussia,209,829,True,107.602,1.3611183601156447,41,101.82,5.782000000000011
941,Manor Marussia,209,833,True,107.0255,1.4190276952527392,44,101.82,5.205500000000001
941,McLaren,1,4,False,104.657,1.0884956048685688,45,101.82,2.8370000000000033
941,McLaren,1,18,False,104.401,1.1125501091881462,45,101.82,2.581000000000003
941,Mercedes,131,1,False,101.82,0.8517854182076007,43,101.82,0.0
941,Mercedes,131,3,False,103.41,0.16138876458209156,3,101.82,1.5900000000000034
941,RB F1 Team,215,831,True,103.33,1.280424191720057,43,101.82,1.5100000000000051
941,Red Bull,9,817,False,103.703,1.3408549632188647,39,101.82,1.8830000000000098
941,Red Bull,9,826,False,103.095,1.1841754887008342,43,101.82,1.2750000000000057
941,Unknown Team,216,830,True,104.0685,1.45578341321589,44,101.82,2.248500000000007
941,Unknown Team,216,832,True,103.77350000000001,1.3267626119888214,36,101.82,1.9535000000000196
941,Williams,3,13,True,103.444,1.685212141973568,43,101.82,1.6240000000000094
941,Williams,3,822,True,102.629,1.8267857441524824,43,101.82,0.8090000000000117
942,Aston Martin,117,807,True,117.723,15.722936306868657,33,113.213,4.510000000000005
942,Aston Martin,117,815,True,116.566,15.96040464048172,54,113.213,3.3530000000000086
942,Ferrari,6,8,False,118.076,8.984916860611165,23,113.213,4.8629999999999995
942,Ferrari,6,20,False,116.5355,17.22265099639177,52,113.213,3.322500000000005
942,Lotus F1,208,154,True,132.753,9.921504621395938,7,113.213,19.539999999999992
942,Lotus F1,208,813,True,115.536,14.92015256371976,53,113.213,2.3230000000000075
942,Manor Marussia,209,834,True,113.346,11.29696047112084,53,113.213,0.13300000000000978
942,McLaren,1,4,False,113.2755,14.042179968257605,52,113.213,0.0625
942,McLaren,1,18,False,118.064,15.8042428253624,53,113.213,4.850999999999999
942,Mercedes,131,1,False,115.965,17.59402516846123,53,113.213,2.7520000000000095
942,Mercedes,131,3,False,116.124,17.893068064450862,53,113.213,2.9110000000000014
942,RB F1 Team,215,828,True,119.512,10.392322432522098,23,113.213,6.299000000000007
942,RB F1 Team,215,831,True,113.213,12.471464715722458,50,113.213,0.0
942,Red Bull,9,817,False,115.0565,15.575910883207731,52,113.213,1.843500000000006
942,Red Bull,9,826,False,117.123,15.756769656246165,39,113.213,3.910000000000011
942,Unknown Team,216,830,True,117.15,16.75170640285363,54,113.213,3.937000000000012
942,Unknown Team,216,832,True,116.87100000000001,14.813753324145862,52,113.213,3.6580000000000155
942,Williams,3,13,True,119.305,8.039364938655488,22,113.213,6.092000000000013
942,Williams,3,822,True,153.381,2.0392959569420133,2,113.213,40.168000000000006
943,Aston Martin,117,807,True,83.5195,1.1513723171007482,62,82.671,0.8484999999999872
943,Aston Martin,117,815,True,83.8155,1.1283087971256134,62,82.671,1.1444999999999936
943,Ferrari,6,8,False,85.40350000000001,0.8961827468711167,20,82.671,2.7325000000000017
943,Ferrari,6,20,False,84.024,1.0352117223549226,45,82.671,1.3529999999999944
943,Lotus F1,208,154,True,83.916,1.3334385837875007,63,82.671,1.2449999999999903
943,Lotus F1,208,813,True,83.963,1.2908573723538856,63,82.671,1.2919999999999874
943,Manor Marussia,209,829,True,87.977,1.090458612305416,63,82.671,5.305999999999997
943,Manor Marussia,209,834,True,87.7705,1.4471774462084441,62,82.671,5.099499999999992
943,McLaren,1,18,False,85.573,1.5827824550617113,63,82.671,2.901999999999987
943,Mercedes,131,1,False,82.671,1.484198302114647,61,82.671,0.0
943,Mercedes,131,3,False,82.767,1.6838518137664253,62,82.671,0.09599999999998943
943,RB F1 Team,215,828,True,84.404,1.4422533466236116,61,82.671,1.7329999999999899
943,RB F1 Team,215,831,True,84.837,1.5944553449609205,48,82.671,2.165999999999997
943,Red Bull,9,817,False,83.397,1.4978418582957471,63,82.671,0.7259999999999991
943,Red Bull,9,826,False,83.441,1.3587864589644156,63,82.671,0.769999999999996
943,Unknown Team,216,830,True,83.932,1.2072268136605833,63,82.671,1.2609999999999957
943,Unknown Team,216,832,True,84.123,1.1641781864159684,61,82.671,1.4519999999999982
943,Williams,3,13,True,83.5885,1.1008236697959772,62,82.671,0.9174999999999898
943,Williams,3,822,True,83.33449999999999,1.1954579607221778,62,82.671,0.6634999999999849
944,Aston Martin,117,807,True,77.689,0.5385352405260678,65,76.1395,1.5494999999999948
944,Aston Martin,117,815,True,78.112,0.8079669859898279,62,76.1395,1.9724999999999966
944,Ferrari,6,8,False,77.1315,0.550006745667469,66,76.1395,0.9920000000000044
944,Ferrari,6,20,False,76.1395,0.6427016805243371,64,76.1395,0.0
944,Lotus F1,208,154,True,77.798,0.9733869653595151,63,76.1395,1.6585000000000036
944,Lotus F1,208,813,True,78.011,0.9850452469107959,65,76.1395,1.8714999999999975
944,Manor Marussia,209,829,True,80.715,0.6499453503421472,51,76.1395,4.575500000000005
944,Manor Marussia,209,834,True,80.625,0.6127859489184755,45,76.1395,4.485500000000002
944,McLaren,1,4,False,78.337,0.8673021361623127,63,76.1395,2.197500000000005
944,McLaren,1,18,False,77.925,0.8078486135956897,63,76.1395,1.785499999999999
944,Mercedes,131,1,False,76.309,0.8714699954012386,65,76.1395,0.16949999999999932
944,Mercedes,131,3,False,76.153,0.7859510765381849,65,76.1395,0.013500000000007617
944,RB F1 Team,215,828,True,77.9185,0.8944029675875402,62,76.1395,1.7789999999999964
944,RB F1 Team,215,831,True,78.196,0.6425593365297299,65,76.1395,2.0564999999999998
944,Red Bull,9,817,False,77.739,0.873044370060428,63,76.1395,1.5995000000000061
944,Red Bull,9,826,False,77.747,0.6134246917135304,65,76.1395,1.6075000000000017
944,Unknown Team,216,830,True,77.904,0.7906494851038203,63,76.1395,1.7644999999999982
944,Williams,3,13,True,77.765,0.9223558307648004,63,76.1395,1.6255000000000024
944,Williams,3,822,True,77.354,0.6470806323106384,65,76.1395,1.214500000000001
945,Aston Martin,117,807,True,108.068,1.0151406791333868,51,106.975,1.0930000000000035
945,Aston Martin,117,815,True,107.795,1.1716698460894552,51,106.975,0.8200000000000074
945,Ferrari,6,8,False,107.22,1.163565767329873,51,106.975,0.24500000000000455
945,Ferrari,6,20,False,107.118,1.4672885035510566,50,106.975,0.14300000000000068
945,Lotus F1,208,154,True,108.031,1.2134484557219043,50,106.975,1.0560000000000116
945,Manor Marussia,209,829,True,111.84,1.1202154119211647,42,106.975,4.865000000000009
945,Manor Marussia,209,833,True,112.6915,0.6424837321010479,24,106.975,5.716500000000011
945,McLaren,1,4,False,108.85050000000001,1.2534255696037855,42,106.975,1.8755000000000166
945,McLaren,1,18,False,109.054,0.9161455404904547,49,106.975,2.0790000000000077
945,Mercedes,131,1,False,106.975,1.0252074227237407,51,106.975,0.0
945,Mercedes,131,3,False,106.999,0.852272867103018,51,106.975,0.02400000000000091
945,RB F1 Team,215,828,True,108.79,1.3580396538873951,49,106.975,1.815000000000012
945,RB F1 Team,215,831,True,108.624,1.0524381093907946,47,106.975,1.649000000000001
945,Red Bull,9,817,False,107.4255,1.0007565334204327,50,106.975,0.45050000000000523
945,Red Bull,9,826,False,108.31049999999999,0.9124684716946267,50,106.975,1.3354999999999961
945,Unknown Team,216,830,True,108.356,0.9773243306925096,47,106.975,1.3810000000000002
945,Unknown Team,216,832,True,108.36,0.8829194023354596,50,106.975,1.3850000000000051
945,Williams,3,13,True,108.1505,0.8151245155915593,50,106.975,1.1754999999999995
945,Williams,3,822,True,108.3125,0.9404919319296755,48,106.975,1.3375000000000057
948,Alpine F1 Team,214,154,True,93.48,0.8262706628416943,53,91.358,2.122
948,Alpine F1 Team,214,821,True,94.4285,1.1263220607869673,14,91.358,3.0704999999999956
948,Alpine F1 Team,214,825,True,93.57,1.3075141614196635,49,91.358,2.211999999999989
948,Alpine F1 Team,214,835,True,93.565,0.6246505062048361,51,91.358,2.2069999999999936
948,Aston Martin,117,807,True,93.51050000000001,0.5978115518988434,52,91.358,2.1525000000000034
948,Aston Martin,117,815,True,94.00399999999999,0.7524069602188838,52,91.358,2.6459999999999866
948,Ferrari,6,8,False,92.36099999999999,0.9483462777382577,16,91.358,1.002999999999986
948,Ferrari,6,20,False,91.358,1.4472983683812999,52,91.358,0.0
948,Manor Marussia,209,836,True,94.827,1.0695790390730957,44,91.358,3.468999999999994
948,Manor Marussia,209,837,True,94.982,0.8916887408765827,12,91.358,3.6239999999999952
948,McLaren,1,4,False,94.359,0.6407809738204286,13,91.358,3.0009999999999906
948,McLaren,1,18,False,93.587,1.3008625108399607,49,91.358,2.228999999999999
948,Mercedes,131,1,False,91.83500000000001,1.140618478865218,52,91.358,0.47700000000000387
948,Mercedes,131,3,False,91.8055,0.7821263980257235,52,91.358,0.4474999999999909
948,RB F1 Team,215,828,True,94.57249999999999,0.6866389144598303,30,91.358,3.214499999999987
948,RB F1 Team,215,831,True,94.044,1.0090281048177305,48,91.358,2.685999999999993
948,Red Bull,9,817,False,92.119,1.6307156893854484,51,91.358,0.7609999999999957
948,Unknown Team,216,830,True,92.776,0.9286889055724371,49,91.358,1.4179999999999922
948,Unknown Team,216,832,True,92.959,1.0100774381305675,50,91.358,1.600999999999999
948,Williams,3,13,True,92.951,0.7212321423350803,51,91.358,1.5929999999999893
948,Williams,3,822,True,93.509,0.9491899659377177,53,91.358,2.1509999999999962
949,Alpine F1 Team,214,154,True,97.996,1.4945729670128294,51,97.264,0.7319999999999993
949,Alpine F1 Team,214,821,True,99.803,0.269411952221874,6,97.264,2.5390000000000015
949,Alpine F1 Team,214,825,True,99.174,1.4374755907421841,49,97.264,1.9100000000000108
949,Aston Martin,117,807,True,99.017,1.7287797841569985,48,97.264,1.7530000000000001
949,Aston Martin,117,815,True,99.286,2.054156160644298,49,97.264,2.0220000000000056
949,Ferrari,6,8,False,97.313,1.6580609187228506,51,97.264,0.049000000000006594
949,Manor Marussia,209,836,True,99.836,1.6535690887569707,49,97.264,2.5720000000000027
949,Manor Marussia,209,837,True,99.787,1.7607919040169508,49,97.264,2.5230000000000103
949,McLaren,1,18,False,99.751,0.3296728681587261,5,97.264,2.487000000000009
949,McLaren,1,838,False,99.346,1.2010719758434256,49,97.264,2.082000000000008
949,Mercedes,131,1,False,97.844,1.8207119210923692,51,97.264,0.5799999999999983
949,Mercedes,131,3,False,97.264,1.0640737472599515,51,97.264,0.0
949,RB F1 Team,215,828,True,99.861,0.9916125302738332,51,97.264,2.5970000000000084
949,RB F1 Team,215,831,True,99.916,1.5796978005797435,49,97.264,2.652000000000001
949,Red Bull,9,817,False,98.339,1.415798098212432,51,97.264,1.0750000000000028
949,Red Bull,9,826,False,98.887,1.6659107741661843,49,97.264,1.6230000000000047
949,Unknown Team,216,830,True,98.60249999999999,1.373991365715665,50,97.264,1.3384999999999962
949,Unknown Team,216,832,True,101.047,1.3533083235088235,24,97.264,3.7830000000000013
949,Williams,3,13,True,99.4125,1.1426596998530172,52,97.264,2.1484999999999985
949,Williams,3,822,True,99.373,1.3708946919696665,51,97.264,2.109000000000009
950,Alpine F1 Team,214,154,True,103.563,2.0938541968254754,43,101.564,1.9990000000000094
950,Alpine F1 Team,214,821,True,103.284,1.8643981856578806,43,101.564,1.720000000000013
950,Alpine F1 Team,214,825,True,103.806,1.3987208864465455,45,101.564,2.2420000000000044
950,Alpine F1 Team,214,835,True,103.913,1.4717443475367655,42,101.564,2.3490000000000038
950,Aston Martin,117,807,True,103.175,1.5021014807099313,44,101.564,1.6110000000000042
950,Aston Martin,117,815,True,103.438,0.9459689514826984,47,101.564,1.8740000000000094
950,Ferrari,6,8,False,102.816,1.1989285292217584,45,101.564,1.2520000000000095
950,Ferrari,6,20,False,102.147,1.2355135954688417,47,101.564,0.5830000000000126
950,Manor Marussia,209,836,True,103.598,1.3883842414014342,43,101.564,2.034000000000006
950,Manor Marussia,209,837,True,103.924,1.5695557338146389,43,101.564,2.3600000000000136
950,McLaren,1,4,False,103.518,0.8931702793007175,46,101.564,1.9540000000000077
950,McLaren,1,18,False,103.854,1.5969416349913714,47,101.564,2.2900000000000063
950,Mercedes,131,1,False,103.007,1.0626735152435127,45,101.564,1.443000000000012
950,Mercedes,131,3,False,101.564,0.7604342258478863,47,101.564,0.0
950,RB F1 Team,215,828,True,104.148,1.031506653819184,47,101.564,2.584000000000003
950,RB F1 Team,215,831,True,104.356,1.277349288190355,45,101.564,2.7920000000000016
950,Red Bull,9,817,False,102.52250000000001,1.1630443071467502,46,101.564,0.958500000000015
950,Red Bull,9,826,False,102.372,0.7149919376190955,47,101.564,0.8080000000000069
950,Unknown Team,216,830,True,102.9905,1.2904835029931983,46,101.564,1.4265000000000043
950,Unknown Team,216,832,True,103.293,1.0996317531789552,47,101.564,1.7290000000000134
950,Williams,3,13,True,103.034,1.0810890755479905,47,101.564,1.470000000000013
950,Williams,3,822,True,103.274,1.3189503118273098,47,101.564,1.710000000000008
951,Alpine F1 Team,214,154,True,103.545,1.0077695432780889,47,101.33850000000001,2.2064999999999912
951,Alpine F1 Team,214,821,True,104.313,1.3540441337669578,47,101.33850000000001,2.974499999999992
951,Alpine F1 Team,214,825,True,103.485,1.0380621809804416,47,101.33850000000001,2.146499999999989
951,Alpine F1 Team,214,835,True,103.667,0.9718693165995248,47,101.33850000000001,2.328499999999991
951,Aston Martin,117,815,True,103.12,1.1559454816390469,47,101.33850000000001,1.781499999999994
951,Ferrari,6,8,False,101.7005,0.9985207620889496,48,101.33850000000001,0.36199999999999477
951,Manor Marussia,209,836,True,104.4175,1.1876721607582592,42,101.33850000000001,3.0789999999999935
951,McLaren,1,4,False,103.324,1.0746651897778488,47,101.33850000000001,1.9854999999999876
951,McLaren,1,18,False,103.335,1.1732922058762703,47,101.33850000000001,1.9964999999999833
951,Mercedes,131,1,False,101.4705,0.9643134622400777,48,101.33850000000001,0.1319999999999908
951,Mercedes,131,3,False,101.33850000000001,0.8525630316645065,48,101.33850000000001,0.0
951,RB F1 Team,215,828,True,104.004,1.3775597298976552,47,101.33850000000001,2.6654999999999944
951,RB F1 Team,215,831,True,104.302,1.3586410940979643,47,101.33850000000001,2.9634999999999962
951,Red Bull,9,817,False,103.971,1.7562997350913498,47,101.33850000000001,2.632499999999993
951,Red Bull,9,826,False,103.80099999999999,1.1245295432845699,46,101.33850000000001,2.4624999999999773
951,Unknown Team,216,830,True,103.5615,0.7775194854565054,28,101.33850000000001,2.2229999999999848
951,Unknown Team,216,832,True,103.392,1.1494058554472952,47,101.33850000000001,2.0534999999999854
951,Williams,3,13,True,102.251,1.2010978464367503,46,101.33850000000001,0.9124999999999943
951,Williams,3,822,True,102.1885,0.6585859095561972,48,101.33850000000001,0.8499999999999943
952,Alpine F1 Team,214,154,True,91.948,1.163576332613465,45,89.948,2.0
952,Alpine F1 Team,214,821,True,91.436,1.151393614799412,58,89.948,1.4880000000000138
952,Alpine F1 Team,214,825,True,92.3595,1.3658503692457837,56,89.948,2.4115000000000038
952,Alpine F1 Team,214,835,True,92.41550000000001,1.0555262875926625,58,89.948,2.4675000000000153
952,Aston Martin,117,807,True,92.286,0.49998949512774354,15,89.948,2.338000000000008
952,Aston Martin,117,815,True,91.541,0.802832637790455,59,89.948,1.5930000000000035
952,Ferrari,6,8,False,90.232,0.8625735567783798,59,89.948,0.284000000000006
952,Ferrari,6,20,False,89.948,0.9568563575440382,57,89.948,0.0
952,Manor Marussia,209,836,True,92.6515,0.7081576073973199,58,89.948,2.7035000000000053
952,Manor Marussia,209,837,True,92.713,1.5783260579265326,56,89.948,2.7650000000000006
952,McLaren,1,4,False,92.2495,0.8830088433046368,38,89.948,2.3015000000000043
952,McLaren,1,18,False,91.8895,0.8417717523180603,58,89.948,1.9415000000000049
952,RB F1 Team,215,828,True,91.61449999999999,0.9789643426044209,56,89.948,1.6664999999999992
952,RB F1 Team,215,831,True,92.6525,0.9770596203993256,58,89.948,2.70450000000001
952,Red Bull,9,817,False,90.157,0.8376331063630605,55,89.948,0.20900000000000318
952,Red Bull,9,830,False,90.288,0.6979159387134185,59,89.948,0.3400000000000034
952,Unknown Team,216,826,True,91.0485,1.378167260196643,56,89.948,1.100500000000011
952,Unknown Team,216,832,True,91.221,0.8053121603628418,59,89.948,1.2730000000000103
952,Williams,3,13,True,90.673,1.097642277873546,57,89.948,0.7250000000000085
952,Williams,3,822,True,91.166,0.9708304136114584,59,89.948,1.2180000000000035
953,Alpine F1 Team,214,154,True,88.943,12.603258577248594,71,82.132,6.810999999999993
953,Alpine F1 Team,214,821,True,87.8665,11.308856493303304,70,82.132,5.734499999999997
953,Alpine F1 Team,214,825,True,100.327,11.922489344372128,25,82.132,18.194999999999993
953,Alpine F1 Team,214,835,True,125.2575,4.559267146885189,4,82.132,43.12549999999999
953,Aston Martin,117,807,True,86.226,11.342994137742163,71,82.132,4.093999999999994
953,Aston Martin,117,815,True,82.549,11.735571804144064,71,82.132,0.4170000000000016
953,Ferrari,6,8,False,121.263,8.419279034850119,6,82.132,39.131
953,Ferrari,6,20,False,82.132,11.804262311705093,71,82.132,0.0
953,Manor Marussia,209,836,True,91.131,12.718980569165026,73,82.132,8.998999999999995
953,Manor Marussia,209,837,True,93.015,12.775858486644212,69,82.132,10.882999999999996
953,McLaren,1,4,False,85.413,12.098554584027443,72,82.132,3.2809999999999917
953,McLaren,1,18,False,86.662,12.224955689183663,72,82.132,4.530000000000001
953,Mercedes,131,1,False,82.696,10.891659941020231,71,82.132,0.563999999999993
953,Mercedes,131,3,False,85.81,11.371011672845299,71,82.132,3.6779999999999973
953,RB F1 Team,215,828,True,97.047,12.738292145330869,45,82.132,14.914999999999992
953,RB F1 Team,215,831,True,97.653,11.928938477612242,43,82.132,15.521
953,Red Bull,9,817,False,83.583,12.428203467279573,72,82.132,1.4509999999999934
953,Red Bull,9,830,False,97.8095,12.482364359183013,30,82.132,15.677499999999995
953,Unknown Team,216,826,True,100.939,7.271333314559892,15,82.132,18.806999999999988
953,Unknown Team,216,832,True,86.631,11.397630664983055,70,82.132,4.498999999999995
953,Williams,3,13,True,85.574,12.854930822105532,72,82.132,3.441999999999993
953,Williams,3,822,True,86.519,11.901049996195097,69,82.132,4.3870000000000005
954,Alpine F1 Team,214,154,True,78.744,1.060270172024852,63,77.292,1.4519999999999982
954,Alpine F1 Team,214,821,True,79.288,1.1127566425872826,63,77.292,1.9959999999999951
954,Alpine F1 Team,214,825,True,79.865,1.0073735651405507,63,77.292,2.5729999999999933
954,Alpine F1 Team,214,835,True,80.631,0.7200295310895375,13,77.292,3.3389999999999986
954,Aston Martin,117,807,True,78.601,1.0149313476214192,65,77.292,1.3089999999999975
954,Aston Martin,117,815,True,78.819,1.2582728579668851,65,77.292,1.527000000000001
954,Ferrari,6,8,False,77.975,0.802985886417452,67,77.292,0.6829999999999927
954,Ferrari,6,20,False,77.459,0.754214167463412,67,77.292,0.1670000000000016
954,Manor Marussia,209,836,True,79.582,0.9571773288796668,62,77.292,2.289999999999992
954,Manor Marussia,209,837,True,80.038,0.9395988499519855,59,77.292,2.745999999999995
954,McLaren,1,4,False,79.0155,0.967827990578545,66,77.292,1.7235000000000014
954,McLaren,1,18,False,79.75999999999999,0.7502688922741575,8,77.292,2.4679999999999893
954,Mercedes,131,1,False,77.292,0.8482511167296022,67,77.292,0.0
954,Mercedes,131,3,False,77.743,1.254008326788081,65,77.292,0.4509999999999934
954,RB F1 Team,215,828,True,79.286,1.0386411898482166,63,77.292,1.9939999999999998
954,RB F1 Team,215,831,True,79.678,1.084337816869306,61,77.292,2.3859999999999957
954,Red Bull,9,817,False,77.9145,0.8488007688624312,66,77.292,0.6225000000000023
954,Red Bull,9,830,False,77.87049999999999,0.8324350973951511,66,77.292,0.5784999999999911
954,Unknown Team,216,826,True,78.8715,0.9746593198048946,64,77.292,1.579499999999996
954,Unknown Team,216,832,True,78.415,1.1558507974065586,65,77.292,1.1230000000000047
954,Williams,3,13,True,78.93,0.7664048427981881,32,77.292,1.6380000000000052
954,Williams,3,822,True,77.771,0.8240835733505001,67,77.292,0.4789999999999992
955,Alpine F1 Team,214,154,True,109.953,1.9324811724356132,45,108.208,1.7450000000000045
955,Alpine F1 Team,214,821,True,110.362,1.9319445905641555,45,108.208,2.1539999999999964
955,Alpine F1 Team,214,825,True,110.77,1.2175306081095634,47,108.208,2.5619999999999976
955,Alpine F1 Team,214,835,True,110.3995,1.7179112573897335,44,108.208,2.191500000000005
955,Aston Martin,117,807,True,109.533,1.696189571379548,48,108.208,1.3250000000000028
955,Aston Martin,117,815,True,108.368,2.1296650075111785,49,108.208,0.1599999999999966
955,Ferrari,6,8,False,108.709,1.798353567216716,49,108.208,0.5010000000000048
955,Ferrari,6,20,False,108.208,1.8530800837440047,49,108.208,0.0
955,Manor Marussia,209,836,True,112.0145,1.2981493747663857,36,108.208,3.8064999999999998
955,Manor Marussia,209,837,True,112.635,1.149561248805325,47,108.208,4.427000000000007
955,McLaren,1,4,False,110.837,1.254062638621899,36,108.208,2.629000000000005
955,McLaren,1,18,False,109.859,1.503885141286336,45,108.208,1.6509999999999962
955,Mercedes,131,1,False,109.2445,1.4423743403113736,48,108.208,1.0365000000000038
955,Mercedes,131,3,False,108.942,1.352103365521455,49,108.208,0.7339999999999947
955,RB F1 Team,215,828,True,110.788,1.6102673854131342,45,108.208,2.5799999999999983
955,RB F1 Team,215,831,True,110.297,1.557039170926015,45,108.208,2.0889999999999986
955,Red Bull,9,817,False,109.032,1.592011875359572,47,108.208,0.8239999999999981
955,Red Bull,9,830,False,108.811,1.8877567102520019,46,108.208,0.6030000000000086
955,Unknown Team,216,826,True,114.524,0.8586654373697228,3,108.208,6.3160000000000025
955,Unknown Team,216,832,True,111.03450000000001,1.1361186564520689,26,108.208,2.82650000000001
955,Williams,3,13,True,109.838,1.4523898286936392,46,108.208,1.6299999999999955
955,Williams,3,822,True,109.294,1.6682485650593903,48,108.208,1.0859999999999985
956,Alpine F1 Team,214,154,True,71.526,1.2664998323714043,64,69.537,1.98899999999999
956,Alpine F1 Team,214,821,True,71.735,1.4823701638750402,59,69.537,2.1979999999999933
956,Alpine F1 Team,214,825,True,71.999,0.9993983444290222,59,69.537,2.461999999999989
956,Alpine F1 Team,214,835,True,71.874,1.1866565429907676,59,69.537,2.336999999999989
956,Aston Martin,117,807,True,71.965,0.933236517913523,50,69.537,2.4279999999999973
956,Aston Martin,117,815,True,71.4065,1.0232341691772038,60,69.537,1.869499999999988
956,Ferrari,6,8,False,70.513,0.9709720010011199,63,69.537,0.9759999999999991
956,Ferrari,6,20,False,71.753,0.48665164474533024,25,69.537,2.215999999999994
956,Manor Marussia,209,836,True,71.715,0.854203697824493,61,69.537,2.1779999999999973
956,Manor Marussia,209,837,True,72.152,1.3820638586149365,61,69.537,2.614999999999995
956,McLaren,1,4,False,71.7945,0.8268710728638807,54,69.537,2.257499999999993
956,McLaren,1,18,False,71.1505,0.9274268692634676,62,69.537,1.6134999999999877
956,Mercedes,131,1,False,69.61699999999999,1.367070077105258,62,69.537,0.07999999999998408
956,Mercedes,131,3,False,69.537,1.132375012621276,60,69.537,0.0
956,RB F1 Team,215,828,True,71.984,1.1588572872259109,59,69.537,2.4469999999999885
956,RB F1 Team,215,831,True,72.161,1.1089172282572304,61,69.537,2.6239999999999952
956,Red Bull,9,817,False,70.418,0.9935482310545941,61,69.537,0.8810000000000002
956,Red Bull,9,830,False,70.329,0.8274144615875746,63,69.537,0.7919999999999874
956,Unknown Team,216,832,True,71.5235,1.0935442018821742,62,69.537,1.9864999999999924
956,Williams,3,13,True,71.659,1.0846791429437872,51,69.537,2.122
956,Williams,3,822,True,71.492,0.782502948870624,59,69.537,1.9549999999999983
957,Alpine F1 Team,214,154,True,116.996,10.222119060689376,11,97.6255,19.370499999999993
957,Alpine F1 Team,214,821,True,100.427,7.964486449774268,43,97.6255,2.8015000000000043
957,Alpine F1 Team,214,825,True,101.31,11.528649597620513,42,97.6255,3.6845
957,Alpine F1 Team,214,835,True,105.128,9.363668446748147,27,97.6255,7.502499999999998
957,Aston Martin,117,807,True,98.5375,10.84893814746568,46,97.6255,0.9119999999999919
957,Aston Martin,117,815,True,99.241,8.797455498579962,45,97.6255,1.6154999999999973
957,Ferrari,6,8,False,98.663,10.982263139785791,46,97.6255,1.0374999999999943
957,Ferrari,6,20,False,99.15299999999999,11.093312793668272,46,97.6255,1.5274999999999892
957,Manor Marussia,209,837,True,116.263,9.409168335325928,16,97.6255,18.637500000000003
957,McLaren,1,4,False,99.179,11.54476247582211,44,97.6255,1.5534999999999997
957,McLaren,1,18,False,99.333,8.02070765409296,43,97.6255,1.707499999999996
957,Mercedes,131,1,False,97.861,9.261682078119595,45,97.6255,0.23550000000000182
957,Mercedes,131,3,False,97.673,9.383510747824902,45,97.6255,0.04749999999999943
957,RB F1 Team,215,828,True,121.9615,2.3695148237561203,2,97.6255,24.336
957,RB F1 Team,215,831,True,100.0675,9.705442811022783,44,97.6255,2.441999999999993
957,Red Bull,9,817,False,97.6255,7.318198394663651,44,97.6255,0.0
957,Red Bull,9,830,False,97.707,9.260932734019852,45,97.6255,0.08149999999999125
957,Unknown Team,216,826,True,98.94550000000001,7.818146440920008,44,97.6255,1.3200000000000074
957,Unknown Team,216,832,True,98.8785,10.687989840423004,46,97.6255,1.2530000000000001
957,Williams,3,13,True,99.343,8.577269103988156,42,97.6255,1.7175000000000011
957,Williams,3,822,True,100.651,11.207003464194363,45,97.6255,3.025499999999994
958,Alpine F1 Team,214,154,True,87.372,0.9131369531664492,64,85.604,1.7680000000000007
958,Alpine F1 Team,214,821,True,87.132,1.0376209888337136,64,85.604,1.5280000000000058
958,Alpine F1 Team,214,825,True,87.289,0.9712679395852962,64,85.604,1.6850000000000023
958,Alpine F1 Team,214,835,True,87.067,0.9435032379165588,63,85.604,1.4629999999999939
958,Aston Martin,117,807,True,86.7355,1.0568835419196099,64,85.604,1.1315000000000026
958,Aston Martin,117,815,True,86.82499999999999,1.0979980009631294,64,85.604,1.2209999999999894
958,Ferrari,6,8,False,86.315,1.3222600822077395,65,85.604,0.7109999999999985
958,Ferrari,6,20,False,85.832,0.7787607889115676,65,85.604,0.22799999999999443
958,Manor Marussia,209,836,True,88.37899999999999,1.16185310000391,60,85.604,2.7749999999999915
958,Manor Marussia,209,837,True,88.9085,0.6918360408005586,62,85.604,3.3045000000000044
958,McLaren,1,4,False,86.5955,0.81002110495728,64,85.604,0.991500000000002
958,McLaren,1,18,False,87.313,0.698328222172321,51,85.604,1.7090000000000032
958,Mercedes,131,1,False,85.622,1.0888980109824953,66,85.604,0.018000000000000682
958,Mercedes,131,3,False,85.604,0.956132409813695,65,85.604,0.0
958,RB F1 Team,215,828,True,87.6695,1.3771924581069543,60,85.604,2.0655
958,RB F1 Team,215,831,True,87.4435,1.0488984958343162,64,85.604,1.839500000000001
958,Red Bull,9,817,False,85.853,0.6167424725149514,65,85.604,0.24899999999999523
958,Red Bull,9,830,False,86.195,0.6896591295008482,65,85.604,0.590999999999994
958,Unknown Team,216,826,True,87.144,1.3282565983355195,64,85.604,1.5400000000000063
958,Unknown Team,216,832,True,86.80350000000001,0.8796284782069,64,85.604,1.1995000000000147
958,Williams,3,13,True,88.2815,0.96628450868192,62,85.604,2.677499999999995
958,Williams,3,822,True,86.96449999999999,0.8469143957919283,64,85.604,1.3604999999999876
959,Alpine F1 Team,214,154,True,82.404,1.0837785746669406,61,80.36,2.043999999999997
959,Alpine F1 Team,214,821,True,81.865,1.294155001020616,61,80.36,1.5049999999999955
959,Alpine F1 Team,214,825,True,82.581,0.641922064281969,61,80.36,2.2210000000000036
959,Alpine F1 Team,214,835,True,82.946,1.0747733693776105,58,80.36,2.5859999999999985
959,Aston Martin,117,807,True,81.2695,0.7153301341670468,60,80.36,0.9094999999999942
959,Aston Martin,117,815,True,81.703,1.075570104492759,59,80.36,1.3430000000000035
959,Ferrari,6,8,False,80.6865,0.6964958853874057,60,80.36,0.3264999999999958
959,Ferrari,6,20,False,80.557,0.7593442897910846,59,80.36,0.19700000000000273
959,Manor Marussia,209,836,True,82.56,1.0175742654285322,58,80.36,2.200000000000003
959,Manor Marussia,209,837,True,83.023,1.002306575939619,58,80.36,2.6629999999999967
959,McLaren,1,4,False,81.7825,1.1108039288826128,58,80.36,1.4224999999999994
959,McLaren,1,18,False,81.736,0.8888461784417225,59,80.36,1.3760000000000048
959,Mercedes,131,1,False,80.531,0.8444449947630214,61,80.36,0.17100000000000648
959,Mercedes,131,3,False,80.36,0.7919814903603725,60,80.36,0.0
959,RB F1 Team,215,828,True,83.093,0.928160786054413,59,80.36,2.733000000000004
959,RB F1 Team,215,831,True,83.036,0.926509232087222,50,80.36,2.676000000000002
959,Red Bull,9,817,False,80.72,0.9115358591952774,60,80.36,0.35999999999999943
959,Red Bull,9,830,False,80.659,1.0739303589372016,61,80.36,0.2990000000000066
959,Unknown Team,216,826,True,81.909,1.1909835149592771,59,80.36,1.5490000000000066
959,Unknown Team,216,832,True,81.839,1.0164020196058283,59,80.36,1.4789999999999992
959,Williams,3,13,True,82.757,0.8866935730415091,31,80.36,2.3970000000000056
959,Williams,3,822,True,81.878,1.0377086664601582,59,80.36,1.5180000000000007
960,Alpine F1 Team,214,154,True,115.322,1.776090961691345,35,113.531,1.7909999999999968
960,Alpine F1 Team,214,821,True,115.288,1.3178231267045424,35,113.531,1.7569999999999908
960,Alpine F1 Team,214,825,True,116.69749999999999,0.1548563850798648,2,113.531,3.166499999999985
960,Alpine F1 Team,214,835,True,115.881,1.2714204555529154,32,113.531,2.3499999999999943
960,Aston Martin,117,807,True,114.3075,1.3732111746409414,36,113.531,0.7764999999999986
960,Aston Martin,117,815,True,114.7055,0.8482036003186851,34,113.531,1.1744999999999948
960,Ferrari,6,8,False,114.93,1.1904337653056654,35,113.531,1.399000000000001
960,Ferrari,6,20,False,114.717,1.0624414827187865,35,113.531,1.1859999999999928
960,Manor Marussia,209,839,True,116.929,1.292198386561341,34,113.531,3.397999999999996
960,McLaren,1,4,False,115.273,1.3834059436918755,35,113.531,1.7419999999999902
960,Mercedes,131,1,False,113.57650000000001,1.4387862660433053,32,113.531,0.04550000000000409
960,Mercedes,131,3,False,113.531,1.0618531551094408,36,113.531,0.0
960,RB F1 Team,215,831,True,116.7885,0.8612819658957201,34,113.531,3.257499999999993
960,Red Bull,9,817,False,113.659,1.948926111298629,36,113.531,0.1280000000000001
960,Red Bull,9,830,False,114.63,1.1873944937181269,33,113.531,1.0989999999999895
960,Unknown Team,216,826,True,115.7495,1.3406132680515235,32,113.531,2.2184999999999917
960,Williams,3,13,True,115.352,1.315084947890464,35,113.531,1.820999999999998
960,Williams,3,822,True,115.126,1.481264543239598,35,113.531,1.5949999999999989
961,Alpine F1 Team,214,154,True,89.057,1.1386606282648621,49,87.008,2.0490000000000066
961,Alpine F1 Team,214,821,True,88.406,1.2102207297084664,47,87.008,1.3980000000000103
961,Alpine F1 Team,214,825,True,89.953,0.8662076836165405,47,87.008,2.9450000000000074
961,Alpine F1 Team,214,835,True,91.406,0.042035699113967435,3,87.008,4.39800000000001
961,Aston Martin,117,807,True,88.0595,0.8370863281844682,48,87.008,1.0515000000000043
961,Aston Martin,117,815,True,87.7865,0.7337424616307855,48,87.008,0.7785000000000082
961,Ferrari,6,8,False,87.195,0.7910035287424408,49,87.008,0.1869999999999976
961,Ferrari,6,20,False,87.008,0.7306413721011408,49,87.008,0.0
961,Manor Marussia,209,836,True,89.353,0.5141396589768313,23,87.008,2.344999999999999
961,Manor Marussia,209,839,True,90.57900000000001,0.9127054815125739,44,87.008,3.571000000000012
961,McLaren,1,4,False,88.563,0.8670506387178245,45,87.008,1.5550000000000068
961,McLaren,1,18,False,88.257,1.0247303541895374,47,87.008,1.2490000000000094
961,Mercedes,131,1,False,87.39,0.9099704408041274,51,87.008,0.382000000000005
961,Mercedes,131,3,False,87.099,0.48240996071399883,51,87.008,0.09100000000000819
961,RB F1 Team,215,828,True,89.796,0.5541497532071923,49,87.008,2.788000000000011
961,Red Bull,9,817,False,87.635,1.0160072383272283,49,87.008,0.6270000000000095
961,Red Bull,9,830,False,87.5685,0.8889609858191313,48,87.008,0.5605000000000047
961,Unknown Team,216,826,True,89.829,0.8649132071566342,31,87.008,2.820999999999998
961,Unknown Team,216,832,True,88.734,1.2976306904819543,47,87.008,1.725999999999999
961,Williams,3,13,True,87.864,0.9176278040637046,48,87.008,0.8560000000000088
961,Williams,3,822,True,87.752,0.817190773965556,49,87.008,0.7439999999999998
962,Alpine F1 Team,214,821,True,113.0335,1.527647216643466,54,110.798,2.235500000000002
962,Alpine F1 Team,214,825,True,112.96,1.2602958400599455,54,110.798,2.161999999999992
962,Alpine F1 Team,214,835,True,113.72,1.4160484487806912,54,110.798,2.921999999999997
962,Aston Martin,117,815,True,113.46,1.0455376202765396,57,110.798,2.661999999999992
962,Ferrari,6,8,False,110.801,1.4193175701800445,53,110.798,0.0030000000000001137
962,Ferrari,6,20,False,111.272,2.2558441144473567,55,110.798,0.47400000000000375
962,Manor Marussia,209,836,True,114.227,1.2248270547779545,54,110.798,3.429000000000002
962,Manor Marussia,209,839,True,114.5315,1.6193292500291547,50,110.798,3.7334999999999923
962,McLaren,1,4,False,112.595,0.796411620558287,55,110.798,1.796999999999997
962,McLaren,1,18,False,114.1125,1.4424466604536803,36,110.798,3.3144999999999953
962,Mercedes,131,1,False,110.921,1.7817135579175851,53,110.798,0.12300000000000466
962,Mercedes,131,3,False,111.047,0.5468311479580341,55,110.798,0.24899999999999523
962,RB F1 Team,215,828,True,113.682,1.375073962497243,52,110.798,2.8840000000000003
962,RB F1 Team,215,831,True,113.3475,1.156916596014064,54,110.798,2.5494999999999948
962,Red Bull,9,817,False,110.798,1.304270191417635,53,110.798,0.0
962,Red Bull,9,830,False,111.91,1.5815005089919953,53,110.798,1.1119999999999948
962,Unknown Team,216,826,True,112.952,1.0431941195404444,55,110.798,2.1539999999999964
962,Unknown Team,216,832,True,113.119,1.162383304770702,52,110.798,2.320999999999998
962,Williams,3,13,True,112.8505,0.9783526036757748,52,110.798,2.052499999999995
962,Williams,3,822,True,114.09049999999999,1.6102719770274776,26,110.798,3.2924999999999898
963,Alpine F1 Team,214,154,True,102.734,0.4887202676378354,5,99.51750000000001,3.216499999999982
963,Alpine F1 Team,214,821,True,103.024,0.7376590318784352,31,99.51750000000001,3.5064999999999884
963,Alpine F1 Team,214,825,True,103.702,0.3623168377388617,11,99.51750000000001,4.184499999999986
963,Alpine F1 Team,214,835,True,102.369,1.6591203486109194,47,99.51750000000001,2.8514999999999873
963,Aston Martin,117,807,True,101.207,1.4996661894988537,47,99.51750000000001,1.6894999999999811
963,Aston Martin,117,815,True,101.166,1.0815598232408616,47,99.51750000000001,1.6484999999999843
963,Ferrari,6,8,False,100.087,1.33696389690081,45,99.51750000000001,0.5694999999999908
963,Manor Marussia,209,836,True,102.859,1.2272855022530014,45,99.51750000000001,3.341499999999982
963,Manor Marussia,209,839,True,103.05799999999999,0.8961563457839278,44,99.51750000000001,3.54049999999998
963,McLaren,1,4,False,100.765,1.5858876164201892,47,99.51750000000001,1.247499999999988
963,McLaren,1,18,False,101.768,1.2654879162006663,47,99.51750000000001,2.250499999999988
963,Mercedes,131,1,False,99.5635,0.8147741482496721,34,99.51750000000001,0.04599999999999227
963,Mercedes,131,3,False,100.117,1.7014159530060275,47,99.51750000000001,0.5994999999999919
963,RB F1 Team,215,828,True,101.62049999999999,1.119084488777884,44,99.51750000000001,2.10299999999998
963,RB F1 Team,215,831,True,103.138,1.039529952919044,36,99.51750000000001,3.6204999999999927
963,Red Bull,9,817,False,99.96549999999999,1.1695742201258539,48,99.51750000000001,0.4479999999999791
963,Red Bull,9,830,False,99.51750000000001,0.981432661545829,48,99.51750000000001,0.0
963,Unknown Team,216,826,True,102.573,1.4436163597938898,47,99.51750000000001,3.055499999999981
963,Unknown Team,216,832,True,101.711,1.305811316748888,45,99.51750000000001,2.193499999999986
963,Williams,3,13,True,102.35900000000001,1.4220706911894196,44,99.51750000000001,2.8414999999999964
963,Williams,3,822,True,101.553,1.1767772116761983,47,99.51750000000001,2.0354999999999848
964,Alpine F1 Team,214,154,True,99.0085,0.9088098832055383,48,97.103,1.9055000000000035
964,Alpine F1 Team,214,821,True,99.884,0.6944178589307312,46,97.103,2.781000000000006
964,Alpine F1 Team,214,825,True,100.58,1.1192574733575302,49,97.103,3.477000000000004
964,Alpine F1 Team,214,835,True,100.128,1.146511036939096,49,97.103,3.0250000000000057
964,Aston Martin,117,807,True,98.15,1.1497474175442464,49,97.103,1.0470000000000113
964,Aston Martin,117,815,True,98.258,0.9653636611657391,49,97.103,1.1550000000000011
964,Ferrari,6,8,False,97.761,1.3665058602715345,49,97.103,0.6580000000000013
964,Ferrari,6,20,False,97.552,1.0629679217742602,49,97.103,0.4490000000000123
964,Manor Marussia,209,836,True,99.598,1.5609008401985291,47,97.103,2.4950000000000045
964,Manor Marussia,209,839,True,99.545,1.1876193048788832,47,97.103,2.4420000000000073
964,McLaren,1,4,False,99.955,0.8246766377749253,47,97.103,2.852000000000004
964,McLaren,1,18,False,99.68,1.3551958435160072,47,97.103,2.5770000000000124
964,Mercedes,131,1,False,97.103,1.4696322669293806,49,97.103,0.0
964,Mercedes,131,3,False,97.213,0.6342688456304715,49,97.103,0.10999999999999943
964,RB F1 Team,215,828,True,100.4,0.9430486142164236,49,97.103,3.2970000000000113
964,RB F1 Team,215,831,True,100.677,0.9659088913528838,49,97.103,3.5740000000000123
964,Red Bull,9,817,False,97.845,1.36835424418717,49,97.103,0.7420000000000044
964,Red Bull,9,830,False,97.467,0.6542237240596208,49,97.103,0.3640000000000043
964,Unknown Team,216,826,True,99.616,0.9293674900408732,47,97.103,2.5130000000000052
964,Unknown Team,216,832,True,99.993,0.9208526631318548,47,97.103,2.8900000000000006
964,Williams,3,13,True,99.5605,1.1355085448864766,50,97.103,2.4575000000000102
964,Williams,3,822,True,99.86250000000001,1.038936249541919,50,97.103,2.759500000000017
965,Alpine F1 Team,214,154,True,105.612,0.803018967730331,47,103.4925,2.119499999999988
965,Alpine F1 Team,214,821,True,107.301,0.9635020521750088,12,103.4925,3.808499999999995
965,Alpine F1 Team,214,825,True,105.708,1.4303886852562422,45,103.4925,2.2154999999999916
965,Alpine F1 Team,214,835,True,105.554,1.317643843683645,47,103.4925,2.0614999999999952
965,Aston Martin,117,815,True,105.439,1.015725078346798,47,103.4925,1.9464999999999861
965,Ferrari,6,8,False,104.035,1.1979076741130412,31,103.4925,0.5424999999999898
965,Ferrari,6,20,False,103.68350000000001,1.2962266184449653,48,103.4925,0.1910000000000025
965,Manor Marussia,209,836,True,106.531,0.8379031576086986,49,103.4925,3.038499999999999
965,Manor Marussia,209,839,True,106.793,1.868250315242596,45,103.4925,3.3004999999999995
965,McLaren,1,4,False,105.101,0.878934143245811,50,103.4925,1.6084999999999923
965,McLaren,1,18,False,105.63,0.7234248511515475,47,103.4925,2.1374999999999886
965,Mercedes,131,1,False,103.646,0.5205612747643731,51,103.4925,0.15349999999999397
965,Mercedes,131,3,False,103.4925,1.1551671082091883,52,103.4925,0.0
965,RB F1 Team,215,828,True,106.754,0.8410675462452131,49,103.4925,3.261499999999998
965,RB F1 Team,215,831,True,106.8275,1.2817371167000435,50,103.4925,3.3349999999999937
965,Red Bull,9,817,False,103.73349999999999,1.067195149034351,50,103.4925,0.24099999999998545
965,Red Bull,9,830,False,104.305,1.0723105758195661,24,103.4925,0.8125
965,Unknown Team,216,826,True,106.1,1.0314926420378592,49,103.4925,2.6074999999999875
965,Unknown Team,216,832,True,105.147,1.0839189880009632,51,103.4925,1.6544999999999987
965,Williams,3,13,True,104.761,1.0182584109593042,47,103.4925,1.2684999999999889
965,Williams,3,822,True,105.971,0.9076600466055992,49,103.4925,2.478499999999997
966,Alpine F1 Team,214,154,True,85.299,1.1464580625152725,62,83.38,1.9190000000000111
966,Alpine F1 Team,214,821,True,85.193,1.1717336364540205,63,83.38,1.8130000000000024
966,Alpine F1 Team,214,825,True,85.332,1.07206343334727,63,83.38,1.9519999999999982
966,Alpine F1 Team,214,835,True,85.417,0.6161889390875531,65,83.38,2.037000000000006
966,Aston Martin,117,807,True,84.076,0.41643978002180865,65,83.38,0.695999999999998
966,Aston Martin,117,815,True,84.3245,0.5364272400951304,66,83.38,0.944500000000005
966,Ferrari,6,8,False,83.7485,0.46413968781130965,64,83.38,0.3685000000000116
966,Ferrari,6,20,False,83.39699999999999,0.7523990802696956,66,83.38,0.016999999999995907
966,Manor Marussia,209,839,True,85.902,0.8107251679962835,60,83.38,2.5220000000000056
966,McLaren,1,4,False,85.129,0.7543725442272416,63,83.38,1.7490000000000094
966,McLaren,1,18,False,85.163,0.7281770930523326,65,83.38,1.7830000000000013
966,Mercedes,131,1,False,83.38,0.40138005085137596,66,83.38,0.0
966,Mercedes,131,3,False,83.4425,0.3538888480628045,66,83.38,0.0625
966,RB F1 Team,215,828,True,85.029,0.7621160311045765,67,83.38,1.649000000000001
966,RB F1 Team,215,831,True,85.382,0.8584556031596237,65,83.38,2.0020000000000095
966,Red Bull,9,817,False,83.61449999999999,1.2650446172696765,66,83.38,0.23449999999999704
966,Red Bull,9,830,False,83.494,0.5035896220725825,66,83.38,0.11400000000000432
966,Unknown Team,216,826,True,84.986,0.8673745138998733,63,83.38,1.6060000000000088
966,Unknown Team,216,832,True,85.3485,0.4759340583805569,64,83.38,1.968500000000006
966,Williams,3,13,True,84.36949999999999,0.5037941454856801,66,83.38,0.9894999999999925
966,Williams,3,822,True,84.225,0.4496366645080585,66,83.38,0.8449999999999989
967,Alpine F1 Team,214,821,True,107.10249999999999,17.117455356085358,54,87.384,19.71849999999999
967,Alpine F1 Team,214,825,True,93.605,17.38483979647321,65,87.384,6.221000000000004
967,Alpine F1 Team,214,835,True,115.664,15.858407897571292,18,87.384,28.28
967,Aston Martin,117,807,True,90.6435,17.26546347701746,66,87.384,3.2595000000000027
967,Aston Martin,117,815,True,90.268,17.71519241211059,67,87.384,2.8840000000000003
967,Ferrari,6,8,False,119.631,15.969581728731766,19,87.384,32.247
967,Ferrari,6,20,False,90.979,16.582977030881988,66,87.384,3.594999999999999
967,Manor Marussia,209,836,True,93.469,15.71174819424455,66,87.384,6.084999999999994
967,Manor Marussia,209,839,True,90.957,17.274887106551454,67,87.384,3.5729999999999933
967,McLaren,1,4,False,91.2305,16.935696383344,66,87.384,3.846500000000006
967,McLaren,1,18,False,94.92349999999999,15.992918738849713,64,87.384,7.53949999999999
967,Mercedes,131,1,False,87.384,19.383256650741437,67,87.384,0.0
967,Mercedes,131,3,False,88.68,18.404314527398956,67,87.384,1.2960000000000065
967,RB F1 Team,215,828,True,118.662,19.775520732292566,10,87.384,31.278000000000006
967,RB F1 Team,215,831,True,91.395,17.47719293114889,67,87.384,4.010999999999996
967,Red Bull,9,817,False,90.01849999999999,17.244265211901983,64,87.384,2.6344999999999885
967,Red Bull,9,830,False,88.8365,18.295424220620028,64,87.384,1.4525000000000006
967,Unknown Team,216,826,True,91.539,16.23465573541971,65,87.384,4.155000000000001
967,Unknown Team,216,832,True,90.322,17.6764114915842,67,87.384,2.9380000000000024
967,Williams,3,13,True,111.834,16.89606228127787,40,87.384,24.450000000000003
967,Williams,3,822,True,94.239,16.211091629237632,65,87.384,6.855000000000004
968,Alpine F1 Team,214,154,True,106.66,1.7093221814508692,50,106.051,0.6089999999999947
968,Alpine F1 Team,214,821,True,107.6685,1.1241782168612515,50,106.051,1.6174999999999926
968,Alpine F1 Team,214,825,True,108.744,1.4984873484061658,3,106.051,2.692999999999998
968,Alpine F1 Team,214,835,True,108.093,1.1946394476182844,47,106.051,2.0420000000000016
968,Aston Martin,117,807,True,106.9165,0.5948453000742391,50,106.051,0.8654999999999973
968,Aston Martin,117,815,True,107.0925,0.9178373714379723,50,106.051,1.0414999999999992
968,Ferrari,6,8,False,106.479,0.9470624755257749,51,106.051,0.42799999999999727
968,Ferrari,6,20,False,106.254,1.2628595230277717,51,106.051,0.20300000000000296
968,Manor Marussia,209,836,True,108.045,1.1328637460024975,49,106.051,1.9939999999999998
968,Manor Marussia,209,839,True,108.536,1.4589687769129398,49,106.051,2.4849999999999994
968,McLaren,1,4,False,107.366,1.219142764906755,50,106.051,1.3149999999999977
968,McLaren,1,18,False,109.0205,0.6430560369568609,10,106.051,2.9694999999999965
968,Mercedes,131,1,False,106.256,0.5718977702420587,51,106.051,0.2049999999999983
968,Mercedes,131,3,False,106.051,0.6521983079870559,51,106.051,0.0
968,RB F1 Team,215,828,True,109.44149999999999,1.3366932701137284,50,106.051,3.3904999999999887
968,RB F1 Team,215,831,True,108.684,1.2028947723443328,49,106.051,2.6329999999999956
968,Red Bull,9,817,False,106.115,1.0385709812705397,51,106.051,0.06399999999999295
968,Red Bull,9,830,False,106.1515,1.0568861860467327,52,106.051,0.1004999999999967
968,Unknown Team,216,826,True,109.251,0.4502769047031927,11,106.051,3.200000000000003
968,Unknown Team,216,832,True,108.826,0.9706606474133873,35,106.051,2.7749999999999915
968,Williams,3,13,True,107.3515,0.8964187195816129,50,106.051,1.3004999999999995
968,Williams,3,822,True,109.166,1.7486704377898037,5,106.051,3.114999999999995
969,Alpine F1 Team,214,154,True,90.481,0.3210624762197571,12,88.046,2.434999999999988
969,Alpine F1 Team,214,807,True,90.586,1.1383790987843196,51,88.046,2.539999999999992
969,Alpine F1 Team,214,825,True,91.456,1.415108059298153,43,88.046,3.4099999999999966
969,Alpine F1 Team,214,835,True,92.5945,0.7046971295843618,10,88.046,4.54849999999999
969,Aston Martin,117,815,True,89.89349999999999,1.0243115988664429,54,88.046,1.8474999999999824
969,Aston Martin,117,839,True,90.761,0.9080301024242272,53,88.046,2.714999999999989
969,Ferrari,6,8,False,88.298,1.1914812903776062,55,88.046,0.25199999999999534
969,Ferrari,6,20,False,88.046,0.9843930608839607,55,88.046,0.0
969,McLaren,1,4,False,90.996,0.5478644301809905,47,88.046,2.9499999999999886
969,McLaren,1,838,False,91.2835,1.414240236471688,52,88.046,3.237499999999997
969,Mercedes,131,1,False,88.3125,1.3652262411814327,56,88.046,0.2664999999999935
969,Mercedes,131,822,False,88.377,1.1259632395575903,55,88.046,0.33099999999998886
969,RB F1 Team,215,828,True,92.814,0.6265171200808354,19,88.046,4.7679999999999865
969,RB F1 Team,215,841,True,91.31,1.4796074153401022,51,88.046,3.263999999999996
969,Red Bull,9,817,False,90.101,1.1557018947657787,24,88.046,2.0549999999999926
969,Red Bull,9,830,False,88.453,1.317789294326837,55,88.046,0.4069999999999965
969,Unknown Team,216,826,True,89.894,1.3558347463284177,52,88.046,1.847999999999999
969,Unknown Team,216,832,True,89.996,1.0172992414891509,53,88.046,1.9499999999999886
969,Williams,3,13,True,89.036,1.0898464954514404,54,88.046,0.9899999999999949
969,Williams,3,840,True,90.787,0.9992281406192237,34,88.046,2.7409999999999997
970,Alpine F1 Team,214,154,True,99.847,1.9386770624643237,45,97.56,2.286999999999992
970,Alpine F1 Team,214,807,True,99.798,1.6461553472478547,45,97.56,2.2379999999999995
970,Alpine F1 Team,214,825,True,99.519,1.7289259277471578,45,97.56,1.9590000000000032
970,Alpine F1 Team,214,835,True,99.93299999999999,1.759822327904947,44,97.56,2.3729999999999905
970,Aston Martin,117,815,True,99.28,1.3288821395683619,43,97.56,1.7199999999999989
970,Aston Martin,117,839,True,99.7825,1.7120531698968755,44,97.56,2.2224999999999966
970,Ferrari,6,8,False,98.586,1.5339004989176173,46,97.56,1.0259999999999962
970,Ferrari,6,20,False,97.658,1.873233826848186,46,97.56,0.09799999999999898
970,McLaren,1,4,False,100.224,1.1070478279339724,25,97.56,2.6640000000000015
970,McLaren,1,838,False,103.8615,2.123242315085921,8,97.56,6.301500000000004
970,Mercedes,131,1,False,97.56,2.36753531565219,47,97.56,0.0
970,Mercedes,131,822,False,97.909,1.760697029100361,45,97.56,0.34900000000000375
970,RB F1 Team,215,828,True,100.436,1.638976127899997,46,97.56,2.8760000000000048
970,Red Bull,9,817,False,98.473,1.5340282143164221,46,97.56,0.9129999999999967
970,Red Bull,9,830,False,98.1525,1.4089353648478187,46,97.56,0.5925000000000011
970,Unknown Team,216,826,True,101.434,1.970731914233334,9,97.56,3.8739999999999952
970,Unknown Team,216,832,True,98.876,1.8273165045417301,47,97.56,1.3160000000000025
970,Williams,3,13,True,99.54400000000001,1.9807329332753727,42,97.56,1.9840000000000089
971,Alpine F1 Team,214,154,True,96.495,0.959195640294793,49,94.801,1.6940000000000026
971,Alpine F1 Team,214,807,True,97.0805,0.9579873068052593,50,94.801,2.2794999999999987
971,Alpine F1 Team,214,825,True,98.811,0.3861772970565542,7,94.801,4.010000000000005
971,Alpine F1 Team,214,835,True,97.766,1.1962660003265986,49,94.801,2.9650000000000034
971,Aston Martin,117,815,True,96.5915,1.1527383546519647,50,94.801,1.7904999999999944
971,Aston Martin,117,839,True,97.17,0.9945593016207557,47,94.801,2.3689999999999998
971,Ferrari,6,8,False,95.848,1.5794688682320706,50,94.801,1.046999999999997
971,Ferrari,6,20,False,94.801,1.0733223644176988,49,94.801,0.0
971,McLaren,1,4,False,97.65,1.269373375023029,46,94.801,2.8490000000000038
971,Mercedes,131,1,False,95.286,1.434861724020412,51,94.801,0.48499999999999943
971,Mercedes,131,822,False,95.155,1.0446931539367748,51,94.801,0.3539999999999992
971,RB F1 Team,215,828,True,98.434,1.5653400445748196,43,94.801,3.6329999999999956
971,RB F1 Team,215,836,True,97.775,0.8744778641360396,49,94.801,2.9740000000000038
971,Red Bull,9,817,False,96.185,1.3489478226511677,51,94.801,1.3840000000000003
971,Red Bull,9,830,False,96.926,1.1230405602648585,10,94.801,2.125
971,Unknown Team,216,826,True,97.814,1.2828617602525814,49,94.801,3.012999999999991
971,Unknown Team,216,832,True,98.142,0.18512761364348748,10,94.801,3.340999999999994
971,Williams,3,13,True,96.529,1.3144359150989282,51,94.801,1.7279999999999944
971,Williams,3,840,True,98.633,1.0705953691495447,9,94.801,3.8319999999999936
972,Alpine F1 Team,214,807,True,100.207,1.0755532027528414,47,98.58,1.6269999999999953
972,Alpine F1 Team,214,825,True,101.089,0.9950181376250933,46,98.58,2.5090000000000003
972,Aston Martin,117,815,True,100.135,0.8294258805926218,47,98.58,1.5550000000000068
972,Aston Martin,117,839,True,100.259,0.88145413034586,47,98.58,1.679000000000002
972,Ferrari,6,8,False,98.757,0.7254374233068966,47,98.58,0.1770000000000067
972,Ferrari,6,20,False,98.58,0.6189070220498817,47,98.58,0.0
972,McLaren,1,838,False,101.6565,1.1104477412243887,46,98.58,3.076499999999996
972,Mercedes,131,1,False,98.975,0.6326712680334148,47,98.58,0.394999999999996
972,Mercedes,131,822,False,98.687,0.525266883400633,47,98.58,0.10699999999999932
972,RB F1 Team,215,828,True,101.701,1.4266209523015818,46,98.58,3.120999999999995
972,RB F1 Team,215,836,True,102.005,0.8574304090993116,44,98.58,3.424999999999997
972,Red Bull,9,817,False,102.285,,1,98.58,3.7049999999999983
972,Red Bull,9,830,False,99.627,0.7554721095004846,47,98.58,1.046999999999997
972,Unknown Team,216,826,True,101.066,1.4901404751729803,46,98.58,2.486000000000004
972,Unknown Team,216,832,True,100.297,1.1746121793939754,46,98.58,1.7169999999999987
972,Williams,3,13,True,99.966,0.9674307564363324,44,98.58,1.3859999999999957
972,Williams,3,840,True,100.434,1.2886077623611476,46,98.58,1.8539999999999992
973,Alpine F1 Team,214,154,True,87.878,0.8146816602090698,59,85.193,2.6850000000000023
973,Alpine F1 Team,214,807,True,87.598,0.7359041699835491,59,85.193,2.405000000000001
973,Alpine F1 Team,214,825,True,87.656,0.8468192059303199,56,85.193,2.463000000000008
973,Alpine F1 Team,214,835,True,87.46,1.3414288560736685,53,85.193,2.266999999999996
973,Aston Martin,117,815,True,86.829,0.7600894142086502,59,85.193,1.6359999999999957
973,Aston Martin,117,839,True,86.965,0.9935018952267749,60,85.193,1.7720000000000056
973,Ferrari,6,20,False,85.193,1.0365287746333423,59,85.193,0.0
973,McLaren,1,4,False,87.96350000000001,1.69822470752038,54,85.193,2.7705000000000126
973,McLaren,1,838,False,89.52850000000001,0.9073575937358199,28,85.193,4.33550000000001
973,Mercedes,131,1,False,85.50450000000001,1.2210082500172483,60,85.193,0.31150000000000944
973,Mercedes,131,822,False,86.51050000000001,0.9949587262472172,32,85.193,1.3175000000000097
973,RB F1 Team,215,828,True,87.649,1.0884913181206597,57,85.193,2.456000000000003
973,RB F1 Team,215,836,True,87.972,1.0896988349170962,61,85.193,2.7789999999999964
973,Red Bull,9,817,False,86.358,1.1357765909763153,58,85.193,1.1650000000000063
973,Unknown Team,216,826,True,87.9845,0.9015688805231041,60,85.193,2.791499999999999
973,Unknown Team,216,832,True,87.688,0.9522226464643283,59,85.193,2.4950000000000045
973,Williams,3,13,True,87.402,0.8634032562814387,57,85.193,2.209000000000003
973,Williams,3,840,True,88.338,1.0636883220326188,56,85.193,3.144999999999996
974,Alpine F1 Team,214,154,True,77.641,0.7125826531284465,67,76.806,0.835000000000008
974,Alpine F1 Team,214,807,True,78.206,0.6368180731117403,14,76.806,1.4000000000000057
974,Alpine F1 Team,214,825,True,77.682,0.9170292171442272,65,76.806,0.8760000000000048
974,Alpine F1 Team,214,835,True,77.983,0.7809340715056905,65,76.806,1.1770000000000067
974,Aston Martin,117,815,True,77.792,1.0304098937017536,65,76.806,0.9860000000000042
974,Aston Martin,117,839,True,78.158,0.8337736679769658,69,76.806,1.3520000000000039
974,Ferrari,6,8,False,77.022,0.6946989498597413,67,76.806,0.21600000000000819
974,Ferrari,6,20,False,76.806,0.7200744254588631,67,76.806,0.0
974,McLaren,1,18,False,78.307,0.8699436504348801,49,76.806,1.5010000000000048
974,McLaren,1,838,False,77.527,0.8376372621590872,57,76.806,0.7210000000000036
974,Mercedes,131,1,False,77.409,1.1145267425198675,67,76.806,0.6030000000000086
974,Mercedes,131,822,False,77.174,0.6360109816602217,67,76.806,0.3680000000000092
974,RB F1 Team,215,828,True,78.23150000000001,0.9431796216745547,54,76.806,1.4255000000000138
974,RB F1 Team,215,836,True,78.524,0.6030536253949899,50,76.806,1.7180000000000035
974,Red Bull,9,817,False,76.912,0.8071556895053491,67,76.806,0.10600000000000875
974,Red Bull,9,830,False,77.184,0.6256445483334275,67,76.806,0.3780000000000001
974,Unknown Team,216,826,True,77.6155,0.8461178710409873,60,76.806,0.8094999999999999
974,Unknown Team,216,832,True,77.349,0.7128882685254221,67,76.806,0.5430000000000064
974,Williams,3,13,True,77.944,1.0836758921226433,67,76.806,1.1380000000000052
974,Williams,3,840,True,78.101,0.9633448435275634,59,76.806,1.2950000000000017
975,Alpine F1 Team,214,154,True,78.056,0.9052012247986652,61,76.491,1.5649999999999977
975,Alpine F1 Team,214,807,True,77.152,1.0191794002046937,64,76.491,0.6610000000000014
975,Alpine F1 Team,214,825,True,77.7945,0.9521165040519765,60,76.491,1.3034999999999997
975,Alpine F1 Team,214,835,True,78.037,0.9437154291474739,62,76.491,1.5460000000000065
975,Aston Martin,117,815,True,76.99600000000001,0.673854430885733,62,76.491,0.5050000000000097
975,Aston Martin,117,839,True,76.822,0.8587324128935526,62,76.491,0.33100000000000307
975,Ferrari,6,8,False,77.139,1.3007028039306383,61,76.491,0.6479999999999961
975,Ferrari,6,20,False,76.66550000000001,1.111891252115476,62,76.491,0.17450000000000898
975,McLaren,1,4,False,77.88499999999999,1.0286670712315846,58,76.491,1.3939999999999912
975,McLaren,1,838,False,78.08,0.8819510261388032,59,76.491,1.5889999999999986
975,Mercedes,131,1,False,76.491,0.6646946265685575,62,76.491,0.0
975,Mercedes,131,822,False,76.7065,0.6718451329002799,62,76.491,0.2155000000000058
975,RB F1 Team,215,828,True,78.20949999999999,0.9865328993777874,62,76.491,1.7184999999999917
975,RB F1 Team,215,836,True,78.773,1.1018897101671556,59,76.491,2.2819999999999965
975,Red Bull,9,817,False,76.9055,0.7126061999768009,62,76.491,0.41450000000000387
975,Red Bull,9,830,False,77.509,0.5286223784968029,7,76.491,1.0180000000000007
975,Unknown Team,216,826,True,77.572,0.9208720564809852,43,76.491,1.081000000000003
975,Williams,3,840,True,77.32,1.1483441031480748,61,76.491,0.8289999999999935
976,Alpine F1 Team,214,154,True,109.234,13.053325661283111,41,105.829,3.405000000000001
976,Alpine F1 Team,214,807,True,109.376,13.564141921502689,15,105.829,3.5470000000000113
976,Alpine F1 Team,214,825,True,107.872,11.081958487291562,42,105.829,2.0430000000000064
976,Alpine F1 Team,214,835,True,112.90350000000001,5.54681229776767,6,105.829,7.074500000000015
976,Aston Martin,117,815,True,107.3815,5.421348611357974,28,105.829,1.552500000000009
976,Aston Martin,117,839,True,106.791,2.419547313533901,39,105.829,0.9620000000000033
976,Ferrari,6,8,False,107.472,3.0963668118641015,35,105.829,1.6430000000000007
976,Ferrari,6,20,False,105.829,6.059555997929035,39,105.829,0.0
976,McLaren,1,4,False,109.559,11.315141028409755,43,105.829,3.730000000000004
976,McLaren,1,838,False,108.874,13.40527614554082,43,105.829,3.0450000000000017
976,Mercedes,131,1,False,106.081,5.803973782970964,39,105.829,0.25200000000000955
976,Mercedes,131,822,False,107.053,12.196401826067541,42,105.829,1.2240000000000038
976,RB F1 Team,215,828,True,109.814,10.426733872559018,43,105.829,3.9849999999999994
976,RB F1 Team,215,836,True,109.393,10.703435047919324,43,105.829,3.564000000000007
976,Red Bull,9,817,False,106.228,11.232980145021333,42,105.829,0.3990000000000009
976,Red Bull,9,830,False,107.59899999999999,9.08448364970834,12,105.829,1.769999999999996
976,Unknown Team,216,826,True,109.126,4.434333123480912,9,105.829,3.2970000000000113
976,Unknown Team,216,832,True,108.347,11.409184419320427,43,105.829,2.5180000000000007
976,Williams,3,13,True,107.8995,8.549446178323127,14,105.829,2.0705000000000098
976,Williams,3,840,True,106.489,5.579566623502002,41,105.829,0.6600000000000108
977,Alpine F1 Team,214,154,True,69.783,0.8245487646645336,67,68.815,0.9680000000000035
977,Alpine F1 Team,214,807,True,70.234,1.1310096316894065,67,68.815,1.418999999999997
977,Alpine F1 Team,214,825,True,70.906,0.5020203058287417,27,68.815,2.091000000000008
977,Alpine F1 Team,214,835,True,70.477,1.0576260600318288,67,68.815,1.6620000000000061
977,Aston Martin,117,815,True,70.075,0.9294535773830703,67,68.815,1.2600000000000051
977,Aston Martin,117,839,True,70.151,0.8371879917943748,67,68.815,1.3359999999999985
977,Ferrari,6,8,False,69.2825,0.8700760115089587,68,68.815,0.46750000000000114
977,Ferrari,6,20,False,68.846,0.8801976486460261,69,68.815,0.03100000000000591
977,McLaren,1,838,False,70.079,1.0480983989330948,65,68.815,1.2639999999999958
977,Mercedes,131,1,False,68.815,0.9551760094114805,68,68.815,0.0
977,Mercedes,131,822,False,69.0,0.6593643177298188,69,68.815,0.18500000000000227
977,RB F1 Team,215,828,True,71.006,1.137261564613066,65,68.815,2.1910000000000025
977,RB F1 Team,215,836,True,70.543,0.9593973310396532,67,68.815,1.7280000000000086
977,Red Bull,9,817,False,68.851,0.7648840884659844,68,68.815,0.036000000000001364
977,Unknown Team,216,826,True,70.642,1.1353268883822625,57,68.815,1.8269999999999982
977,Unknown Team,216,832,True,70.522,0.8549458230343525,39,68.815,1.7070000000000078
977,Williams,3,13,True,70.175,0.8674531265319241,67,68.815,1.3599999999999994
977,Williams,3,840,True,70.593,0.951771891581557,67,68.815,1.7780000000000058
978,Alpine F1 Team,214,154,True,94.461,1.3571158407971653,42,92.6385,1.8225000000000051
978,Alpine F1 Team,214,807,True,93.672,1.0607956624033352,45,92.6385,1.0335000000000036
978,Alpine F1 Team,214,825,True,94.848,1.4142655479679769,44,92.6385,2.2095000000000056
978,Aston Martin,117,815,True,94.6,0.8701476886138274,44,92.6385,1.961500000000001
978,Aston Martin,117,839,True,94.4915,0.8423436988407715,44,92.6385,1.8530000000000086
978,Ferrari,6,8,False,92.819,1.038386012569192,44,92.6385,0.1805000000000092
978,Ferrari,6,20,False,93.079,1.0222156732380487,43,92.6385,0.4405000000000001
978,McLaren,1,4,False,95.813,0.9891447062993396,25,92.6385,3.174500000000009
978,McLaren,1,838,False,95.02,1.0208469528078423,44,92.6385,2.3815000000000026
978,Mercedes,131,1,False,92.6385,1.2112875044173048,46,92.6385,0.0
978,Mercedes,131,822,False,92.924,1.2829546182641338,45,92.6385,0.2855000000000132
978,RB F1 Team,215,828,True,95.461,1.1544819728744704,43,92.6385,2.822500000000005
978,RB F1 Team,215,836,True,95.682,1.2973387292901142,43,92.6385,3.0435000000000088
978,Red Bull,9,817,False,93.969,1.4386345819419928,44,92.6385,1.3305000000000007
978,Red Bull,9,830,False,93.1125,1.2248058781773314,44,92.6385,0.47400000000000375
978,Unknown Team,216,826,True,95.13550000000001,1.077918147491865,40,92.6385,2.497000000000014
978,Williams,3,13,True,94.11449999999999,1.1413324959358133,44,92.6385,1.475999999999999
978,Williams,3,840,True,95.493,1.1861211185126237,42,92.6385,2.8545000000000016
979,Alpine F1 Team,214,154,True,85.591,0.6623596900282839,13,82.241,3.3499999999999943
979,Alpine F1 Team,214,807,True,83.381,1.3529607018007184,58,82.241,1.1400000000000006
979,Alpine F1 Team,214,825,True,83.41,1.350126564860587,62,82.241,1.168999999999997
979,Alpine F1 Team,214,835,True,83.84,1.3086648538223444,62,82.241,1.5990000000000038
979,Aston Martin,117,815,True,83.5085,1.0878249570721263,62,82.241,1.2674999999999983
979,Aston Martin,117,839,True,83.63749999999999,1.193543502798476,62,82.241,1.396499999999989
979,Ferrari,6,8,False,82.371,0.6971252424684027,63,82.241,0.12999999999999545
979,Ferrari,6,20,False,82.343,0.661459366552175,63,82.241,0.10200000000000387
979,McLaren,1,4,False,83.422,1.1675450851498779,63,82.241,1.1809999999999974
979,McLaren,1,838,False,83.40899999999999,1.1008317792891684,62,82.241,1.1679999999999922
979,Mercedes,131,1,False,82.241,0.9093135217896908,62,82.241,0.0
979,Mercedes,131,822,False,82.367,0.7520685391356312,63,82.241,0.12600000000000477
979,RB F1 Team,215,828,True,85.043,1.3023106118993293,59,82.241,2.8020000000000067
979,RB F1 Team,215,836,True,84.922,1.1147448638957413,60,82.241,2.6809999999999974
979,Red Bull,9,830,False,82.47,0.9860920130846392,63,82.241,0.2289999999999992
979,Unknown Team,216,826,True,83.6335,1.5260884401052088,62,82.241,1.3924999999999983
979,Unknown Team,216,832,True,83.5625,1.033710475633871,62,82.241,1.3215000000000003
979,Williams,3,814,True,85.114,1.1510723750264333,51,82.241,2.8730000000000047
979,Williams,3,840,True,83.55199999999999,1.2924771354612399,62,82.241,1.3109999999999928
980,Alpine F1 Team,214,154,True,111.326,1.4756572095171667,36,109.149,2.1769999999999925
980,Alpine F1 Team,214,807,True,110.989,1.8300222184599084,38,109.149,1.8400000000000034
980,Alpine F1 Team,214,825,True,111.613,1.878356036538335,35,109.149,2.4639999999999986
980,Alpine F1 Team,214,835,True,112.295,1.766638987544518,37,109.149,3.146000000000001
980,Aston Martin,117,815,True,112.022,1.8142617947386988,33,109.149,2.8730000000000047
980,Aston Martin,117,839,True,111.211,1.6569174024589826,36,109.149,2.0619999999999976
980,Ferrari,6,8,False,109.825,1.5895609123646959,35,109.149,0.6760000000000019
980,Ferrari,6,20,False,109.20949999999999,1.4557684659512502,38,109.149,0.06049999999999045
980,McLaren,1,4,False,112.93,1.314718168077044,22,109.149,3.781000000000006
980,McLaren,1,838,False,112.455,1.4463953714786664,36,109.149,3.3059999999999974
980,Mercedes,131,1,False,109.149,1.4452622587073347,38,109.149,0.0
980,Mercedes,131,822,False,109.24549999999999,1.3388044304480058,38,109.149,0.09649999999999181
980,RB F1 Team,215,828,True,113.552,1.1978352919139685,35,109.149,4.403000000000006
980,Red Bull,9,817,False,109.305,1.8567092940362162,38,109.149,0.1560000000000059
980,Red Bull,9,830,False,111.332,1.6607419885042147,7,109.149,2.1829999999999927
980,Unknown Team,216,826,True,112.641,1.4849613396175263,36,109.149,3.4920000000000044
980,Unknown Team,216,832,True,111.923,1.6882344994772593,37,109.149,2.774000000000001
980,Williams,3,13,True,111.511,1.4289760644801381,36,109.149,2.3619999999999948
980,Williams,3,840,True,112.041,1.3227616477948276,37,109.149,2.891999999999996
981,Alpine F1 Team,214,154,True,86.90450000000001,1.1862265282518745,46,84.928,1.9765000000000157
981,Alpine F1 Team,214,807,True,86.914,0.700223567310961,49,84.928,1.9860000000000042
981,Alpine F1 Team,214,825,True,86.861,0.7421355303501868,49,84.928,1.933000000000007
981,Alpine F1 Team,214,835,True,87.4575,0.8850310360561346,24,84.928,2.5294999999999987
981,Aston Martin,117,815,True,86.4255,0.9279959095617293,50,84.928,1.4975000000000023
981,Aston Martin,117,839,True,86.0625,0.5912858958340226,50,84.928,1.1345000000000027
981,Ferrari,6,8,False,85.852,0.8165196184703282,50,84.928,0.9240000000000066
981,Ferrari,6,20,False,85.7685,0.8710478924952386,50,84.928,0.8405000000000058
981,McLaren,1,4,False,87.385,0.9166250337653309,45,84.928,2.457000000000008
981,McLaren,1,838,False,87.394,0.6462483975978963,31,84.928,2.466000000000008
981,Mercedes,131,1,False,84.928,0.9503114329564945,51,84.928,0.0
981,Mercedes,131,822,False,85.14099999999999,0.7471738381995209,50,84.928,0.21299999999999386
981,RB F1 Team,215,828,True,88.436,0.6105616961332685,42,84.928,3.5080000000000098
981,RB F1 Team,215,836,True,88.138,0.8182930280761143,45,84.928,3.210000000000008
981,Red Bull,9,817,False,85.572,1.304800768903281,50,84.928,0.6440000000000055
981,Red Bull,9,830,False,85.687,0.7505931345636027,47,84.928,0.7590000000000003
981,Unknown Team,216,826,True,86.824,0.782343379383577,49,84.928,1.8960000000000008
981,Unknown Team,216,832,True,86.841,0.865733217712992,49,84.928,1.9129999999999967
981,Williams,3,13,True,86.0695,0.6622987796073471,50,84.928,1.1415000000000077
981,Williams,3,840,True,86.084,0.6246095234101823,50,84.928,1.156000000000006
982,Alpine F1 Team,214,154,True,116.37,15.402938617361164,51,112.285,4.085000000000008
982,Alpine F1 Team,214,807,True,121.831,11.39628559599533,38,112.285,9.546000000000006
982,Alpine F1 Team,214,825,True,120.817,13.199062104568018,41,112.285,8.531999999999996
982,Alpine F1 Team,214,835,True,120.177,13.164530114292038,49,112.285,7.89200000000001
982,Aston Martin,117,815,True,115.125,14.088437892470548,49,112.285,2.8400000000000034
982,Aston Martin,117,839,True,114.238,12.515409149399053,48,112.285,1.953000000000003
982,McLaren,1,4,False,135.022,7.952099654598574,4,112.285,22.736999999999995
982,McLaren,1,838,False,116.0135,14.963526382971274,50,112.285,3.728499999999997
982,Mercedes,131,1,False,112.323,9.092287948009002,47,112.285,0.0379999999999967
982,Mercedes,131,822,False,117.94200000000001,15.738823990776856,50,112.285,5.657000000000011
982,RB F1 Team,215,828,True,128.055,12.594785186067732,27,112.285,15.77000000000001
982,RB F1 Team,215,836,True,124.919,15.759979697179327,47,112.285,12.634
982,Red Bull,9,817,False,112.285,11.894103292289811,47,112.285,0.0
982,Unknown Team,216,826,True,131.1625,0.9031780370816662,6,112.285,18.877499999999998
982,Unknown Team,216,832,True,118.547,16.08929641406384,51,112.285,6.2620000000000005
982,Williams,3,13,True,114.926,14.654516782058913,49,112.285,2.6410000000000053
982,Williams,3,840,True,114.92099999999999,14.20973327416306,50,112.285,2.6359999999999957
983,Alpine F1 Team,214,154,True,98.50200000000001,1.383257029696248,50,95.845,2.6570000000000107
983,Alpine F1 Team,214,807,True,98.26,1.262001630226318,50,95.845,2.4150000000000063
983,Alpine F1 Team,214,825,True,98.50550000000001,0.8553856133413179,52,95.845,2.660500000000013
983,Alpine F1 Team,214,835,True,98.3905,0.8132706016010763,50,95.845,2.545500000000004
983,Aston Martin,117,815,True,97.699,0.9954766491842647,53,95.845,1.8539999999999992
983,Aston Martin,117,839,True,97.98,0.6416147643893141,51,95.845,2.135000000000005
983,Ferrari,6,20,False,96.483,1.8713628996862615,53,95.845,0.6380000000000052
983,McLaren,1,4,False,98.334,0.8009884599300977,51,95.845,2.4890000000000043
983,McLaren,1,838,False,97.97200000000001,0.9755699714683508,52,95.845,2.1270000000000095
983,Mercedes,131,1,False,95.96,1.0003923968875121,53,95.845,0.11499999999999488
983,Mercedes,131,822,False,97.342,1.2258042722772862,53,95.845,1.4969999999999999
983,RB F1 Team,215,828,True,99.657,1.424787778086636,49,95.845,3.8119999999999976
983,RB F1 Team,215,836,True,98.7825,1.4957593666617113,52,95.845,2.9375
983,Red Bull,9,817,False,96.447,1.079227066786046,53,95.845,0.6020000000000039
983,Red Bull,9,830,False,95.845,0.8807186758930199,53,95.845,0.0
983,Unknown Team,216,832,True,98.65,0.7211205094668878,27,95.845,2.805000000000007
983,Unknown Team,216,842,True,98.3755,0.829346491486621,52,95.845,2.5305000000000035
983,Williams,3,13,True,98.22749999999999,0.82500685768894,52,95.845,2.382499999999993
983,Williams,3,840,True,98.04150000000001,0.8861354611061734,52,95.845,2.1965000000000146
984,Alpine F1 Team,214,154,True,96.7965,1.0668208773525065,44,94.66499999999999,2.1315000000000026
984,Alpine F1 Team,214,807,True,96.8195,1.4283385247120097,34,94.66499999999999,2.154500000000013
984,Alpine F1 Team,214,825,True,96.632,1.0117822455290901,44,94.66499999999999,1.967000000000013
984,Alpine F1 Team,214,835,True,96.998,1.370375675387727,43,94.66499999999999,2.3330000000000126
984,Aston Martin,117,815,True,96.0425,1.032385163745276,44,94.66499999999999,1.377500000000012
984,Aston Martin,117,839,True,96.024,0.8158189062797815,44,94.66499999999999,1.3590000000000089
984,Ferrari,6,8,False,95.587,1.292040714175624,43,94.66499999999999,0.9220000000000113
984,Ferrari,6,20,False,99.494,,1,94.66499999999999,4.829000000000008
984,McLaren,1,4,False,97.06,1.270145595982788,43,94.66499999999999,2.3950000000000102
984,McLaren,1,838,False,97.057,1.5238130753533672,42,94.66499999999999,2.39200000000001
984,Mercedes,131,1,False,94.848,0.7346254401895849,45,94.66499999999999,0.18300000000000693
984,Mercedes,131,822,False,95.4285,1.4485019138397628,44,94.66499999999999,0.7635000000000076
984,RB F1 Team,215,828,True,99.127,0.5570047127269208,4,94.66499999999999,4.462000000000003
984,RB F1 Team,215,836,True,98.2745,1.1359559315300825,38,94.66499999999999,3.6095000000000113
984,Red Bull,9,817,False,94.66499999999999,1.1593195633190618,44,94.66499999999999,0.0
984,Red Bull,9,830,False,94.69,0.8057680300072815,45,94.66499999999999,0.025000000000005684
984,Unknown Team,216,842,True,96.543,1.331174394852973,41,94.66499999999999,1.8780000000000143
984,Williams,3,13,True,96.814,1.0028839921930366,44,94.66499999999999,2.149000000000001
984,Williams,3,840,True,97.00399999999999,1.2856962192734067,36,94.66499999999999,2.3389999999999986
985,Alpine F1 Team,214,154,True,102.115,0.8533892234301255,49,99.52,2.594999999999999
985,Alpine F1 Team,214,807,True,104.781,0.7226631303726605,2,99.52,5.26100000000001
985,Alpine F1 Team,214,825,True,102.44,1.0370019626684526,49,99.52,2.9200000000000017
985,Alpine F1 Team,214,832,True,101.545,0.8933262527790274,53,99.52,2.0250000000000057
985,Aston Martin,117,815,True,101.65700000000001,0.8267024344698484,52,99.52,2.1370000000000147
985,Aston Martin,117,839,True,101.7295,0.9548139784289059,54,99.52,2.2095000000000056
985,Ferrari,6,8,False,100.01849999999999,1.267487552194727,54,99.52,0.49849999999999284
985,Ferrari,6,20,False,100.225,1.1473510068659345,52,99.52,0.7049999999999983
985,McLaren,1,4,False,102.4285,0.5093224885751874,20,99.52,2.9085000000000036
985,McLaren,1,838,False,102.596,1.10458533112,51,99.52,3.0760000000000076
985,Mercedes,131,1,False,100.2265,0.8314849252946842,54,99.52,0.7065000000000055
985,Mercedes,131,822,False,100.236,0.924371791896042,52,99.52,0.7160000000000082
985,RB F1 Team,215,828,True,102.346,1.1780693241694293,51,99.52,2.8260000000000076
985,Red Bull,9,817,False,101.39750000000001,0.9042094990552882,12,99.52,1.877500000000012
985,Red Bull,9,830,False,99.52,1.385634146038068,51,99.52,0.0
985,Unknown Team,216,826,True,101.521,0.8673547520376839,51,99.52,2.0010000000000048
985,Unknown Team,216,843,True,102.38,1.2502065013102321,50,99.52,2.8599999999999994
985,Williams,3,13,True,102.5075,1.1098328077854092,52,99.52,2.987499999999997
985,Williams,3,840,True,102.3875,1.386684125413386,50,99.52,2.867500000000007
986,Alpine F1 Team,214,154,True,82.693,1.1013372228690996,62,80.689,2.004000000000005
986,Alpine F1 Team,214,807,True,82.651,0.44325381850475754,21,80.689,1.9620000000000033
986,Alpine F1 Team,214,825,True,82.17750000000001,0.8628646782165647,66,80.689,1.4885000000000161
986,Alpine F1 Team,214,832,True,82.848,0.9927048490218143,53,80.689,2.159000000000006
986,Aston Martin,117,815,True,81.793,1.0116610501492862,63,80.689,1.1040000000000134
986,Aston Martin,117,839,True,81.734,0.42306622560776186,65,80.689,1.0450000000000017
986,Ferrari,6,8,False,81.14949999999999,0.8754098133492475,68,80.689,0.46049999999999613
986,Ferrari,6,20,False,80.689,1.3647057020098352,67,80.689,0.0
986,McLaren,1,4,False,82.0665,1.1291758804533887,66,80.689,1.377500000000012
986,McLaren,1,838,False,82.091,1.044890085082556,65,80.689,1.402000000000001
986,Mercedes,131,1,False,81.536,1.1420435416607122,66,80.689,0.8470000000000084
986,Mercedes,131,822,False,80.952,0.8811386751677599,69,80.689,0.26300000000000523
986,RB F1 Team,215,828,True,83.128,0.7962649506280048,49,80.689,2.439000000000007
986,RB F1 Team,215,836,True,82.9495,0.8792381895847851,62,80.689,2.2605000000000075
986,Red Bull,9,817,False,82.823,1.0168559386658451,3,80.689,2.1340000000000003
986,Red Bull,9,830,False,80.715,0.7984928156477493,69,80.689,0.02600000000001046
986,Unknown Team,216,842,True,82.594,0.9948460142352813,67,80.689,1.9050000000000011
986,Unknown Team,216,843,True,83.23349999999999,0.7583787985673225,28,80.689,2.5444999999999993
986,Williams,3,13,True,82.13,0.8932657372917401,63,80.689,1.4410000000000025
986,Williams,3,840,True,81.756,0.7488787961876385,67,80.689,1.0670000000000073
987,Alpine F1 Team,214,154,True,75.9605,1.1389081661602964,62,73.3045,2.6559999999999917
987,Alpine F1 Team,214,807,True,74.4555,0.6569109520645523,62,73.3045,1.1509999999999962
987,Alpine F1 Team,214,832,True,74.642,0.8152547228841107,63,73.3045,1.3374999999999915
987,Aston Martin,117,815,True,74.497,0.8434554058024457,64,73.3045,1.1924999999999955
987,Ferrari,6,8,False,73.343,0.5882642673274225,64,73.3045,0.03849999999999909
987,Ferrari,6,20,False,73.3675,0.47345618689872454,64,73.3045,0.06300000000000239
987,McLaren,1,4,False,74.318,0.6116852598705144,64,73.3045,1.0134999999999934
987,Mercedes,131,1,False,73.352,1.0527276889364854,64,73.3045,0.04749999999999943
987,Mercedes,131,822,False,73.4055,0.513034791627854,64,73.3045,0.10099999999999909
987,RB F1 Team,215,828,True,75.431,0.9852802281626184,63,73.3045,2.126499999999993
987,RB F1 Team,215,836,True,75.52,0.6752848864624602,65,73.3045,2.2154999999999916
987,Red Bull,9,817,False,73.922,0.9998722438232914,64,73.3045,0.6174999999999926
987,Red Bull,9,830,False,73.3045,0.8094206864786785,62,73.3045,0.0
987,Unknown Team,216,842,True,75.403,0.9942889047008724,63,73.3045,2.0985000000000014
987,Unknown Team,216,843,True,75.56649999999999,0.7997459652108031,32,73.3045,2.2619999999999862
987,Williams,3,13,True,74.293,0.5733612930526596,64,73.3045,0.9885000000000019
987,Williams,3,840,True,75.3595,0.9474642494336116,60,73.3045,2.0549999999999926
988,Alpine F1 Team,214,154,True,104.556,1.3772082232531415,51,102.396,2.1599999999999966
988,Alpine F1 Team,214,807,True,103.78550000000001,0.6631079492344013,52,102.396,1.3895000000000124
988,Alpine F1 Team,214,825,True,105.06,1.1392725997190483,51,102.396,2.6640000000000015
988,Alpine F1 Team,214,832,True,105.087,0.9359631889839585,29,102.396,2.6910000000000025
988,Aston Martin,117,815,True,103.9565,0.9133174682925899,52,102.396,1.5605000000000047
988,Aston Martin,117,839,True,104.435,1.0483796351281527,52,102.396,2.0390000000000015
988,Ferrari,6,8,False,103.1745,0.47183058032617103,52,102.396,0.778499999999994
988,Ferrari,6,20,False,102.923,0.9594780624875044,53,102.396,0.527000000000001
988,McLaren,1,4,False,104.23,1.0925126323135554,51,102.396,1.8340000000000032
988,McLaren,1,838,False,105.057,1.0468090756123045,51,102.396,2.6610000000000014
988,Mercedes,131,1,False,102.487,0.7700177584516606,53,102.396,0.09099999999999397
988,Mercedes,131,822,False,102.396,0.7805796318657073,53,102.396,0.0
988,RB F1 Team,215,828,True,105.58449999999999,1.2714270760825912,50,102.396,3.1884999999999906
988,RB F1 Team,215,836,True,105.403,1.0901134504729113,51,102.396,3.007000000000005
988,Red Bull,9,817,False,103.229,1.2852265192884655,18,102.396,0.8329999999999984
988,Red Bull,9,830,False,103.16550000000001,0.5603963946666399,52,102.396,0.7695000000000078
988,Unknown Team,216,842,True,105.2235,1.0763899407230773,50,102.396,2.8275000000000006
988,Unknown Team,216,843,True,105.64,1.222150045022701,51,102.396,3.2439999999999998
988,Williams,3,13,True,104.225,1.01297931496602,51,102.396,1.8289999999999935
988,Williams,3,840,True,105.39699999999999,1.5925336712932896,46,102.396,3.0009999999999906
989,Alpine F1 Team,214,154,True,90.09649999999999,0.642840162113392,22,87.954,2.1424999999999983
989,Alpine F1 Team,214,807,True,89.359,1.358515473473394,49,87.954,1.4050000000000011
989,Alpine F1 Team,214,825,True,90.418,0.4105780905273121,20,87.954,2.464000000000013
989,Alpine F1 Team,214,832,True,89.327,1.39602089287135,49,87.954,1.3730000000000047
989,Aston Martin,117,815,True,90.192,1.418440684163364,49,87.954,2.2379999999999995
989,Aston Martin,117,839,True,90.231,1.6534577899859693,49,87.954,2.277000000000001
989,Ferrari,6,8,False,87.982,1.5810969252575344,51,87.954,0.028000000000005798
989,Ferrari,6,20,False,87.998,1.152761143907082,51,87.954,0.04400000000001114
989,McLaren,1,4,False,89.043,1.3938462370537856,51,87.954,1.0890000000000128
989,McLaren,1,838,False,89.69300000000001,1.5088419670835913,50,87.954,1.7390000000000185
989,Mercedes,131,1,False,87.954,1.4986408995761296,51,87.954,0.0
989,Mercedes,131,822,False,89.5875,1.6174196230857616,50,87.954,1.6335000000000122
989,RB F1 Team,215,828,True,92.5175,0.4483097887250217,4,87.954,4.563500000000005
989,RB F1 Team,215,844,True,90.09100000000001,1.5411958574498008,50,87.954,2.1370000000000147
989,Red Bull,9,817,False,87.984,1.5803739083508308,51,87.954,0.030000000000001137
989,Red Bull,9,830,False,88.523,1.404163004393641,48,87.954,0.5690000000000026
989,Unknown Team,216,842,True,91.319,0.9033478138166217,11,87.954,3.365000000000009
989,Unknown Team,216,843,True,90.80250000000001,1.2268740932875577,48,87.954,2.8485000000000156
989,Williams,3,840,True,90.8845,1.2546135154146871,50,87.954,2.930500000000009
989,Williams,3,845,True,92.943,0.8173771059513117,3,87.954,4.989000000000004
990,Alpine F1 Team,214,154,True,96.565,1.3552308645154343,46,95.012,1.5529999999999973
990,Alpine F1 Team,214,807,True,96.396,1.1007961913432918,48,95.012,1.3840000000000003
990,Alpine F1 Team,214,825,True,96.088,1.2214699448297721,50,95.012,1.0759999999999934
990,Alpine F1 Team,214,832,True,97.094,1.0054989834275039,48,95.012,2.0819999999999936
990,Aston Martin,117,815,True,97.30250000000001,1.2443127977532376,48,95.012,2.2905000000000086
990,Aston Martin,117,839,True,97.03800000000001,0.990566200293107,48,95.012,2.0260000000000105
990,Ferrari,6,8,False,95.7795,0.9826367039521873,30,95.012,0.7674999999999983
990,Ferrari,6,20,False,95.315,0.9410576423428647,53,95.012,0.30299999999999727
990,McLaren,1,4,False,96.544,1.1274675785185753,47,95.012,1.5319999999999965
990,McLaren,1,838,False,96.35249999999999,0.90802076646005,48,95.012,1.3404999999999916
990,Mercedes,131,1,False,95.012,0.9065438976858032,51,95.012,0.0
990,Mercedes,131,822,False,95.216,1.106400200417239,53,95.012,0.20399999999999352
990,RB F1 Team,215,828,True,97.2465,1.0409066348376255,50,95.012,2.234499999999997
990,RB F1 Team,215,844,True,97.526,1.5970965237337433,50,95.012,2.513999999999996
990,Red Bull,9,817,False,98.684,,1,95.012,3.671999999999997
990,Unknown Team,216,842,True,95.9755,1.0801604952553103,50,95.012,0.9634999999999962
990,Unknown Team,216,843,True,96.614,1.202928408042584,48,95.012,1.6020000000000039
990,Williams,3,840,True,97.364,1.1853871969688192,48,95.012,2.352000000000004
990,Williams,3,845,True,97.17750000000001,1.6718692128553656,48,95.012,2.1655000000000086
991,Alpine F1 Team,214,154,True,99.844,1.291519015029813,46,97.7815,2.0625
991,Alpine F1 Team,214,807,True,99.077,1.2228917926113478,48,97.7815,1.295500000000004
991,Alpine F1 Team,214,825,True,99.778,1.0888254828855155,48,97.7815,1.9965000000000117
991,Alpine F1 Team,214,832,True,99.6125,1.0938404844030654,48,97.7815,1.831000000000003
991,Aston Martin,117,815,True,99.5495,1.3053384713639236,48,97.7815,1.7680000000000007
991,Aston Martin,117,839,True,99.64150000000001,1.1009984473726573,48,97.7815,1.8600000000000136
991,Ferrari,6,8,False,99.131,1.328778203635126,49,97.7815,1.3495000000000061
991,Ferrari,6,20,False,98.523,0.9649981539230175,49,97.7815,0.741500000000002
991,McLaren,1,4,False,99.976,1.3780627460971577,48,97.7815,2.194500000000005
991,McLaren,1,838,False,99.668,1.3258705127492532,48,97.7815,1.8865000000000123
991,Mercedes,131,1,False,98.1525,1.569735742871707,50,97.7815,0.3710000000000093
991,Mercedes,131,822,False,97.7815,0.9935208872839013,50,97.7815,0.0
991,RB F1 Team,215,828,True,100.9105,1.5214617831385073,50,97.7815,3.129000000000005
991,RB F1 Team,215,844,True,100.542,1.0096962458409144,48,97.7815,2.7605000000000075
991,Red Bull,9,817,False,97.823,1.5852212092679447,49,97.7815,0.041499999999999204
991,Red Bull,9,830,False,97.787,1.4299762993968526,49,97.7815,0.005500000000012051
991,Unknown Team,216,842,True,99.469,1.5842383181110764,50,97.7815,1.6875
991,Unknown Team,216,843,True,100.40100000000001,1.000435597636048,42,97.7815,2.6195000000000164
991,Williams,3,840,True,100.401,1.1757690374150866,48,97.7815,2.619500000000002
991,Williams,3,845,True,100.9055,1.3183769866731472,48,97.7815,3.1240000000000094
992,Alpine F1 Team,214,154,True,108.525,3.5715474385596995,35,106.746,1.7790000000000106
992,Alpine F1 Team,214,807,True,109.917,3.6666554651344,5,106.746,3.1710000000000065
992,Alpine F1 Team,214,825,True,110.34,3.135397133089567,39,106.746,3.5940000000000083
992,Alpine F1 Team,214,832,True,107.9515,4.0167923276078685,38,106.746,1.2055000000000007
992,Aston Martin,117,815,True,108.083,3.63834051481639,39,106.746,1.3370000000000033
992,Ferrari,6,8,False,107.95,5.313417923365346,39,106.746,1.2040000000000077
992,Ferrari,6,20,False,106.746,2.8923828310653215,37,106.746,0.0
992,McLaren,1,4,False,109.2255,5.476323739751334,40,106.746,2.4795000000000016
992,McLaren,1,838,False,110.245,6.209333418167824,39,106.746,3.4990000000000094
992,Mercedes,131,1,False,106.842,3.169615183253313,37,106.746,0.09600000000000364
992,Mercedes,131,822,False,106.937,1.7233157911324413,35,106.746,0.1910000000000025
992,RB F1 Team,215,828,True,111.0795,8.156616376626227,42,106.746,4.333500000000001
992,RB F1 Team,215,844,True,108.34,3.969031416720358,38,106.746,1.5940000000000083
992,Red Bull,9,817,False,107.122,3.608479121468736,33,106.746,0.3760000000000048
992,Red Bull,9,830,False,107.139,3.3140945890357085,33,106.746,0.3930000000000007
992,Unknown Team,216,842,True,110.971,5.954625282619407,39,106.746,4.2250000000000085
992,Unknown Team,216,843,True,111.049,4.969091431762949,39,106.746,4.3030000000000115
992,Williams,3,840,True,108.8565,3.9991478011115222,38,106.746,2.110500000000002
993,Alpine F1 Team,214,825,True,82.3615,1.331135470626512,54,80.71199999999999,1.6495000000000175
993,Alpine F1 Team,214,832,True,83.11,1.27898574346493,55,80.71199999999999,2.3980000000000103
993,Aston Martin,117,815,True,82.656,1.5737631861362538,54,80.71199999999999,1.9440000000000168
993,Aston Martin,117,839,True,83.80449999999999,1.2471213681500948,30,80.71199999999999,3.092500000000001
993,Ferrari,6,8,False,82.25999999999999,0.9694121812336495,18,80.71199999999999,1.5480000000000018
993,Ferrari,6,20,False,80.99350000000001,1.0398327437934272,56,80.71199999999999,0.2815000000000225
993,McLaren,1,4,False,82.876,1.4318809677217856,55,80.71199999999999,2.1640000000000157
993,McLaren,1,838,False,84.128,1.1287677634773006,35,80.71199999999999,3.416000000000011
993,Mercedes,131,1,False,80.71199999999999,0.9756904102343915,56,80.71199999999999,0.0
993,Mercedes,131,822,False,80.983,0.9855013853463135,56,80.71199999999999,0.271000000000015
993,RB F1 Team,215,828,True,83.75800000000001,1.1126371838093791,54,80.71199999999999,3.0460000000000207
993,RB F1 Team,215,844,True,83.5335,1.2344292520298428,54,80.71199999999999,2.8215000000000146
993,Red Bull,9,817,False,81.52,1.42663997770076,56,80.71199999999999,0.8080000000000069
993,Red Bull,9,830,False,81.1175,1.2081650365407353,56,80.71199999999999,0.40550000000001774
993,Unknown Team,216,843,True,83.696,1.5292125846894844,53,80.71199999999999,2.984000000000009
993,Williams,3,840,True,83.146,1.3130032842261021,54,80.71199999999999,2.4340000000000117
993,Williams,3,845,True,84.387,1.4669351531439345,51,80.71199999999999,3.6750000000000114
994,Alpine F1 Team,214,154,True,79.268,1.2210856578894964,71,78.36349999999999,0.904500000000013
994,Alpine F1 Team,214,807,True,78.8255,1.1307153093882067,74,78.36349999999999,0.4620000000000175
994,Alpine F1 Team,214,825,True,79.213,0.9356519707402344,73,78.36349999999999,0.8495000000000061
994,Alpine F1 Team,214,832,True,79.1845,0.628760670704713,72,78.36349999999999,0.8210000000000122
994,Aston Martin,117,815,True,79.1125,0.8775465917733819,74,78.36349999999999,0.7490000000000094
994,Aston Martin,117,839,True,78.697,0.8460355425203498,74,78.36349999999999,0.333500000000015
994,Ferrari,6,8,False,78.811,0.8666161293992328,74,78.36349999999999,0.4475000000000193
994,Ferrari,6,20,False,78.4045,1.0756041172088784,74,78.36349999999999,0.04100000000001103
994,McLaren,1,4,False,78.98750000000001,0.7862455042210432,48,78.36349999999999,0.6240000000000236
994,McLaren,1,838,False,79.236,1.1018379912238068,73,78.36349999999999,0.8725000000000165
994,Mercedes,131,1,False,78.645,0.8749733688054346,73,78.36349999999999,0.2815000000000083
994,Mercedes,131,822,False,78.67699999999999,0.8796555421441288,74,78.36349999999999,0.3135000000000048
994,RB F1 Team,215,828,True,79.25,0.9380271591450624,73,78.36349999999999,0.8865000000000123
994,RB F1 Team,215,844,True,79.2125,0.8264883001157806,68,78.36349999999999,0.849000000000018
994,Red Bull,9,817,False,78.36349999999999,1.199347616383216,74,78.36349999999999,0.0
994,Red Bull,9,830,False,78.81,1.5297998880535209,73,78.36349999999999,0.44650000000001455
994,Unknown Team,216,842,True,78.703,0.9648868383830649,74,78.36349999999999,0.33950000000001523
994,Unknown Team,216,843,True,79.087,0.8246955916701014,68,78.36349999999999,0.7235000000000156
994,Williams,3,840,True,79.2715,1.6493365205698143,64,78.36349999999999,0.9080000000000155
994,Williams,3,845,True,79.54,1.3501399403154841,67,78.36349999999999,1.1765000000000185
995,Alpine F1 Team,214,154,True,76.771,0.7957985029796406,60,75.21,1.561000000000007
995,Alpine F1 Team,214,807,True,76.607,0.7608187296224214,62,75.21,1.3970000000000056
995,Alpine F1 Team,214,825,True,77.072,1.0427785667840832,61,75.21,1.862000000000009
995,Alpine F1 Team,214,832,True,76.7125,0.7593116314283734,62,75.21,1.502500000000012
995,Aston Martin,117,815,True,76.657,0.9708014459494991,60,75.21,1.4470000000000027
995,Aston Martin,117,839,True,76.7,0.7821337195191705,62,75.21,1.490000000000009
995,Ferrari,6,8,False,75.471,0.9218854602624659,63,75.21,0.2610000000000099
995,Ferrari,6,20,False,75.21,0.6989467722035633,63,75.21,0.0
995,McLaren,1,4,False,77.042,0.890914526830514,35,75.21,1.8320000000000078
995,McLaren,1,838,False,77.299,1.120387469166238,58,75.21,2.089000000000013
995,Mercedes,131,1,False,75.348,0.9176737897160446,63,75.21,0.13800000000000523
995,Mercedes,131,822,False,75.27,0.7694093191928659,63,75.21,0.060000000000002274
995,RB F1 Team,215,828,True,77.757,0.9757713939631788,60,75.21,2.5470000000000113
995,RB F1 Team,215,844,True,76.784,0.9662718704404245,62,75.21,1.5740000000000123
995,Red Bull,9,817,False,75.26,0.8914310480144,63,75.21,0.05000000000001137
995,Red Bull,9,830,False,75.225,0.9219993252494016,63,75.21,0.015000000000000568
995,Unknown Team,216,842,True,76.715,0.7337065586511047,61,75.21,1.5050000000000097
995,Williams,3,845,True,77.4765,1.0028986170291467,56,75.21,2.2665000000000077
996,Alpine F1 Team,214,154,True,98.524,1.5837663273974398,45,95.946,2.578000000000003
996,Alpine F1 Team,214,807,True,98.019,1.4018898218930365,45,95.946,2.0730000000000075
996,Alpine F1 Team,214,825,True,97.903,1.4338501791901541,45,95.946,1.9570000000000078
996,Alpine F1 Team,214,832,True,98.451,1.363947210092525,45,95.946,2.5049999999999955
996,Aston Martin,117,815,True,98.9675,1.0047660062286818,22,95.946,3.021500000000003
996,Ferrari,6,8,False,96.7515,1.6978124614062282,46,95.946,0.805499999999995
996,Ferrari,6,20,False,97.116,1.4828408852297972,45,95.946,1.1700000000000017
996,McLaren,1,4,False,98.984,1.182217713431507,41,95.946,3.0379999999999967
996,McLaren,1,838,False,98.563,1.369749091234842,44,95.946,2.6170000000000044
996,Mercedes,131,1,False,96.274,0.9811656703774797,45,95.946,0.32800000000000296
996,Mercedes,131,822,False,97.574,1.6575215271999806,45,95.946,1.6280000000000001
996,RB F1 Team,215,828,True,98.995,1.4701465106189127,44,95.946,3.0490000000000066
996,RB F1 Team,215,844,True,98.487,1.44956639737684,45,95.946,2.540999999999997
996,Red Bull,9,817,False,96.624,1.1406744062220846,45,95.946,0.6779999999999973
996,Red Bull,9,830,False,95.946,1.1163306979890524,45,95.946,0.0
996,Unknown Team,216,843,True,99.1535,1.3083985521016341,44,95.946,3.207499999999996
996,Williams,3,840,True,99.566,1.0605434491478662,43,95.946,3.6200000000000045
996,Williams,3,845,True,99.72,1.1511649558406263,45,95.946,3.774000000000001
997,Alpine F1 Team,214,154,True,69.63,0.6482842637744773,67,68.3845,1.2454999999999927
997,Alpine F1 Team,214,807,True,70.707,0.6098052512437387,9,68.3845,2.322499999999991
997,Alpine F1 Team,214,825,True,69.491,0.7783317595245693,65,68.3845,1.106499999999997
997,Alpine F1 Team,214,832,True,69.851,0.7717447462505831,65,68.3845,1.4664999999999964
997,Aston Martin,117,815,True,69.545,0.7767380184520298,63,68.3845,1.160499999999999
997,Aston Martin,117,839,True,69.889,0.6726995356842566,67,68.3845,1.504499999999993
997,Ferrari,6,8,False,68.522,0.8189148898362182,68,68.3845,0.13750000000000284
997,Ferrari,6,20,False,68.3845,0.858800296772531,68,68.3845,0.0
997,McLaren,1,4,False,69.814,0.952622034379121,65,68.3845,1.4294999999999902
997,McLaren,1,838,False,70.32749999999999,1.014191094159135,54,68.3845,1.9429999999999836
997,Mercedes,131,1,False,68.607,0.5971754492372537,55,68.3845,0.2224999999999966
997,Mercedes,131,822,False,69.405,0.32401135174652046,12,68.3845,1.0204999999999984
997,RB F1 Team,215,828,True,69.75,1.0060906276956223,62,68.3845,1.3654999999999973
997,RB F1 Team,215,844,True,69.83449999999999,0.7076299189424862,64,68.3845,1.4499999999999886
997,Red Bull,9,817,False,68.703,0.6573076492364033,48,68.3845,0.3185000000000002
997,Red Bull,9,830,False,68.437,0.6132167668261914,68,68.3845,0.052499999999994884
997,Unknown Team,216,842,True,69.934,0.7878661197158789,65,68.3845,1.5494999999999948
997,Unknown Team,216,843,True,70.203,0.9292961637331123,48,68.3845,1.8185000000000002
997,Williams,3,840,True,70.409,0.7198305989202106,63,68.3845,2.0245000000000033
997,Williams,3,845,True,70.159,0.8322110161107366,59,68.3845,1.7745000000000033
998,Alpine F1 Team,214,154,True,95.42949999999999,0.7755752635418383,28,93.09649999999999,2.3329999999999984
998,Alpine F1 Team,214,807,True,95.2625,1.0974252138528573,40,93.09649999999999,2.166000000000011
998,Alpine F1 Team,214,825,True,95.05000000000001,1.1178237416103136,40,93.09649999999999,1.9535000000000196
998,Alpine F1 Team,214,832,True,95.459,0.5737435455712373,28,93.09649999999999,2.3625000000000114
998,Aston Martin,117,815,True,94.759,0.7833010780966395,39,93.09649999999999,1.6625000000000085
998,Aston Martin,117,839,True,95.242,1.4731214324956474,41,93.09649999999999,2.1455000000000126
998,Ferrari,6,8,False,93.207,1.4722659528782982,42,93.09649999999999,0.11050000000000182
998,Ferrari,6,20,False,93.09649999999999,0.9932710905636923,42,93.09649999999999,0.0
998,McLaren,1,4,False,94.968,0.9184787039200567,39,93.09649999999999,1.8715000000000117
998,McLaren,1,838,False,95.3615,1.1399927909690957,40,93.09649999999999,2.265000000000015
998,Mercedes,131,1,False,93.154,1.3209797112601591,41,93.09649999999999,0.05750000000000455
998,Mercedes,131,822,False,93.29599999999999,0.9384912162967778,42,93.09649999999999,0.19950000000000045
998,RB F1 Team,215,828,True,95.648,0.8513164245813061,28,93.09649999999999,2.5515000000000043
998,RB F1 Team,215,844,True,95.417,0.31029037475672155,16,93.09649999999999,2.3205000000000098
998,Red Bull,9,817,False,93.388,1.5173500044147477,40,93.09649999999999,0.2915000000000134
998,Red Bull,9,830,False,93.747,1.065404694482442,35,93.09649999999999,0.6505000000000081
998,Unknown Team,216,842,True,95.13499999999999,1.2507682961960833,40,93.09649999999999,2.038499999999999
998,Williams,3,840,True,96.494,1.3189066134029648,41,93.09649999999999,3.397500000000008
998,Williams,3,845,True,96.494,1.2074217057887193,41,93.09649999999999,3.397500000000008
999,Alpine F1 Team,214,154,True,79.5915,1.1754406202030645,56,78.065,1.5264999999999986
999,Alpine F1 Team,214,807,True,79.78649999999999,1.1465227178440358,56,78.065,1.7214999999999918
999,Alpine F1 Team,214,825,True,79.759,1.0721605490117323,56,78.065,1.6940000000000026
999,Alpine F1 Team,214,832,True,79.812,1.1556297532511486,55,78.065,1.7469999999999999
999,Aston Martin,117,815,True,79.6095,1.1417994041077362,56,78.065,1.5444999999999993
999,Aston Martin,117,839,True,80.418,1.4354215002774098,57,78.065,2.3530000000000086
999,Ferrari,6,8,False,78.1625,1.389082098773318,58,78.065,0.09749999999999659
999,Ferrari,6,20,False,78.3745,1.032435202017659,48,78.065,0.3094999999999999
999,McLaren,1,4,False,80.313,1.1738306918790593,49,78.065,2.2480000000000047
999,McLaren,1,838,False,80.806,1.578357577628447,57,78.065,2.7409999999999997
999,Mercedes,131,1,False,78.065,1.3462022126126187,57,78.065,0.0
999,Mercedes,131,822,False,78.313,1.3415482288507998,58,78.065,0.24800000000000466
999,RB F1 Team,215,828,True,80.35249999999999,1.152951231636658,56,78.065,2.2874999999999943
999,RB F1 Team,215,844,True,79.6515,0.9436979237428754,48,78.065,1.586500000000001
999,Red Bull,9,817,False,79.831,1.1603548449305774,26,78.065,1.7660000000000053
999,Red Bull,9,830,False,78.542,1.2969340526275872,53,78.065,0.47700000000000387
999,Unknown Team,216,842,True,80.781,1.3499276677790164,51,78.065,2.716000000000008
999,Unknown Team,216,843,True,80.553,1.2628017579470678,54,78.065,2.4879999999999995
999,Williams,3,840,True,80.714,1.1870507626598426,45,78.065,2.649000000000001
999,Williams,3,845,True,80.68,1.1368586601382393,45,78.065,2.615000000000009
1000,Alpine F1 Team,214,154,True,84.405,1.184321391060792,62,82.461,1.9440000000000026
1000,Alpine F1 Team,214,807,True,84.507,1.389297612237031,62,82.461,2.0460000000000065
1000,Alpine F1 Team,214,825,True,83.44,1.1966993719528685,62,82.461,0.9789999999999992
1000,Alpine F1 Team,214,832,True,84.323,1.0872069150295605,63,82.461,1.8619999999999948
1000,Aston Martin,117,815,True,84.207,1.1969293305474138,63,82.461,1.7459999999999951
1000,Aston Martin,117,839,True,84.526,1.1454615376138195,63,82.461,2.0649999999999977
1000,Ferrari,6,8,False,82.48849999999999,1.1897345496031033,62,82.461,0.0274999999999892
1000,Ferrari,6,20,False,82.652,1.1533011830391848,64,82.461,0.1910000000000025
1000,McLaren,1,4,False,84.0495,1.2180908970058946,62,82.461,1.5884999999999962
1000,McLaren,1,838,False,84.219,1.155171131945532,44,82.461,1.7579999999999956
1000,Mercedes,131,1,False,82.461,1.0727171908917132,65,82.461,0.0
1000,Mercedes,131,822,False,83.073,1.516460075180148,65,82.461,0.6119999999999948
1000,RB F1 Team,215,828,True,85.263,1.0508178618102328,63,82.461,2.8020000000000067
1000,Red Bull,9,817,False,82.62899999999999,1.6638440436940323,64,82.461,0.16799999999999216
1000,Red Bull,9,830,False,84.322,0.2919743139387409,4,82.461,1.8610000000000042
1000,Unknown Team,216,842,True,83.46600000000001,1.0307905069394259,64,82.461,1.0050000000000097
1000,Unknown Team,216,843,True,84.389,1.2148674188429336,63,82.461,1.9279999999999973
1000,Williams,3,840,True,85.4825,1.4397859539085744,62,82.461,3.021500000000003
1000,Williams,3,845,True,85.353,0.9564355802277964,61,82.461,2.891999999999996
1001,Alpine F1 Team,214,154,True,109.339,1.2703008270968421,38,107.607,1.7319999999999993
1001,Alpine F1 Team,214,825,True,110.608,1.7357324573748727,38,107.607,3.0010000000000048
1001,Alpine F1 Team,214,832,True,110.485,1.5523970068790254,37,107.607,2.878
1001,Aston Martin,117,815,True,109.9605,1.1396140336990015,38,107.607,2.353499999999997
1001,Aston Martin,117,839,True,109.90899999999999,1.1969724684917233,38,107.607,2.3019999999999925
1001,Ferrari,6,8,False,114.848,0.7467047609330024,2,107.607,7.241
1001,Ferrari,6,20,False,107.607,0.8943704398299009,38,107.607,0.0
1001,McLaren,1,838,False,112.023,1.8188791977577772,37,107.607,4.415999999999997
1001,Mercedes,131,1,False,108.1315,0.8732623420630382,38,107.607,0.5245000000000033
1001,Mercedes,131,822,False,108.9085,2.021599530961721,38,107.607,1.3015000000000043
1001,RB F1 Team,215,828,True,110.997,1.4213897219769667,37,107.607,3.3900000000000006
1001,Red Bull,9,817,False,110.548,1.601751172935423,26,107.607,2.9410000000000025
1001,Red Bull,9,830,False,108.8175,1.2751839822072486,38,107.607,1.2104999999999961
1001,Unknown Team,216,842,True,110.6845,1.3989503495013142,38,107.607,3.0775000000000006
1001,Unknown Team,216,843,True,111.454,1.6738795248355507,37,107.607,3.846999999999994
1001,Williams,3,840,True,111.286,1.382572526050555,37,107.607,3.679000000000002
1001,Williams,3,845,True,111.3,1.3378852059591442,37,107.607,3.692999999999998
1002,Alpine F1 Team,214,154,True,85.305,0.6875341664624206,48,84.3755,0.9295000000000044
1002,Alpine F1 Team,214,807,True,86.554,0.9968657394542653,47,84.3755,2.1784999999999997
1002,Alpine F1 Team,214,825,True,87.0135,0.9122131933626777,46,84.3755,2.637999999999991
1002,Alpine F1 Team,214,832,True,85.982,0.8288301248666816,48,84.3755,1.606499999999997
1002,Aston Martin,117,815,True,85.49799999999999,1.031879662701931,48,84.3755,1.122499999999988
1002,Aston Martin,117,839,True,85.47149999999999,0.8250223269598612,48,84.3755,1.0959999999999894
1002,Ferrari,6,8,False,84.56,0.6672368763805906,48,84.3755,0.1844999999999999
1002,Ferrari,6,20,False,84.517,1.2598527929248056,48,84.3755,0.14149999999999352
1002,McLaren,1,4,False,87.534,0.7835701627805841,5,84.3755,3.1585000000000036
1002,McLaren,1,838,False,86.105,1.0508468366063373,47,84.3755,1.7295000000000016
1002,Mercedes,131,1,False,84.452,0.6925946868594751,48,84.3755,0.0764999999999958
1002,Mercedes,131,822,False,84.672,1.0137550375472748,48,84.3755,0.29649999999999466
1002,RB F1 Team,215,828,True,86.569,1.1406119602425127,47,84.3755,2.1935000000000002
1002,RB F1 Team,215,844,True,86.472,1.1523595798599986,47,84.3755,2.096499999999992
1002,Red Bull,9,817,False,85.7635,0.9938116098081494,20,84.3755,1.387999999999991
1002,Red Bull,9,830,False,84.3755,0.6993307131574026,48,84.3755,0.0
1002,Unknown Team,216,842,True,86.417,1.0151986257717056,47,84.3755,2.041499999999999
1002,Williams,3,840,True,86.278,0.85919722928786,47,84.3755,1.9025000000000034
1002,Williams,3,845,True,86.212,0.8961386645006231,47,84.3755,1.836500000000001
1003,Alpine F1 Team,214,154,True,108.381,1.5611543143387743,53,105.228,3.153000000000006
1003,Alpine F1 Team,214,807,True,108.21950000000001,1.392055736170994,54,105.228,2.9915000000000163
1003,Alpine F1 Team,214,825,True,108.915,2.245901723555766,49,105.228,3.687000000000012
1003,Alpine F1 Team,214,832,True,107.25450000000001,1.5535952541883362,54,105.228,2.026500000000013
1003,Aston Martin,117,815,True,108.319,1.4489791374675869,50,105.228,3.091000000000008
1003,Ferrari,6,8,False,106.174,1.0016656841286695,55,105.228,0.9460000000000122
1003,Ferrari,6,20,False,105.801,1.0773589637165373,55,105.228,0.5730000000000075
1003,McLaren,1,4,False,107.048,1.7802694728494328,55,105.228,1.8200000000000074
1003,McLaren,1,838,False,108.2535,1.4143806348940797,54,105.228,3.025500000000008
1003,Mercedes,131,1,False,105.228,1.4779406302004399,55,105.228,0.0
1003,Mercedes,131,822,False,106.146,0.9766541496077941,55,105.228,0.9180000000000064
1003,RB F1 Team,215,828,True,107.95750000000001,1.5765677747207438,54,105.228,2.729500000000016
1003,RB F1 Team,215,844,True,107.219,1.56298952482637,54,105.228,1.9909999999999997
1003,Red Bull,9,817,False,106.228,1.4472671897471139,55,105.228,1.0
1003,Red Bull,9,830,False,105.283,1.345314144781105,55,105.228,0.05500000000000682
1003,Unknown Team,216,842,True,108.408,1.6611214397480782,53,105.228,3.180000000000007
1003,Unknown Team,216,843,True,108.429,1.9712388844601838,51,105.228,3.2010000000000076
1003,Williams,3,840,True,108.855,1.5294842013183734,54,105.228,3.6270000000000095
1003,Williams,3,845,True,109.452,1.7365206352550666,49,105.228,4.224000000000004
1004,Alpine F1 Team,214,154,True,100.935,1.5941019554023725,49,98.447,2.4879999999999995
1004,Alpine F1 Team,214,807,True,100.795,1.5197223190013034,49,98.447,2.347999999999999
1004,Alpine F1 Team,214,825,True,100.4705,1.7019156582378394,50,98.447,2.0234999999999985
1004,Alpine F1 Team,214,832,True,102.264,1.3232739571881609,47,98.447,3.816999999999993
1004,Aston Martin,117,815,True,100.662,1.5042054754071548,49,98.447,2.2150000000000034
1004,Aston Martin,117,839,True,100.118,1.5481488204976228,49,98.447,1.6709999999999923
1004,Ferrari,6,8,False,98.536,1.5133033380460021,51,98.447,0.08899999999999864
1004,Ferrari,6,20,False,98.559,1.3829481347937114,51,98.447,0.11199999999999477
1004,McLaren,1,4,False,101.758,1.232523325661352,49,98.447,3.310999999999993
1004,McLaren,1,838,False,101.76400000000001,1.6051750988809976,46,98.447,3.3170000000000073
1004,Mercedes,131,1,False,98.447,1.3441992537289629,51,98.447,0.0
1004,Mercedes,131,822,False,98.567,1.336661529010701,51,98.447,0.11999999999999034
1004,RB F1 Team,215,828,True,100.92,1.6628035835996497,47,98.447,2.472999999999999
1004,RB F1 Team,215,844,True,100.199,1.2752388645397579,50,98.447,1.7519999999999953
1004,Red Bull,9,817,False,99.3865,1.579941236830252,50,98.447,0.9394999999999953
1004,Red Bull,9,830,False,98.73349999999999,1.3313593581029148,50,98.447,0.28649999999998954
1004,Unknown Team,216,842,True,104.977,1.2812774875100275,2,98.447,6.530000000000001
1004,Unknown Team,216,843,True,105.852,,1,98.447,7.405000000000001
1004,Williams,3,840,True,101.028,1.4618816554324108,49,98.447,2.581000000000003
1004,Williams,3,845,True,101.651,1.5602909489754024,45,98.447,3.2039999999999935
1005,Alpine F1 Team,214,154,True,96.7045,1.451375324597406,46,94.37,2.3344999999999914
1005,Alpine F1 Team,214,807,True,97.832,1.1896123431999177,29,94.37,3.461999999999989
1005,Alpine F1 Team,214,825,True,100.0735,0.23405234457275442,2,94.37,5.703499999999991
1005,Alpine F1 Team,214,832,True,97.045,1.7010460813002843,45,94.37,2.674999999999997
1005,Aston Martin,117,815,True,96.29400000000001,1.7910035873103207,46,94.37,1.9240000000000066
1005,Aston Martin,117,839,True,96.57,1.7660307459532458,46,94.37,2.1999999999999886
1005,Ferrari,6,8,False,95.464,1.1343020704188633,46,94.37,1.093999999999994
1005,Ferrari,6,20,False,95.314,1.5407812002587236,45,94.37,0.9439999999999884
1005,McLaren,1,4,False,97.4915,1.095174245213265,44,94.37,3.1214999999999975
1005,McLaren,1,838,False,97.2175,1.6027745939615516,44,94.37,2.8474999999999966
1005,Mercedes,131,1,False,94.447,0.9109550459008254,46,94.37,0.07699999999999818
1005,Mercedes,131,822,False,94.72399999999999,0.7655253596900014,46,94.37,0.353999999999985
1005,RB F1 Team,215,828,True,97.5145,1.1150417777749744,46,94.37,3.1444999999999936
1005,RB F1 Team,215,844,True,97.711,1.0857397072171404,31,94.37,3.340999999999994
1005,Red Bull,9,817,False,94.546,1.2455525352958188,45,94.37,0.17600000000000193
1005,Red Bull,9,830,False,94.37,1.0201123874808082,46,94.37,0.0
1005,Unknown Team,216,842,True,97.0555,1.4167939604336768,44,94.37,2.6854999999999905
1005,Unknown Team,216,843,True,97.429,1.4456173205152636,45,94.37,3.0589999999999975
1005,Williams,3,840,True,96.912,1.805088842630633,43,94.37,2.5420000000000016
1005,Williams,3,845,True,97.5925,1.752944834865131,44,94.37,3.2224999999999966
1006,Alpine F1 Team,214,807,True,101.4135,1.2498319638186568,52,99.548,1.8654999999999973
1006,Alpine F1 Team,214,825,True,101.452,1.372586091874693,51,99.548,1.9039999999999964
1006,Alpine F1 Team,214,832,True,101.104,1.228055669340167,52,99.548,1.5559999999999974
1006,Aston Martin,117,815,True,101.656,1.360873813573686,51,99.548,2.108000000000004
1006,Aston Martin,117,839,True,101.081,1.1905271154194705,51,99.548,1.5330000000000013
1006,Ferrari,6,8,False,99.548,0.9262864813601355,52,99.548,0.0
1006,Ferrari,6,20,False,99.649,1.3706656316277532,51,99.548,0.10099999999999909
1006,McLaren,1,838,False,102.1095,1.491817463802488,50,99.548,2.5614999999999952
1006,Mercedes,131,1,False,99.607,1.3054572853915591,52,99.548,0.0589999999999975
1006,Mercedes,131,822,False,100.0735,1.2265682759924874,52,99.548,0.5254999999999939
1006,RB F1 Team,215,828,True,102.13,1.4649125437432584,50,99.548,2.5819999999999936
1006,RB F1 Team,215,844,True,102.9805,0.7006691526950979,26,99.548,3.4325000000000045
1006,Red Bull,9,817,False,101.3215,0.8665105308073366,8,99.548,1.7734999999999985
1006,Red Bull,9,830,False,99.61099999999999,1.5433832760049002,52,99.548,0.06299999999998818
1006,Unknown Team,216,842,True,102.221,1.4476384745720292,50,99.548,2.673000000000002
1006,Unknown Team,216,843,True,101.8035,1.3894200963285515,50,99.548,2.255499999999998
1006,Williams,3,840,True,102.52449999999999,1.5028521586064314,46,99.548,2.9764999999999873
1006,Williams,3,845,True,102.7165,1.107101451022957,50,99.548,3.1684999999999945
1007,Alpine F1 Team,214,154,True,84.8925,1.387725564705737,60,81.024,3.8684999999999974
1007,Alpine F1 Team,214,807,True,84.074,1.3036128146393033,61,81.024,3.049999999999997
1007,Alpine F1 Team,214,825,True,84.877,1.1357519614919387,61,81.024,3.8529999999999944
1007,Alpine F1 Team,214,832,True,84.139,1.164505657636174,25,81.024,3.114999999999995
1007,Aston Martin,117,815,True,84.442,1.1009240101552709,33,81.024,3.417999999999992
1007,Aston Martin,117,839,True,84.634,0.9299982181662249,61,81.024,3.6099999999999994
1007,Ferrari,6,8,False,81.5935,1.474049221411165,64,81.024,0.569500000000005
1007,Ferrari,6,20,False,81.102,1.110466951605564,62,81.024,0.07800000000000296
1007,McLaren,1,4,False,84.62049999999999,0.5989194436649966,2,81.024,3.596499999999992
1007,McLaren,1,838,False,84.427,1.0455812052780002,61,81.024,3.403000000000006
1007,Mercedes,131,1,False,81.8845,0.8857011479796811,62,81.024,0.8605000000000018
1007,Mercedes,131,822,False,81.89,1.2636575306633786,60,81.024,0.8659999999999997
1007,RB F1 Team,215,828,True,84.412,1.239275118857219,61,81.024,3.3880000000000052
1007,RB F1 Team,215,844,True,84.437,1.4480977463762972,61,81.024,3.4129999999999967
1007,Red Bull,9,817,False,81.54849999999999,0.9409735708503947,56,81.024,0.5244999999999891
1007,Red Bull,9,830,False,81.024,1.0162348436929804,62,81.024,0.0
1007,Unknown Team,216,842,True,83.969,1.0611301957002115,59,81.024,2.944999999999993
1007,Unknown Team,216,843,True,84.4495,1.300840786342597,60,81.024,3.4254999999999995
1007,Williams,3,840,True,84.328,0.9428073461704586,59,81.024,3.304000000000002
1007,Williams,3,845,True,84.384,1.1661416145795593,60,81.024,3.3599999999999994
1008,Alpine F1 Team,214,154,True,73.78999999999999,1.0100816568317315,68,73.289,0.5009999999999906
1008,Alpine F1 Team,214,807,True,75.6095,0.799019847839453,30,73.289,2.3204999999999956
1008,Alpine F1 Team,214,825,True,74.179,1.1289857153173766,68,73.289,0.8900000000000006
1008,Alpine F1 Team,214,832,True,74.902,1.111383010556597,65,73.289,1.6129999999999995
1008,Aston Martin,117,815,True,74.476,1.152285293082012,67,73.289,1.1869999999999976
1008,Aston Martin,117,839,True,74.561,1.2953784999317033,64,73.289,1.2720000000000056
1008,Ferrari,6,8,False,73.293,1.0155108403659452,68,73.289,0.0040000000000048885
1008,Ferrari,6,20,False,73.4435,1.2655496542106681,66,73.289,0.15449999999999875
1008,McLaren,1,4,False,75.0815,1.092824905262288,64,73.289,1.792500000000004
1008,McLaren,1,838,False,75.24,1.2191401473082626,67,73.289,1.9509999999999934
1008,Mercedes,131,1,False,73.451,1.0444878022114141,69,73.289,0.16199999999999193
1008,Mercedes,131,822,False,73.382,1.3767644205023903,67,73.289,0.09300000000000352
1008,RB F1 Team,215,828,True,76.311,0.5519805638400171,15,73.289,3.0220000000000056
1008,RB F1 Team,215,844,True,73.793,0.9242900038375648,68,73.289,0.5040000000000049
1008,Red Bull,9,817,False,73.3675,1.1240182889596297,68,73.289,0.07850000000000534
1008,Red Bull,9,830,False,73.289,0.9186565643975457,67,73.289,0.0
1008,Unknown Team,216,842,True,74.872,0.7899499778059023,67,73.289,1.5829999999999984
1008,Unknown Team,216,843,True,75.023,1.033109180324758,67,73.289,1.7339999999999947
1008,Williams,3,840,True,75.179,1.1644320286340346,63,73.289,1.8900000000000006
1008,Williams,3,845,True,75.17,0.9076283364436104,65,73.289,1.8810000000000002
1009,Alpine F1 Team,214,154,True,106.7375,1.5712631855379695,48,103.385,3.352499999999992
1009,Alpine F1 Team,214,825,True,105.5205,1.659518680584144,46,103.385,2.1354999999999933
1009,Alpine F1 Team,214,832,True,104.267,1.858608681088422,47,103.385,0.8819999999999908
1009,Aston Martin,117,815,True,104.795,1.4391199560559864,47,103.385,1.4099999999999966
1009,Aston Martin,117,839,True,106.497,1.593670068023573,36,103.385,3.1119999999999948
1009,Ferrari,6,8,False,105.198,,1,103.385,1.8129999999999882
1009,Ferrari,6,20,False,103.385,1.0918260354021094,47,103.385,0.0
1009,McLaren,1,4,False,106.30799999999999,1.654309557074498,46,103.385,2.9229999999999876
1009,McLaren,1,838,False,107.114,1.6222120646230824,46,103.385,3.728999999999999
1009,Mercedes,131,1,False,103.611,1.0443434393855937,49,103.385,0.2259999999999991
1009,Mercedes,131,822,False,104.1,1.1485923127942728,45,103.385,0.7149999999999892
1009,RB F1 Team,215,828,True,107.0015,0.9436291315493144,18,103.385,3.616499999999988
1009,RB F1 Team,215,844,True,104.975,1.5837897351511243,49,103.385,1.5899999999999892
1009,Red Bull,9,817,False,103.861,1.2918880796573595,47,103.385,0.4759999999999991
1009,Red Bull,9,830,False,103.638,1.1187576593156956,47,103.385,0.2530000000000001
1009,Unknown Team,216,842,True,106.366,1.3947705154957089,38,103.385,2.9809999999999945
1009,Unknown Team,216,843,True,107.06,1.296883541499689,48,103.385,3.674999999999997
1009,Williams,3,840,True,106.402,1.3106026833940954,46,103.385,3.016999999999996
1009,Williams,3,845,True,107.04650000000001,1.5804295222752658,46,103.385,3.6615000000000038
1010,Alfa Romeo,51,8,True,89.1315,0.8540378612296343,54,87.757,1.3744999999999976
1010,Alfa Romeo,51,841,True,90.65549999999999,1.4626408011564223,54,87.757,2.8984999999999843
1010,Alpine F1 Team,214,154,True,90.649,0.8036068077974841,26,87.757,2.891999999999996
1010,Alpine F1 Team,214,807,True,89.051,0.8646444638791299,54,87.757,1.293999999999997
1010,Alpine F1 Team,214,817,True,90.299,0.5997803546684009,26,87.757,2.5420000000000016
1010,Alpine F1 Team,214,825,True,89.015,0.8723393032144477,55,87.757,1.2579999999999956
1010,Aston Martin,117,815,True,89.97749999999999,1.0381839720484578,54,87.757,2.220499999999987
1010,Aston Martin,117,840,True,89.175,1.273679676045636,55,87.757,1.4179999999999922
1010,Ferrari,6,20,False,88.7055,0.8588131766586928,56,87.757,0.9484999999999957
1010,Ferrari,6,844,False,88.9585,1.2855486675436942,56,87.757,1.2014999999999958
1010,McLaren,1,832,False,91.392,0.4514869876308796,8,87.757,3.634999999999991
1010,McLaren,1,846,False,90.4375,1.014829036559926,54,87.757,2.680499999999995
1010,Mercedes,131,1,False,88.282,0.8050566109295401,55,87.757,0.5249999999999915
1010,Mercedes,131,822,False,87.757,1.334904117345617,57,87.757,0.0
1010,Red Bull,9,830,False,88.0945,1.188387183834166,56,87.757,0.3374999999999915
1010,Red Bull,9,842,False,89.25,1.3729101689428058,55,87.757,1.492999999999995
1010,Unknown Team,216,826,True,89.075,1.290004164550381,53,87.757,1.3179999999999978
1010,Unknown Team,216,848,True,89.988,1.113772778235042,54,87.757,2.2309999999999945
1010,Williams,3,9,True,91.023,1.2772306321901716,41,87.757,3.265999999999991
1010,Williams,3,847,True,91.645,1.3751183293112845,51,87.757,3.887999999999991
1011,Alfa Romeo,51,8,True,97.39699999999999,1.382293714026346,50,96.354,1.0429999999999922
1011,Alfa Romeo,51,841,True,98.452,1.4899972081879254,48,96.354,2.097999999999999
1011,Alpine F1 Team,214,154,True,98.5945,1.263150798424493,14,96.354,2.2404999999999973
1011,Alpine F1 Team,214,807,True,97.3545,0.9661048573014297,48,96.354,1.0005000000000024
1011,Alpine F1 Team,214,817,True,98.0715,0.8137964785936562,50,96.354,1.7175000000000011
1011,Alpine F1 Team,214,825,True,98.828,1.4812947938059033,49,96.354,2.4740000000000038
1011,Aston Martin,117,815,True,97.99199999999999,1.1879175346584123,48,96.354,1.637999999999991
1011,Aston Martin,117,840,True,98.35,0.7232982773097048,49,96.354,1.9959999999999951
1011,Ferrari,6,20,False,96.354,0.8865570267625871,48,96.354,0.0
1011,Ferrari,6,844,False,96.81899999999999,2.0446766343810086,50,96.354,0.4649999999999892
1011,McLaren,1,832,False,97.805,1.2820866363062862,46,96.354,1.4510000000000076
1011,McLaren,1,846,False,97.65,1.0144391215309663,49,96.354,1.2960000000000065
1011,Mercedes,131,1,False,96.8115,1.210559547633798,50,96.354,0.457499999999996
1011,Mercedes,131,822,False,96.78200000000001,1.0994898601865706,50,96.354,0.4280000000000115
1011,Red Bull,9,830,False,96.729,1.122751212015212,50,96.354,0.375
1011,Red Bull,9,842,False,97.965,1.3167452135789162,49,96.354,1.6110000000000042
1011,Unknown Team,216,826,True,98.04750000000001,1.445059230761081,48,96.354,1.6935000000000144
1011,Unknown Team,216,848,True,97.698,0.8797387628041214,48,96.354,1.343999999999994
1011,Williams,3,9,True,99.8185,0.8957799016138439,44,96.354,3.464500000000001
1011,Williams,3,847,True,99.529,1.1604257823315212,47,96.354,3.174999999999997
1012,Alfa Romeo,51,8,True,100.016,1.0270607130229954,51,97.2635,2.752500000000012
1012,Alfa Romeo,51,841,True,100.019,1.2271154325750826,49,97.2635,2.755500000000012
1012,Alpine F1 Team,214,154,True,99.961,1.2402202627638645,49,97.2635,2.697500000000005
1012,Alpine F1 Team,214,807,True,100.624,0.5839008166087509,11,97.2635,3.360500000000002
1012,Alpine F1 Team,214,817,True,100.026,0.7128567620057029,51,97.2635,2.762500000000003
1012,Alpine F1 Team,214,825,True,100.11,1.2939754608172744,49,97.2635,2.846500000000006
1012,Aston Martin,117,815,True,99.797,0.756485084543813,51,97.2635,2.5335000000000036
1012,Aston Martin,117,840,True,99.686,1.2273997073760008,49,97.2635,2.4225000000000136
1012,Ferrari,6,20,False,97.447,1.2013224345848141,50,97.2635,0.18350000000000932
1012,Ferrari,6,844,False,97.7565,1.5095130542053479,50,97.2635,0.4930000000000092
1012,McLaren,1,832,False,100.187,1.1329826563579104,51,97.2635,2.923500000000004
1012,McLaren,1,846,False,99.882,0.8699818775877569,43,97.2635,2.6185000000000116
1012,Mercedes,131,1,False,97.2635,1.0806993814476102,50,97.2635,0.0
1012,Mercedes,131,822,False,97.49799999999999,1.1556155636804313,50,97.2635,0.23449999999999704
1012,Red Bull,9,830,False,97.9135,1.1163876009299778,50,97.2635,0.6500000000000057
1012,Red Bull,9,842,False,98.7695,1.254134856927958,48,97.2635,1.5060000000000002
1012,Unknown Team,216,826,True,100.187,1.3905513730934609,33,97.2635,2.923500000000004
1012,Unknown Team,216,848,True,99.8065,0.9474069101068773,52,97.2635,2.5430000000000064
1012,Williams,3,9,True,102.033,1.1194837336611814,49,97.2635,4.769500000000008
1012,Williams,3,847,True,101.677,1.3046708889925642,47,97.2635,4.413500000000013
1013,Alfa Romeo,51,8,True,108.491,1.3873245653036532,45,105.794,2.6970000000000027
1013,Alfa Romeo,51,841,True,108.313,1.7886636140741763,44,105.794,2.5190000000000055
1013,Alpine F1 Team,214,154,True,110.253,1.527383869513,33,105.794,4.459000000000003
1013,Alpine F1 Team,214,807,True,108.916,1.567708124692753,42,105.794,3.122
1013,Alpine F1 Team,214,817,True,108.284,1.829262763085241,27,105.794,2.490000000000009
1013,Alpine F1 Team,214,825,True,108.838,1.6473756248940195,45,105.794,3.043999999999997
1013,Aston Martin,117,815,True,107.649,1.9752901649865675,47,105.794,1.855000000000004
1013,Aston Martin,117,840,True,107.92949999999999,1.7786944570379686,46,105.794,2.1354999999999933
1013,Ferrari,6,20,False,106.071,1.7162515888379226,47,105.794,0.277000000000001
1013,Ferrari,6,844,False,107.32,1.8240268487694198,44,105.794,1.5259999999999962
1013,McLaren,1,832,False,107.432,1.664010787079489,46,105.794,1.6380000000000052
1013,McLaren,1,846,False,107.733,1.8859678224182481,47,105.794,1.9390000000000072
1013,Mercedes,131,1,False,105.794,1.7558018000751356,47,105.794,0.0
1013,Mercedes,131,822,False,106.092,1.4452856194327472,47,105.794,0.2980000000000018
1013,Red Bull,9,830,False,105.91,2.1015162859891183,47,105.794,0.11599999999999966
1013,Red Bull,9,842,False,107.474,1.974766744883229,37,105.794,1.6800000000000068
1013,Unknown Team,216,826,True,108.697,1.323859442449167,27,105.794,2.903000000000006
1013,Unknown Team,216,848,True,108.27,2.0679981407392565,45,105.794,2.475999999999999
1013,Williams,3,9,True,110.64099999999999,1.5586378995530328,40,105.794,4.846999999999994
1013,Williams,3,847,True,110.824,1.837911422364064,43,105.794,5.030000000000001
1014,Alfa Romeo,51,8,True,84.292,1.2988652641097118,57,81.95,2.3419999999999987
1014,Alfa Romeo,51,841,True,84.94,1.50769403341419,54,81.95,2.989999999999995
1014,Alpine F1 Team,214,154,True,82.91050000000001,1.0239482813073106,56,81.95,0.9605000000000103
1014,Alpine F1 Team,214,807,True,84.196,1.36214601941036,57,81.95,2.245999999999995
1014,Alpine F1 Team,214,817,True,83.763,1.255175062928077,57,81.95,1.8130000000000024
1014,Alpine F1 Team,214,825,True,83.659,1.2077448634620072,55,81.95,1.7090000000000032
1014,Aston Martin,117,815,True,83.858,1.0866413033080957,57,81.95,1.9080000000000013
1014,Aston Martin,117,840,True,84.249,0.8695356168808664,41,81.95,2.2989999999999924
1014,Ferrari,6,20,False,81.95,1.3564695354592158,54,81.95,0.0
1014,Ferrari,6,844,False,82.55799999999999,1.1803146409425735,56,81.95,0.6079999999999899
1014,McLaren,1,832,False,83.548,1.2919660827291666,55,81.95,1.597999999999999
1014,McLaren,1,846,False,84.3,1.0498733227882584,41,81.95,2.3499999999999943
1014,Mercedes,131,1,False,81.972,1.298777333506429,57,81.95,0.02199999999999136
1014,Mercedes,131,822,False,82.08349999999999,1.4828475684855864,56,81.95,0.13349999999998374
1014,Red Bull,9,830,False,82.192,1.4935343565094479,55,81.95,0.24199999999999022
1014,Red Bull,9,842,False,82.819,1.133089842811719,56,81.95,0.8689999999999998
1014,Unknown Team,216,826,True,83.094,1.2190310793374404,55,81.95,1.1439999999999912
1014,Unknown Team,216,848,True,83.17,1.2455391827998505,57,81.95,1.2199999999999989
1014,Williams,3,9,True,86.303,1.5269911335950594,56,81.95,4.352999999999994
1014,Williams,3,847,True,86.0625,1.6707811393430334,56,81.95,4.112499999999997
1015,Alfa Romeo,51,8,True,79.3665,1.2108023108470558,68,77.387,1.9795000000000016
1015,Alfa Romeo,51,841,True,79.311,1.3240966416117308,67,77.387,1.9240000000000066
1015,Alpine F1 Team,214,154,True,78.349,1.108239770234751,71,77.387,0.9620000000000033
1015,Alpine F1 Team,214,807,True,79.02799999999999,1.4749890373247796,68,77.387,1.6409999999999911
1015,Alpine F1 Team,214,817,True,78.945,1.716345528325444,73,77.387,1.5579999999999927
1015,Alpine F1 Team,214,825,True,79.0935,1.3999109132406928,70,77.387,1.7065000000000055
1015,Aston Martin,117,815,True,78.884,1.4319195589675395,68,77.387,1.4969999999999999
1015,Aston Martin,117,840,True,79.466,1.2774148097375926,68,77.387,2.0789999999999935
1015,Ferrari,6,20,False,77.529,0.842645191613751,73,77.387,0.1419999999999959
1015,Ferrari,6,844,False,79.97399999999999,1.3398344713860286,8,77.387,2.586999999999989
1015,McLaren,1,832,False,78.383,0.9418108222725526,71,77.387,0.9959999999999951
1015,McLaren,1,846,False,78.66900000000001,1.3602749049281195,70,77.387,1.2820000000000107
1015,Mercedes,131,1,False,77.5315,0.9115287661921074,74,77.387,0.14449999999999363
1015,Mercedes,131,822,False,77.4855,1.2037144659551953,74,77.387,0.09850000000000136
1015,Red Bull,9,830,False,77.497,0.7734593912965239,73,77.387,0.10999999999999943
1015,Red Bull,9,842,False,77.387,1.8323605847856552,71,77.387,0.0
1015,Unknown Team,216,826,True,78.35,1.018383651464131,71,77.387,0.9629999999999939
1015,Unknown Team,216,848,True,78.34,1.1071598102680666,71,77.387,0.953000000000003
1015,Williams,3,9,True,78.943,1.1907946889981293,65,77.387,1.5559999999999974
1015,Williams,3,847,True,79.171,1.4302570366767418,69,77.387,1.784000000000006
1016,Alfa Romeo,51,8,True,77.696,0.9585621714518333,65,75.7175,1.9784999999999968
1016,Alfa Romeo,51,841,True,77.759,0.9807216272195634,65,75.7175,2.041499999999999
1016,Alpine F1 Team,214,154,True,77.987,1.1214094010269078,65,75.7175,2.2694999999999936
1016,Alpine F1 Team,214,807,True,77.099,0.8208513952697154,67,75.7175,1.3815000000000026
1016,Alpine F1 Team,214,817,True,76.982,0.7157839806254003,67,75.7175,1.2644999999999982
1016,Alpine F1 Team,214,825,True,78.822,0.9276589312230658,63,75.7175,3.1045000000000016
1016,Aston Martin,117,815,True,77.543,0.9446923075039307,67,75.7175,1.8255000000000052
1016,Aston Martin,117,840,True,77.31,0.9285747449654999,67,75.7175,1.5925000000000011
1016,Ferrari,6,20,False,75.827,0.9952369381640321,69,75.7175,0.10949999999999704
1016,Ferrari,6,844,False,75.90899999999999,1.0497897748285043,68,75.7175,0.19149999999999068
1016,McLaren,1,832,False,77.486,0.8057605518626683,67,75.7175,1.768500000000003
1016,McLaren,1,846,False,78.619,0.5225486261264763,6,75.7175,2.9014999999999986
1016,Mercedes,131,1,False,75.7175,0.88209948891303,68,75.7175,0.0
1016,Mercedes,131,822,False,76.71,1.2232140131374458,67,75.7175,0.9924999999999926
1016,Red Bull,9,830,False,76.783,0.8754459316463732,68,75.7175,1.0655000000000001
1016,Red Bull,9,842,False,77.242,0.8114366494075873,67,75.7175,1.5245000000000033
1016,Unknown Team,216,826,True,77.3765,0.9205839837275156,66,75.7175,1.6589999999999918
1016,Unknown Team,216,848,True,78.1745,0.9023686147484817,56,75.7175,2.4569999999999936
1016,Williams,3,9,True,79.031,0.9876863609492701,53,75.7175,3.3135000000000048
1016,Williams,3,847,True,78.384,1.0535674744146077,59,75.7175,2.666499999999999
1017,Alfa Romeo,51,8,True,96.786,1.2008804146992116,49,94.811,1.9749999999999943
1017,Alfa Romeo,51,841,True,97.301,1.3602033626590784,47,94.811,2.489999999999995
1017,Alpine F1 Team,214,154,True,97.9265,1.3451407155816233,42,94.811,3.1154999999999973
1017,Alpine F1 Team,214,807,True,96.849,1.3068834028869973,49,94.811,2.0379999999999967
1017,Alpine F1 Team,214,817,True,96.796,1.1911455616966709,49,94.811,1.9849999999999994
1017,Alpine F1 Team,214,825,True,97.904,1.3395187267140773,49,94.811,3.0929999999999893
1017,Aston Martin,117,815,True,96.644,1.278892011884184,49,94.811,1.8329999999999984
1017,Aston Martin,117,840,True,96.734,1.2984185697658996,49,94.811,1.9229999999999876
1017,Ferrari,6,20,False,95.4045,1.3879165733034349,48,94.811,0.5934999999999917
1017,Ferrari,6,844,False,94.932,1.1215970392111962,50,94.811,0.12099999999999511
1017,McLaren,1,832,False,96.7465,1.2436303048342188,50,94.811,1.9354999999999905
1017,McLaren,1,846,False,96.83,1.41904806707407,49,94.811,2.0189999999999912
1017,Mercedes,131,1,False,94.811,1.441046037827118,51,94.811,0.0
1017,Mercedes,131,822,False,95.138,1.091419689567451,50,94.811,0.3269999999999982
1017,Red Bull,9,830,False,95.3475,1.1058015006209452,50,94.811,0.5364999999999895
1017,Red Bull,9,842,False,96.816,1.0198600444154289,48,94.811,2.0049999999999955
1017,Unknown Team,216,826,True,97.179,1.4801115032573784,49,94.811,2.367999999999995
1017,Unknown Team,216,848,True,96.9945,1.2565926147947706,48,94.811,2.183499999999995
1017,Williams,3,9,True,99.15350000000001,1.2233151426203515,46,94.811,4.342500000000001
1017,Williams,3,847,True,98.661,1.4836542135054647,45,94.811,3.8499999999999943
1018,Alfa Romeo,51,8,True,70.176,0.6699195071706373,67,68.73949999999999,1.4365000000000094
1018,Alfa Romeo,51,841,True,70.161,0.6709616986724896,67,68.73949999999999,1.4215000000000089
1018,Alpine F1 Team,214,154,True,69.702,1.1804439858994404,65,68.73949999999999,0.9625000000000057
1018,Alpine F1 Team,214,807,True,70.132,0.7312032087725133,67,68.73949999999999,1.3925000000000125
1018,Alpine F1 Team,214,817,True,70.281,1.123979775800652,67,68.73949999999999,1.5415000000000134
1018,Alpine F1 Team,214,825,True,70.373,1.0577237592205577,61,68.73949999999999,1.6335000000000122
1018,Aston Martin,117,815,True,70.032,0.7024459759748644,67,68.73949999999999,1.292500000000004
1018,Aston Martin,117,840,True,70.193,0.8432866119028368,67,68.73949999999999,1.4535000000000053
1018,Ferrari,6,20,False,68.73949999999999,0.7618740659109419,66,68.73949999999999,0.0
1018,Ferrari,6,844,False,69.028,0.5701770077084416,69,68.73949999999999,0.2885000000000133
1018,McLaren,1,832,False,70.149,1.095773838362388,67,68.73949999999999,1.4095000000000084
1018,McLaren,1,846,False,69.888,0.7040972597257614,67,68.73949999999999,1.1485000000000127
1018,Mercedes,131,1,False,69.156,0.6322058335533923,68,68.73949999999999,0.4165000000000134
1018,Mercedes,131,822,False,69.169,0.5894826379779091,69,68.73949999999999,0.42950000000000443
1018,Red Bull,9,830,False,68.855,0.8898235852965153,68,68.73949999999999,0.11550000000001148
1018,Red Bull,9,842,False,69.768,0.7451863007296335,67,68.73949999999999,1.0285000000000082
1018,Unknown Team,216,826,True,70.4945,0.9309509938303592,66,68.73949999999999,1.7550000000000097
1018,Unknown Team,216,848,True,70.3785,1.1105928643100536,66,68.73949999999999,1.63900000000001
1018,Williams,3,9,True,71.9285,0.6097334677495518,58,68.73949999999999,3.189000000000007
1018,Williams,3,847,True,70.605,0.9187596344340444,65,68.73949999999999,1.8655000000000115
1019,Alfa Romeo,51,8,True,91.499,1.2640392079330116,45,89.68350000000001,1.815499999999986
1019,Alfa Romeo,51,841,True,93.147,0.8184015491115847,17,89.68350000000001,3.4634999999999962
1019,Alpine F1 Team,214,154,True,94.696,0.23620182048409827,5,89.68350000000001,5.012499999999989
1019,Alpine F1 Team,214,807,True,91.592,1.3255252044668127,45,89.68350000000001,1.9084999999999894
1019,Alpine F1 Team,214,817,True,91.412,1.118460365363424,45,89.68350000000001,1.7284999999999968
1019,Alpine F1 Team,214,825,True,93.954,1.4461197506891799,3,89.68350000000001,4.270499999999984
1019,Aston Martin,117,815,True,91.9395,1.2670867249678444,40,89.68350000000001,2.255999999999986
1019,Aston Martin,117,840,True,91.832,1.5214674456791188,43,89.68350000000001,2.1484999999999843
1019,Ferrari,6,20,False,90.981,1.1410987385491655,43,89.68350000000001,1.2974999999999852
1019,Ferrari,6,844,False,90.386,1.337271990588155,46,89.68350000000001,0.7024999999999864
1019,McLaren,1,832,False,91.31,1.2063763620527055,47,89.68350000000001,1.626499999999993
1019,McLaren,1,846,False,91.544,1.1708626156271755,43,89.68350000000001,1.8604999999999876
1019,Mercedes,131,1,False,89.68350000000001,1.2804669914964932,48,89.68350000000001,0.0
1019,Mercedes,131,822,False,89.8225,1.205527517808901,44,89.68350000000001,0.1389999999999958
1019,Red Bull,9,830,False,90.028,1.4554887488331256,45,89.68350000000001,0.3444999999999965
1019,Red Bull,9,842,False,90.617,1.0137895593795976,45,89.68350000000001,0.9334999999999951
1019,Unknown Team,216,826,True,91.767,1.318907139807183,45,89.68350000000001,2.0834999999999866
1019,Unknown Team,216,848,True,91.765,0.869452602666078,45,89.68350000000001,2.0814999999999912
1019,Williams,3,9,True,93.5495,1.0627805543776685,46,89.68350000000001,3.8659999999999854
1019,Williams,3,847,True,93.14150000000001,1.0618129706031365,46,89.68350000000001,3.4579999999999984
1020,Alfa Romeo,51,8,True,92.447,13.531117872253091,57,90.659,1.7879999999999967
1020,Alfa Romeo,51,841,True,92.968,15.096870044220642,59,90.659,2.3089999999999975
1020,Alpine F1 Team,214,154,True,93.2875,12.444219267655708,56,90.659,2.6284999999999883
1020,Alpine F1 Team,214,807,True,91.7295,8.494924963119583,32,90.659,1.0704999999999956
1020,Alpine F1 Team,214,817,True,95.7405,12.141551791640595,12,90.659,5.081499999999991
1020,Alpine F1 Team,214,825,True,93.516,14.307786850709507,58,90.659,2.8569999999999993
1020,Aston Martin,117,815,True,112.843,,1,90.659,22.183999999999997
1020,Aston Martin,117,840,True,92.9015,13.704478790465924,58,90.659,2.2424999999999926
1020,Ferrari,6,20,False,92.9645,15.605469219152281,58,90.659,2.305499999999995
1020,Ferrari,6,844,False,91.391,5.056742050961319,23,90.659,0.7319999999999993
1020,McLaren,1,832,False,92.928,14.493186249018652,59,90.659,2.2689999999999912
1020,McLaren,1,846,False,93.461,10.61869665636239,23,90.659,2.8019999999999925
1020,Mercedes,131,1,False,90.8975,12.776193889272982,54,90.659,0.23849999999998772
1020,Mercedes,131,822,False,91.0245,13.182190672073197,48,90.659,0.36549999999999727
1020,Red Bull,9,830,False,90.659,14.748170203870515,54,90.659,0.0
1020,Red Bull,9,842,False,92.999,13.635935352970266,54,90.659,2.339999999999989
1020,Unknown Team,216,826,True,93.466,14.656089540273264,59,90.659,2.806999999999988
1020,Unknown Team,216,848,True,92.5025,14.956751619474545,58,90.659,1.8434999999999917
1020,Williams,3,9,True,95.236,12.843412288445302,59,90.659,4.576999999999998
1020,Williams,3,847,True,94.7875,12.033446586751484,58,90.659,4.128499999999988
1021,Alfa Romeo,51,8,True,82.6695,1.0585870916160447,66,81.275,1.3944999999999936
1021,Alfa Romeo,51,841,True,84.03,1.0642688448124595,65,81.275,2.7549999999999955
1021,Alpine F1 Team,214,154,True,84.044,0.7314839649022309,45,81.275,2.7689999999999912
1021,Alpine F1 Team,214,807,True,83.38550000000001,1.0081195233833058,66,81.275,2.110500000000002
1021,Alpine F1 Team,214,817,True,83.372,1.3877830426354856,66,81.275,2.096999999999994
1021,Alpine F1 Team,214,825,True,83.29050000000001,1.2565687238702254,66,81.275,2.015500000000003
1021,Aston Martin,117,815,True,82.9485,1.1132721912429466,66,81.275,1.67349999999999
1021,Aston Martin,117,840,True,83.835,1.2701204862796187,63,81.275,2.559999999999988
1021,Ferrari,6,20,False,82.416,1.3048324483346565,67,81.275,1.1409999999999911
1021,Ferrari,6,844,False,82.117,0.8572113752900837,67,81.275,0.8419999999999987
1021,McLaren,1,832,False,82.577,0.9659401517122901,66,81.275,1.3019999999999925
1021,McLaren,1,846,False,82.6405,1.0587562705015419,66,81.275,1.3654999999999973
1021,Mercedes,131,1,False,81.275,1.4880419841590549,66,81.275,0.0
1021,Mercedes,131,822,False,82.0515,1.5727186236093158,64,81.275,0.7764999999999986
1021,Red Bull,9,830,False,81.366,1.1416288910770283,66,81.275,0.09099999999999397
1021,Red Bull,9,842,False,82.418,1.0277524091201262,66,81.275,1.1430000000000007
1021,Unknown Team,216,826,True,82.94649999999999,1.0797430470343592,64,81.275,1.6714999999999804
1021,Unknown Team,216,848,True,82.8355,1.2822125095242356,66,81.275,1.5604999999999905
1021,Williams,3,9,True,84.2875,0.8882613182431371,62,81.275,3.0124999999999886
1021,Williams,3,847,True,83.948,1.1560576634207482,65,81.275,2.6729999999999876
1022,Alfa Romeo,51,8,True,112.274,1.577672380324772,37,108.2495,4.024500000000003
1022,Alfa Romeo,51,841,True,110.7385,1.474842890475893,36,108.2495,2.4890000000000043
1022,Alpine F1 Team,214,154,True,111.145,1.2622038159397875,37,108.2495,2.8954999999999984
1022,Alpine F1 Team,214,807,True,110.263,1.3775423584072988,36,108.2495,2.0135000000000076
1022,Alpine F1 Team,214,817,True,111.187,1.0994335423817634,37,108.2495,2.9375
1022,Alpine F1 Team,214,825,True,111.934,1.838856269500125,37,108.2495,3.6845
1022,Aston Martin,117,815,True,109.87,1.3491880072121558,38,108.2495,1.620500000000007
1022,Aston Martin,117,840,True,110.2115,1.477589423340681,36,108.2495,1.9620000000000033
1022,Ferrari,6,20,False,108.2495,1.3235515665082143,36,108.2495,0.0
1022,Ferrari,6,844,False,108.6025,0.9978882343053256,38,108.2495,0.35300000000000864
1022,McLaren,1,846,False,109.459,1.1131105653216233,37,108.2495,1.2095000000000056
1022,Mercedes,131,1,False,108.35900000000001,1.1773125084411566,38,108.2495,0.10950000000001125
1022,Mercedes,131,822,False,109.14949999999999,1.3710718030238238,38,108.2495,0.8999999999999915
1022,Red Bull,9,848,False,110.3125,1.7927408787841452,38,108.2495,2.0630000000000024
1022,Unknown Team,216,826,True,110.548,1.3514611712133244,38,108.2495,2.298500000000004
1022,Unknown Team,216,842,True,111.0515,0.9588854887378833,38,108.2495,2.8020000000000067
1022,Williams,3,9,True,112.207,1.435951898342831,37,108.2495,3.957499999999996
1022,Williams,3,847,True,112.233,1.7107003088052979,37,108.2495,3.9835000000000065
1023,Alfa Romeo,51,8,True,86.369,1.2175754672704917,44,84.046,2.3229999999999933
1023,Alfa Romeo,51,841,True,85.83600000000001,0.9277780721744457,46,84.046,1.7900000000000063
1023,Alpine F1 Team,214,154,True,86.52,1.0695394638097568,45,84.046,2.4739999999999895
1023,Alpine F1 Team,214,807,True,85.57499999999999,1.1715905818282095,50,84.046,1.5289999999999822
1023,Alpine F1 Team,214,817,True,85.381,0.7911438766137239,49,84.046,1.3349999999999937
1023,Alpine F1 Team,214,825,True,86.23349999999999,1.012498600602007,34,84.046,2.187499999999986
1023,Aston Martin,117,815,True,85.708,1.3586604744615036,49,84.046,1.661999999999992
1023,Aston Martin,117,840,True,84.8065,1.0217728230398082,44,84.046,0.7604999999999933
1023,Ferrari,6,20,False,84.956,1.2372614323611775,44,84.046,0.9099999999999966
1023,Ferrari,6,844,False,84.046,0.784281580676933,49,84.046,0.0
1023,McLaren,1,832,False,86.043,0.4314272708116622,25,84.046,1.9969999999999999
1023,McLaren,1,846,False,85.595,1.3444690597886364,47,84.046,1.5489999999999924
1023,Mercedes,131,1,False,84.258,0.868356030202834,47,84.046,0.21199999999998909
1023,Mercedes,131,822,False,84.673,1.066714201215508,49,84.046,0.6269999999999953
1023,Red Bull,9,830,False,84.825,0.9865691240479926,48,84.046,0.7789999999999964
1023,Red Bull,9,848,False,85.3755,1.5075477091294467,48,84.046,1.329499999999996
1023,Unknown Team,216,826,True,86.0415,0.6548484510527215,26,84.046,1.9954999999999927
1023,Unknown Team,216,842,True,86.042,1.145461345398454,47,84.046,1.9959999999999951
1023,Williams,3,9,True,87.552,1.1723664456253888,45,84.046,3.5060000000000002
1023,Williams,3,847,True,86.58,1.3509765293274771,47,84.046,2.533999999999992
1024,Alfa Romeo,51,8,True,108.975,1.3337428734776964,37,107.494,1.4809999999999945
1024,Alfa Romeo,51,841,True,109.177,2.514542415196669,49,107.494,1.683000000000007
1024,Alpine F1 Team,214,154,True,109.685,1.9480113301674336,47,107.494,2.1910000000000025
1024,Alpine F1 Team,214,807,True,108.32300000000001,1.451496054913378,48,107.494,0.8290000000000077
1024,Alpine F1 Team,214,817,True,108.71,1.9459417147648042,47,107.494,1.215999999999994
1024,Alpine F1 Team,214,825,True,109.405,2.5251520825678235,46,107.494,1.9110000000000014
1024,Aston Martin,117,815,True,108.57,1.7608646942566268,34,107.494,1.0759999999999934
1024,Aston Martin,117,840,True,108.854,1.9672901798389604,46,107.494,1.3599999999999994
1024,Ferrari,6,20,False,107.494,1.7712018138112475,48,107.494,0.0
1024,Ferrari,6,844,False,107.85849999999999,1.69376246953091,48,107.494,0.3644999999999925
1024,McLaren,1,832,False,108.97200000000001,2.26646230140134,50,107.494,1.4780000000000086
1024,McLaren,1,846,False,108.7285,1.930961692198372,48,107.494,1.234499999999997
1024,Mercedes,131,1,False,108.44399999999999,1.6147374628789775,48,107.494,0.9499999999999886
1024,Mercedes,131,822,False,108.5755,1.8220051000650552,48,107.494,1.0815000000000055
1024,Red Bull,9,830,False,107.93299999999999,1.7932761097147714,48,107.494,0.43899999999999295
1024,Red Bull,9,848,False,108.7485,1.6789133327016543,48,107.494,1.2545000000000073
1024,Unknown Team,216,826,True,108.74,2.1029679214459955,47,107.494,1.2459999999999951
1024,Unknown Team,216,842,True,108.929,1.513625867080395,47,107.494,1.4350000000000023
1024,Williams,3,9,True,110.391,2.2744239662722046,47,107.494,2.8970000000000056
1024,Williams,3,847,True,109.0925,0.6428963248267999,32,107.494,1.5985000000000014
1025,Alfa Romeo,51,8,True,101.118,1.482020376905679,43,97.74,3.378
1025,Alfa Romeo,51,841,True,101.4255,1.7421173601126767,44,97.74,3.6855000000000047
1025,Alpine F1 Team,214,807,True,100.249,1.7244063549102622,43,97.74,2.5090000000000003
1025,Alpine F1 Team,214,817,True,102.415,1.536582478842484,21,97.74,4.675000000000011
1025,Alpine F1 Team,214,825,True,100.586,1.5645770600285818,45,97.74,2.8460000000000036
1025,Aston Martin,117,815,True,100.223,2.0626596333404534,43,97.74,2.483000000000004
1025,Aston Martin,117,840,True,100.70349999999999,1.4914096259259002,44,97.74,2.9634999999999962
1025,Ferrari,6,20,False,98.8435,0.40353926891747094,22,97.74,1.103500000000011
1025,Ferrari,6,844,False,97.74,1.0542611752749524,43,97.74,0.0
1025,McLaren,1,832,False,100.228,1.9073019448290416,43,97.74,2.4879999999999995
1025,McLaren,1,846,False,100.448,1.7951123866265817,43,97.74,2.7079999999999984
1025,Mercedes,131,1,False,98.319,1.2282622795123024,45,97.74,0.5790000000000077
1025,Mercedes,131,822,False,98.458,1.4728792458064168,45,97.74,0.7180000000000035
1025,Red Bull,9,830,False,99.408,1.7899140609131323,45,97.74,1.6680000000000064
1025,Red Bull,9,848,False,100.538,2.3134847088277466,45,97.74,2.798000000000002
1025,Unknown Team,216,826,True,100.962,1.95600435592665,45,97.74,3.2220000000000084
1025,Unknown Team,216,842,True,101.373,1.582519533241131,43,97.74,3.6330000000000098
1025,Williams,3,9,True,103.591,0.9776048855508932,23,97.74,5.850999999999999
1025,Williams,3,847,True,102.41,0.7595337086301438,23,97.74,4.670000000000002
1026,Alfa Romeo,51,8,True,96.281,1.5003436728679813,46,93.1995,3.0815000000000055
1026,Alfa Romeo,51,841,True,96.8625,0.973192186509976,46,93.1995,3.6629999999999967
1026,Alpine F1 Team,214,154,True,96.773,0.9866502457541949,48,93.1995,3.5734999999999957
1026,Alpine F1 Team,214,807,True,96.252,0.768557767581551,48,93.1995,3.052499999999995
1026,Alpine F1 Team,214,817,True,96.10300000000001,1.1982473896226808,48,93.1995,2.903500000000008
1026,Alpine F1 Team,214,825,True,96.731,1.2501373831749827,46,93.1995,3.531499999999994
1026,Aston Martin,117,815,True,95.743,1.2704353014114713,46,93.1995,2.5434999999999945
1026,Aston Martin,117,840,True,96.2695,0.6643432207026887,48,93.1995,3.069999999999993
1026,Ferrari,6,20,False,93.507,1.0315148400523444,48,93.1995,0.30750000000000455
1026,Ferrari,6,844,False,95.133,1.3926416624530573,45,93.1995,1.9334999999999951
1026,McLaren,1,832,False,95.286,1.2777008202714901,50,93.1995,2.086500000000001
1026,McLaren,1,846,False,95.882,1.1121494398250789,47,93.1995,2.6825000000000045
1026,Mercedes,131,1,False,93.1995,1.3326884675041089,48,93.1995,0.0
1026,Mercedes,131,822,False,93.5185,0.8945303207163265,48,93.1995,0.3190000000000026
1026,Red Bull,9,830,False,97.608,0.7089446924288771,13,93.1995,4.408500000000004
1026,Red Bull,9,848,False,94.41,1.3520428665987507,48,93.1995,1.2104999999999961
1026,Unknown Team,216,826,True,96.375,1.458957770517189,48,93.1995,3.1754999999999995
1026,Unknown Team,216,842,True,96.1515,0.6409929046503189,48,93.1995,2.951999999999998
1026,Williams,3,9,True,98.7235,1.0423839180254653,44,93.1995,5.524000000000001
1026,Williams,3,847,True,97.461,1.165891224697259,47,93.1995,4.261499999999998
1027,Alfa Romeo,51,8,True,82.424,1.3652351246951406,52,80.73,1.6940000000000026
1027,Alfa Romeo,51,841,True,82.16550000000001,1.0781945053538717,66,80.73,1.4355000000000047
1027,Alpine F1 Team,214,154,True,84.10849999999999,1.4209729365155161,64,80.73,3.3784999999999883
1027,Alpine F1 Team,214,807,True,81.901,1.0740100902870815,65,80.73,1.1709999999999923
1027,Alpine F1 Team,214,817,True,81.93,1.0974596887496928,67,80.73,1.2000000000000028
1027,Alpine F1 Team,214,825,True,82.6195,1.1297011948663906,64,80.73,1.8894999999999982
1027,Aston Martin,117,815,True,81.737,1.031184202209959,67,80.73,1.0069999999999908
1027,Aston Martin,117,840,True,82.3175,0.9444504658887533,66,80.73,1.5874999999999915
1027,Ferrari,6,20,False,81.014,1.1140073964840003,67,80.73,0.2839999999999918
1027,Ferrari,6,844,False,80.73,1.1464782156842268,65,80.73,0.0
1027,McLaren,1,832,False,81.89,1.3372037928509406,63,80.73,1.1599999999999966
1027,McLaren,1,846,False,82.84700000000001,1.288173803446503,44,80.73,2.1170000000000044
1027,Mercedes,131,1,False,80.992,0.9608140683312254,67,80.73,0.26200000000000045
1027,Mercedes,131,822,False,80.785,1.0699507855042631,67,80.73,0.05499999999999261
1027,Red Bull,9,830,False,81.117,1.0359288117143266,67,80.73,0.38700000000000045
1027,Red Bull,9,848,False,80.854,1.1517836498064893,65,80.73,0.12399999999999523
1027,Unknown Team,216,826,True,81.9,1.272399776883157,64,80.73,1.1700000000000017
1027,Unknown Team,216,842,True,81.97200000000001,1.5574858033952579,64,80.73,1.2420000000000044
1027,Williams,3,9,True,83.62049999999999,1.222991559918515,62,80.73,2.8904999999999887
1027,Williams,3,847,True,83.766,1.2162563068063188,65,80.73,3.0360000000000014
1028,Alfa Romeo,51,8,True,101.763,1.1358822955692858,50,100.11349999999999,1.6495000000000175
1028,Alfa Romeo,51,841,True,102.0255,1.5602646035404537,50,100.11349999999999,1.9120000000000061
1028,Alpine F1 Team,214,154,True,103.0745,1.402687802763378,52,100.11349999999999,2.9610000000000127
1028,Alpine F1 Team,214,807,True,102.2195,1.7446697599914323,50,100.11349999999999,2.1060000000000088
1028,Alpine F1 Team,214,817,True,101.735,1.0712906510278815,54,100.11349999999999,1.6215000000000117
1028,Alpine F1 Team,214,825,True,102.34,1.3252476542333047,47,100.11349999999999,2.2265000000000157
1028,Aston Martin,117,815,True,102.318,1.474810059094815,52,100.11349999999999,2.20450000000001
1028,Aston Martin,117,840,True,102.169,1.130889755539267,50,100.11349999999999,2.055500000000009
1028,Ferrari,6,20,False,102.603,1.6402178426747358,7,100.11349999999999,2.4895000000000067
1028,Ferrari,6,844,False,100.519,1.674612853550338,52,100.11349999999999,0.40550000000001774
1028,McLaren,1,832,False,101.5535,1.153836982768979,52,100.11349999999999,1.440000000000012
1028,McLaren,1,846,False,101.6285,1.6277256156564721,52,100.11349999999999,1.5150000000000148
1028,Mercedes,131,1,False,100.39349999999999,1.0906902897597075,54,100.11349999999999,0.28000000000000114
1028,Mercedes,131,822,False,100.11449999999999,1.0807218741335722,52,100.11349999999999,0.0010000000000047748
1028,Red Bull,9,830,False,100.11349999999999,1.0859795508395322,52,100.11349999999999,0.0
1028,Red Bull,9,848,False,100.35849999999999,1.4099632740911128,50,100.11349999999999,0.24500000000000455
1028,Unknown Team,216,826,True,101.4965,1.5364380864419407,50,100.11349999999999,1.3830000000000098
1028,Unknown Team,216,842,True,102.002,1.0981142517351985,49,100.11349999999999,1.8885000000000076
1028,Williams,3,9,True,104.991,0.8972401480043606,27,100.11349999999999,4.877500000000012
1028,Williams,3,847,True,104.04650000000001,1.4665174152883422,48,100.11349999999999,3.933000000000021
1029,Alfa Romeo,51,8,True,74.169,1.1586842975454732,57,72.787,1.3819999999999908
1029,Alfa Romeo,51,841,True,74.326,1.1589761864472807,57,72.787,1.5389999999999873
1029,Alpine F1 Team,214,154,True,75.1125,1.1050535384073097,58,72.787,2.325499999999991
1029,Alpine F1 Team,214,807,True,75.1895,1.0240841862144654,56,72.787,2.402499999999989
1029,Alpine F1 Team,214,817,True,74.151,1.3544870462729788,57,72.787,1.36399999999999
1029,Alpine F1 Team,214,825,True,75.112,1.190181913340187,57,72.787,2.3249999999999886
1029,Aston Martin,117,815,True,74.382,1.3670975657889062,57,72.787,1.5949999999999989
1029,Aston Martin,117,840,True,75.141,1.2531464844657387,57,72.787,2.353999999999999
1029,Ferrari,6,20,False,73.172,1.0607724124953088,55,72.787,0.3849999999999909
1029,Ferrari,6,844,False,73.9855,0.999126699029847,56,72.787,1.1984999999999957
1029,McLaren,1,832,False,74.939,1.1396288433709005,59,72.787,2.151999999999987
1029,McLaren,1,846,False,75.059,1.2551109418412512,59,72.787,2.2719999999999914
1029,Mercedes,131,1,False,73.105,1.0880073385192044,57,72.787,0.31799999999999784
1029,Mercedes,131,822,False,74.004,1.1334520499303105,47,72.787,1.2169999999999987
1029,Red Bull,9,830,False,72.787,1.0056513070535291,57,72.787,0.0
1029,Red Bull,9,848,False,73.434,1.394824580391723,56,72.787,0.6469999999999914
1029,Unknown Team,216,826,True,75.154,1.4624805017657876,57,72.787,2.3669999999999902
1029,Unknown Team,216,842,True,74.27199999999999,1.3737454443880843,58,72.787,1.4849999999999852
1029,Williams,3,9,True,76.5515,0.9759960080821071,56,72.787,3.764499999999998
1029,Williams,3,847,True,75.751,1.0304147791947302,59,72.787,2.9639999999999986
1030,Alfa Romeo,51,8,True,104.366,1.262035717775535,51,102.292,2.073999999999998
1030,Alfa Romeo,51,841,True,104.983,1.1904344055762135,49,102.292,2.6910000000000025
1030,Alpine F1 Team,214,154,True,105.049,1.260887624667964,50,102.292,2.757000000000005
1030,Alpine F1 Team,214,807,True,104.484,0.7938701988039396,51,102.292,2.191999999999993
1030,Alpine F1 Team,214,817,True,104.521,1.4261581989152945,49,102.292,2.228999999999999
1030,Alpine F1 Team,214,825,True,104.876,0.9920382871327308,51,102.292,2.584000000000003
1030,Aston Martin,117,815,True,104.557,1.0474929959052555,51,102.292,2.2650000000000006
1030,Aston Martin,117,840,True,105.188,1.3871146477072258,39,102.292,2.896000000000001
1030,Ferrari,6,20,False,103.048,1.4320150535959884,51,102.292,0.7560000000000002
1030,Ferrari,6,844,False,102.888,1.0632871218675608,51,102.292,0.5960000000000036
1030,McLaren,1,832,False,104.464,1.1837561657131697,49,102.292,2.171999999999997
1030,McLaren,1,846,False,104.346,0.7492519474678228,51,102.292,2.054000000000002
1030,Mercedes,131,1,False,102.292,0.8673838005603991,53,102.292,0.0
1030,Mercedes,131,822,False,102.604,1.766165764991173,52,102.292,0.3119999999999976
1030,Red Bull,9,830,False,102.561,1.0309774787470314,53,102.292,0.26900000000000546
1030,Red Bull,9,848,False,103.2465,0.7841469988701739,52,102.292,0.9544999999999959
1030,Unknown Team,216,826,True,103.933,1.3720977999213535,51,102.292,1.6410000000000053
1030,Unknown Team,216,842,True,104.75999999999999,1.0144586816301084,50,102.292,2.4679999999999893
1030,Williams,3,9,True,106.4225,1.0070963557653942,50,102.292,4.130499999999998
1030,Williams,3,847,True,106.219,1.6848067072469528,51,102.292,3.9269999999999925
1031,Alfa Romeo,51,8,True,70.727,1.028194554586787,43,68.733,1.9939999999999998
1031,Alfa Romeo,51,841,True,70.749,1.0681116544618778,55,68.733,2.015999999999991
1031,Alpine F1 Team,214,154,True,71.264,0.8945109496391823,41,68.733,2.5309999999999917
1031,Alpine F1 Team,214,817,True,70.828,0.37807933155937,15,68.733,2.094999999999999
1031,Alpine F1 Team,214,825,True,71.386,0.5506856775103394,23,68.733,2.6529999999999916
1031,Alpine F1 Team,214,839,True,70.5095,0.986565167735341,54,68.733,1.7764999999999986
1031,Aston Martin,117,815,True,69.819,0.8048600844591133,55,68.733,1.0859999999999985
1031,Aston Martin,117,840,True,70.846,1.3097996616256846,18,68.733,2.1129999999999995
1031,Ferrari,6,20,False,70.48400000000001,0.6787674508041219,54,68.733,1.7510000000000048
1031,Ferrari,6,844,False,69.596,0.8721105511734407,55,68.733,0.8629999999999995
1031,McLaren,1,832,False,69.718,0.8004746382394827,55,68.733,0.9849999999999994
1031,McLaren,1,846,False,69.6565,1.0245604188861037,56,68.733,0.92349999999999
1031,Mercedes,131,1,False,68.781,1.0945942637674948,56,68.733,0.04800000000000182
1031,Mercedes,131,822,False,68.733,1.1325423669923218,57,68.733,0.0
1031,RB F1 Team,215,826,True,70.637,0.7673148632858998,53,68.733,1.9039999999999964
1031,RB F1 Team,215,842,True,70.283,0.7653952685846275,55,68.733,1.5499999999999972
1031,Red Bull,9,830,False,69.464,1.272821280114032,10,68.733,0.7309999999999945
1031,Red Bull,9,848,False,69.808,1.0416023937504528,51,68.733,1.0750000000000028
1031,Williams,3,847,True,71.106,0.9554589893860886,43,68.733,2.3729999999999905
1031,Williams,3,849,True,71.1125,1.117011792889644,56,68.733,2.379499999999993
1032,Alfa Romeo,51,8,True,69.73400000000001,0.7832558065422518,64,68.15950000000001,1.5745000000000005
1032,Alfa Romeo,51,841,True,69.951,0.8872114360238671,65,68.15950000000001,1.791499999999985
1032,Alpine F1 Team,214,154,True,69.822,1.0314565562367781,65,68.15950000000001,1.6624999999999943
1032,Alpine F1 Team,214,817,True,68.855,0.9014894399028738,66,68.15950000000001,0.6954999999999956
1032,Alpine F1 Team,214,825,True,69.742,1.077255494300213,65,68.15950000000001,1.582499999999996
1032,Alpine F1 Team,214,839,True,70.006,0.5222372659096334,21,68.15950000000001,1.8464999999999918
1032,Aston Martin,117,815,True,68.83250000000001,1.1104669303150898,64,68.15950000000001,0.6730000000000018
1032,Aston Martin,117,840,True,68.973,0.9163764468316015,66,68.15950000000001,0.8134999999999906
1032,McLaren,1,832,False,69.166,0.9264203852240745,63,68.15950000000001,1.0064999999999884
1032,McLaren,1,846,False,69.0695,1.1567210571104602,66,68.15950000000001,0.9099999999999966
1032,Mercedes,131,1,False,68.15950000000001,0.4354727337788225,66,68.15950000000001,0.0
1032,Mercedes,131,822,False,68.458,0.6510440789792008,66,68.15950000000001,0.29849999999999
1032,RB F1 Team,215,826,True,69.717,0.8923297020246409,65,68.15950000000001,1.5574999999999903
1032,RB F1 Team,215,842,True,69.769,1.0360265465326355,63,68.15950000000001,1.609499999999997
1032,Red Bull,9,830,False,68.299,0.6042056440628935,64,68.15950000000001,0.13949999999999818
1032,Red Bull,9,848,False,68.809,0.923379736743479,66,68.15950000000001,0.6494999999999891
1032,Williams,3,847,True,70.349,0.8326381152258073,63,68.15950000000001,2.1894999999999953
1032,Williams,3,849,True,70.3035,0.8447400223483816,64,68.15950000000001,2.1439999999999912
1033,Alfa Romeo,51,8,True,82.616,1.940828458012365,63,80.359,2.257000000000005
1033,Alfa Romeo,51,841,True,82.223,2.0368271156758926,60,80.359,1.8640000000000043
1033,Alpine F1 Team,214,154,True,83.27,1.7109158394639377,63,80.359,2.9110000000000014
1033,Alpine F1 Team,214,817,True,82.1335,1.7413778191088012,62,80.359,1.7745000000000033
1033,Alpine F1 Team,214,825,True,82.92699999999999,1.4992268355529366,62,80.359,2.567999999999998
1033,Alpine F1 Team,214,839,True,82.179,1.783795159208549,62,80.359,1.8200000000000074
1033,Aston Martin,117,815,True,81.783,1.658655946437201,62,80.359,1.4240000000000066
1033,Aston Martin,117,840,True,81.556,1.6880073396429793,62,80.359,1.1970000000000027
1033,Ferrari,6,20,False,81.596,1.7869912047338774,63,80.359,1.237000000000009
1033,Ferrari,6,844,False,82.021,1.4425573144591943,62,80.359,1.6620000000000061
1033,McLaren,1,832,False,82.42699999999999,1.7234164647428019,62,80.359,2.067999999999998
1033,McLaren,1,846,False,82.3335,1.7382449664700665,62,80.359,1.9745000000000061
1033,Mercedes,131,1,False,81.2315,1.535263680958019,62,80.359,0.8725000000000023
1033,Mercedes,131,822,False,80.359,1.9853423517247546,61,80.359,0.0
1033,RB F1 Team,215,826,True,81.90450000000001,1.5439578013957334,62,80.359,1.5455000000000183
1033,RB F1 Team,215,842,True,85.599,1.3899508084820866,9,80.359,5.240000000000009
1033,Red Bull,9,830,False,80.617,1.2727355566790142,63,80.359,0.2580000000000098
1033,Red Bull,9,848,False,81.3035,1.8382698084451174,64,80.359,0.944500000000005
1033,Williams,3,847,True,82.01050000000001,2.013131868731895,60,80.359,1.6515000000000128
1033,Williams,3,849,True,84.327,1.6550675957998402,51,80.359,3.9680000000000035
1034,Alfa Romeo,51,8,True,92.637,1.2216563240839031,37,89.995,2.641999999999996
1034,Alfa Romeo,51,841,True,91.90899999999999,1.1542175279916218,40,89.995,1.9139999999999873
1034,Alpine F1 Team,214,154,True,91.5545,1.3995542007660673,38,89.995,1.5594999999999999
1034,Alpine F1 Team,214,817,True,91.454,1.883015814085895,41,89.995,1.458999999999989
1034,Alpine F1 Team,214,839,True,91.479,2.0291775619813945,41,89.995,1.4839999999999947
1034,Aston Martin,117,840,True,91.717,2.2248739535477857,42,89.995,1.7219999999999942
1034,Ferrari,6,20,False,91.856,1.9260770882807265,41,89.995,1.86099999999999
1034,Ferrari,6,844,False,91.398,1.63385116112966,42,89.995,1.4029999999999916
1034,McLaren,1,832,False,91.4435,2.1683717836910863,40,89.995,1.4484999999999957
1034,McLaren,1,846,False,91.343,1.845146809216255,41,89.995,1.347999999999999
1034,Mercedes,131,1,False,89.995,0.8976313824619165,41,89.995,0.0
1034,Mercedes,131,822,False,90.072,1.0192395053326646,40,89.995,0.07699999999999818
1034,RB F1 Team,215,826,True,93.491,0.8015677139206673,6,89.995,3.495999999999995
1034,RB F1 Team,215,842,True,91.451,2.1805825141964896,41,89.995,1.4559999999999889
1034,Red Bull,9,830,False,90.30799999999999,1.3881443800526576,40,89.995,0.3129999999999882
1034,Red Bull,9,848,False,90.132,2.6628995176012262,37,89.995,0.13700000000000045
1034,Williams,3,847,True,91.80850000000001,1.3661808642511903,40,89.995,1.8135000000000048
1034,Williams,3,849,True,92.1095,1.4317357349537643,40,89.995,2.1144999999999925
1035,Alfa Romeo,51,8,True,93.576,0.9224401762802223,47,91.32300000000001,2.252999999999986
1035,Alfa Romeo,51,841,True,93.538,0.9127475168241225,46,91.32300000000001,2.214999999999989
1035,Alpine F1 Team,214,154,True,93.3625,1.1698636654124197,46,91.32300000000001,2.0394999999999897
1035,Alpine F1 Team,214,817,True,92.454,0.6559864981188874,43,91.32300000000001,1.130999999999986
1035,Alpine F1 Team,214,825,True,93.404,1.0694707180688556,35,91.32300000000001,2.080999999999989
1035,Alpine F1 Team,214,839,True,92.607,1.1025837343061249,49,91.32300000000001,1.2839999999999918
1035,Aston Martin,117,807,True,91.993,1.0647400671656966,46,91.32300000000001,0.6699999999999875
1035,Aston Martin,117,840,True,91.952,0.8009404312856756,47,91.32300000000001,0.6289999999999907
1035,Ferrari,6,20,False,92.305,1.3231857283788282,47,91.32300000000001,0.9819999999999993
1035,Ferrari,6,844,False,91.567,1.102407960817974,49,91.32300000000001,0.24399999999998556
1035,McLaren,1,832,False,92.52,1.0925831073371384,47,91.32300000000001,1.1969999999999885
1035,McLaren,1,846,False,92.27,0.9688583790946305,47,91.32300000000001,0.9469999999999885
1035,Mercedes,131,1,False,91.5215,1.2352875822674834,48,91.32300000000001,0.19849999999999568
1035,Mercedes,131,822,False,91.60900000000001,1.0946604089416343,48,91.32300000000001,0.28600000000000136
1035,RB F1 Team,215,826,True,92.264,1.2719976371437032,47,91.32300000000001,0.9409999999999883
1035,RB F1 Team,215,842,True,92.239,1.1979847930138103,47,91.32300000000001,0.9159999999999968
1035,Red Bull,9,830,False,91.32300000000001,1.1588425925272714,48,91.32300000000001,0.0
1035,Red Bull,9,848,False,91.785,1.549280959118382,47,91.32300000000001,0.4619999999999891
1035,Williams,3,847,True,92.84649999999999,1.1065645787838425,44,91.32300000000001,1.5234999999999843
1035,Williams,3,849,True,92.964,1.1818083376097182,43,91.32300000000001,1.6409999999999911
1036,Alfa Romeo,51,8,True,85.082,1.5957344952649735,60,82.975,2.1069999999999993
1036,Alfa Romeo,51,841,True,84.7525,1.5772267139966314,60,82.975,1.7775000000000034
1036,Alpine F1 Team,214,154,True,85.83,1.4385204143377432,59,82.975,2.855000000000004
1036,Alpine F1 Team,214,817,True,85.0915,1.3563730367832938,62,82.975,2.116500000000002
1036,Alpine F1 Team,214,825,True,85.5245,0.92940006422208,62,82.975,2.549500000000009
1036,Alpine F1 Team,214,839,True,85.39500000000001,1.2660878489666048,62,82.975,2.420000000000016
1036,Aston Martin,117,815,True,84.707,0.960456284236371,62,82.975,1.7319999999999993
1036,Aston Martin,117,840,True,84.486,1.2781815803941887,61,82.975,1.51100000000001
1036,Ferrari,6,20,False,84.9355,0.980503233122634,62,82.975,1.9605000000000103
1036,Ferrari,6,844,False,85.309,0.6460904512621453,33,82.975,2.334000000000003
1036,McLaren,1,832,False,84.5475,1.1275175746184314,60,82.975,1.5725000000000051
1036,McLaren,1,846,False,84.88749999999999,1.068765681617529,60,82.975,1.9124999999999943
1036,Mercedes,131,1,False,82.975,1.2522523797042246,62,82.975,0.0
1036,Mercedes,131,822,False,83.31,1.2379960320356558,59,82.975,0.33500000000000796
1036,RB F1 Team,215,826,True,84.474,1.220196418846151,60,82.975,1.4990000000000094
1036,RB F1 Team,215,842,True,84.807,1.050710289216037,60,82.975,1.8320000000000078
1036,Red Bull,9,830,False,83.311,1.1158267907801511,62,82.975,0.33600000000001273
1036,Red Bull,9,848,False,84.8855,1.0369400729896379,60,82.975,1.910499999999999
1036,Williams,3,847,True,85.0015,1.0076234234868258,60,82.975,2.0264999999999986
1036,Williams,3,849,True,84.843,1.7467896949416855,58,82.975,1.8680000000000092
1037,Alfa Romeo,51,8,True,111.007,1.0296659569638629,38,108.57050000000001,2.4364999999999952
1037,Alfa Romeo,51,841,True,112.6625,0.6356177956467711,8,108.57050000000001,4.0919999999999845
1037,Alpine F1 Team,214,154,True,111.077,1.0685117659743457,38,108.57050000000001,2.5064999999999884
1037,Alpine F1 Team,214,817,True,109.2965,1.4903850225309585,40,108.57050000000001,0.7259999999999849
1037,Alpine F1 Team,214,825,True,111.04650000000001,1.5542757237365599,36,108.57050000000001,2.475999999999999
1037,Alpine F1 Team,214,839,True,110.127,1.0526792601886408,39,108.57050000000001,1.5564999999999856
1037,Aston Martin,117,815,True,109.793,1.4539168005986671,37,108.57050000000001,1.2224999999999966
1037,Aston Martin,117,840,True,110.443,0.9986064710087753,39,108.57050000000001,1.872499999999988
1037,Ferrari,6,20,False,110.789,0.969100073809883,38,108.57050000000001,2.2184999999999917
1037,Ferrari,6,844,False,110.703,1.4833161689750711,36,108.57050000000001,2.132499999999993
1037,McLaren,1,846,False,110.27000000000001,1.3173038480794839,38,108.57050000000001,1.6995000000000005
1037,Mercedes,131,1,False,108.57050000000001,1.0133818464264406,40,108.57050000000001,0.0
1037,Mercedes,131,822,False,108.872,1.1156567561019355,40,108.57050000000001,0.3014999999999901
1037,RB F1 Team,215,826,True,110.893,1.040346327675459,38,108.57050000000001,2.322499999999991
1037,RB F1 Team,215,842,True,110.343,1.5226297885477469,37,108.57050000000001,1.7724999999999937
1037,Red Bull,9,830,False,109.07,1.2242048175270406,40,108.57050000000001,0.4994999999999834
1037,Red Bull,9,848,False,110.184,0.9872069099894388,39,108.57050000000001,1.6134999999999877
1037,Williams,3,847,True,112.6445,0.7767514310989634,8,108.57050000000001,4.073999999999984
1037,Williams,3,849,True,111.0935,1.7904007432495566,36,108.57050000000001,2.522999999999996
1038,Alfa Romeo,51,8,True,86.2165,0.7590520530001652,42,84.697,1.5194999999999936
1038,Alfa Romeo,51,841,True,85.7935,0.8784198968026179,42,84.697,1.0964999999999918
1038,Alpine F1 Team,214,154,True,86.1705,0.9259954916921829,44,84.697,1.4735000000000014
1038,Alpine F1 Team,214,817,True,85.32300000000001,0.9053639194481325,44,84.697,0.6260000000000048
1038,Alpine F1 Team,214,825,True,86.1,0.4038786357075055,15,84.697,1.4029999999999916
1038,Alpine F1 Team,214,839,True,85.6055,0.7849681195637851,44,84.697,0.9085000000000036
1038,Aston Martin,117,815,True,85.599,1.0279179122592488,45,84.697,0.902000000000001
1038,Aston Martin,117,840,True,85.05199999999999,0.9158637162389593,44,84.697,0.35499999999998977
1038,Ferrari,6,20,False,87.7895,0.5107657649712505,4,84.697,3.092500000000001
1038,Ferrari,6,844,False,86.59,0.42011307505638584,16,84.697,1.8930000000000007
1038,McLaren,1,832,False,85.035,0.8636956242294691,45,84.697,0.33799999999999386
1038,McLaren,1,846,False,85.19,0.9641977494269499,45,84.697,0.492999999999995
1038,Mercedes,131,1,False,84.697,0.8290092930925689,44,84.697,0.0
1038,Mercedes,131,822,False,85.29249999999999,0.9038943475558059,44,84.697,0.595499999999987
1038,RB F1 Team,215,826,True,85.85,0.81551737945583,44,84.697,1.1529999999999916
1038,RB F1 Team,215,842,True,84.707,0.9808515465490538,43,84.697,0.009999999999990905
1038,Red Bull,9,830,False,86.039,0.6094247740805724,20,84.697,1.3419999999999987
1038,Red Bull,9,848,False,86.0835,0.8085166183159278,44,84.697,1.386499999999998
1038,Williams,3,847,True,86.309,1.0015978365669744,44,84.697,1.6119999999999948
1038,Williams,3,849,True,85.958,1.104571046544381,42,84.697,1.2609999999999957
1039,Alfa Romeo,51,8,True,85.083,14.752891016519651,50,82.866,2.2169999999999987
1039,Alfa Romeo,51,841,True,134.0145,2.5403811229813598,4,82.866,51.1485
1039,Alpine F1 Team,214,154,True,85.5595,14.359242955500894,50,82.866,2.6935000000000002
1039,Alpine F1 Team,214,817,True,83.464,15.274821012603025,51,82.866,0.597999999999999
1039,Alpine F1 Team,214,825,True,134.3185,3.719245387171985,4,82.866,51.4525
1039,Alpine F1 Team,214,839,True,132.74900000000002,5.042073738387157,4,82.866,49.883000000000024
1039,Aston Martin,117,815,True,83.762,15.13752142524025,51,82.866,0.8960000000000008
1039,Aston Martin,117,840,True,83.85300000000001,15.040716663417543,36,82.866,0.987000000000009
1039,Ferrari,6,20,False,84.538,14.117885926224313,51,82.866,1.671999999999997
1039,Ferrari,6,844,False,84.0895,13.45103753898196,50,82.866,1.2235000000000014
1039,McLaren,1,832,False,134.9895,1.1809117946174683,4,82.866,52.12349999999999
1039,McLaren,1,846,False,84.042,15.179423782160882,51,82.866,1.176000000000002
1039,Mercedes,131,1,False,82.866,13.192573672320043,50,82.866,0.0
1039,Mercedes,131,822,False,82.97999999999999,13.538093443317639,50,82.866,0.11399999999999011
1039,RB F1 Team,215,826,True,84.222,15.05262483500899,51,82.866,1.3559999999999945
1039,Red Bull,9,848,False,83.70349999999999,13.563135094506613,50,82.866,0.8374999999999915
1039,Williams,3,847,True,84.773,14.854409464281936,51,82.866,1.9069999999999965
1039,Williams,3,849,True,133.727,2.9877325516183655,5,82.866,50.861000000000004
1040,Alfa Romeo,51,8,True,101.66,1.5109276099801763,44,99.081,2.5789999999999935
1040,Alfa Romeo,51,841,True,101.3155,1.138542715635961,44,99.081,2.234499999999997
1040,Alpine F1 Team,214,154,True,101.478,1.2796010006756917,43,99.081,2.3969999999999914
1040,Alpine F1 Team,214,817,True,100.121,1.154870958727918,45,99.081,1.039999999999992
1040,Alpine F1 Team,214,825,True,101.4245,1.0573905400694297,44,99.081,2.3434999999999917
1040,Alpine F1 Team,214,839,True,100.969,1.0421593540298497,45,99.081,1.887999999999991
1040,Aston Martin,117,815,True,99.721,1.208680496837072,45,99.081,0.6400000000000006
1040,Ferrari,6,20,False,101.6575,1.364225080123837,44,99.081,2.576499999999996
1040,Ferrari,6,844,False,100.5055,1.5056773353425517,46,99.081,1.4244999999999948
1040,McLaren,1,846,False,101.582,1.768257381440566,44,99.081,2.5009999999999906
1040,Mercedes,131,1,False,99.773,0.9903749356336209,45,99.081,0.6919999999999931
1040,Mercedes,131,822,False,99.081,1.1105134866539943,45,99.081,0.0
1040,RB F1 Team,215,826,True,100.61,1.1637731182266875,45,99.081,1.5289999999999964
1040,RB F1 Team,215,842,True,101.34049999999999,1.317659584311076,44,99.081,2.2594999999999885
1040,Red Bull,9,830,False,99.175,1.181811071656951,45,99.081,0.09399999999999409
1040,Red Bull,9,848,False,101.215,2.0474794617931247,45,99.081,2.1340000000000003
1040,Williams,3,847,True,101.875,1.731848841837989,41,99.081,2.793999999999997
1040,Williams,3,849,True,101.6745,1.4378966585745927,44,99.081,2.5934999999999917
1041,Alfa Romeo,51,8,True,93.118,1.751296854103133,52,90.704,2.4140000000000015
1041,Alfa Romeo,51,841,True,92.9745,1.4618839012781844,50,90.704,2.2705000000000126
1041,Alpine F1 Team,214,154,True,93.45349999999999,1.4880325256899918,52,90.704,2.7494999999999976
1041,Alpine F1 Team,214,817,True,92.3035,1.6032225130874944,52,90.704,1.5995000000000061
1041,Alpine F1 Team,214,825,True,93.125,1.7566753821828769,50,90.704,2.4210000000000065
1041,Alpine F1 Team,214,839,True,93.903,0.5346843688280032,19,90.704,3.1990000000000123
1041,Aston Martin,117,807,True,93.61099999999999,1.5792712015051302,52,90.704,2.9069999999999965
1041,Aston Martin,117,815,True,92.944,1.8097872933189694,51,90.704,2.240000000000009
1041,Ferrari,6,20,False,93.1665,1.5565616608671973,50,90.704,2.4625000000000057
1041,Ferrari,6,844,False,92.831,1.4628358191285593,51,90.704,2.1270000000000095
1041,McLaren,1,832,False,92.69800000000001,1.5128594717370416,50,90.704,1.994000000000014
1041,McLaren,1,846,False,93.321,0.8265003272208408,38,90.704,2.6170000000000044
1041,Mercedes,131,1,False,90.704,1.2640195541353683,53,90.704,0.0
1041,Mercedes,131,822,False,92.063,0.43347018056135905,13,90.704,1.3590000000000089
1041,RB F1 Team,215,826,True,93.0775,1.3525315356962262,52,90.704,2.373500000000007
1041,RB F1 Team,215,842,True,93.447,1.8375764355491968,52,90.704,2.743000000000009
1041,Red Bull,9,830,False,91.096,1.316492709047535,53,90.704,0.3920000000000101
1041,Red Bull,9,848,False,93.8175,1.80173358843204,20,90.704,3.113500000000002
1041,Williams,3,847,True,94.93,0.9597233252928188,9,90.704,4.226000000000013
1041,Williams,3,849,True,93.386,1.50337585482951,49,90.704,2.682000000000002
1042,Alfa Romeo,51,8,True,82.556,1.0092743576261844,61,80.916,1.6400000000000006
1042,Alfa Romeo,51,841,True,83.215,0.9571805843404197,61,80.916,2.2990000000000066
1042,Alpine F1 Team,214,154,True,83.198,0.9382505863104286,60,80.916,2.2819999999999965
1042,Alpine F1 Team,214,817,True,82.508,1.043788797649398,61,80.916,1.5919999999999987
1042,Alpine F1 Team,214,825,True,83.47649999999999,1.1226425011154313,60,80.916,2.5604999999999905
1042,Alpine F1 Team,214,839,True,82.3395,1.050762313939478,60,80.916,1.4235000000000042
1042,Aston Martin,117,815,True,81.908,0.871100431807425,61,80.916,0.9920000000000044
1042,Aston Martin,117,840,True,82.95400000000001,1.054845407899468,44,80.916,2.038000000000011
1042,Ferrari,6,20,False,82.17099999999999,1.105494874868987,60,80.916,1.2549999999999955
1042,Ferrari,6,844,False,81.8935,0.7731754360373754,62,80.916,0.9775000000000063
1042,McLaren,1,832,False,82.34100000000001,1.2370041757315597,62,80.916,1.4250000000000114
1042,McLaren,1,846,False,82.494,1.4315848157708913,60,80.916,1.578000000000003
1042,Mercedes,131,1,False,80.916,1.2254075627433103,63,80.916,0.0
1042,Mercedes,131,822,False,81.3245,0.9314150093375372,62,80.916,0.40850000000000364
1042,RB F1 Team,215,826,True,82.879,1.059591558009591,56,80.916,1.963000000000008
1042,RB F1 Team,215,842,True,82.551,1.041111448709454,61,80.916,1.6350000000000051
1042,Red Bull,9,830,False,81.287,1.017813082243528,62,80.916,0.3710000000000093
1042,Red Bull,9,848,False,82.318,1.4022737109747707,59,80.916,1.402000000000001
1042,Williams,3,847,True,83.007,1.1487009966833936,61,80.916,2.091000000000008
1042,Williams,3,849,True,83.571,0.991836789117962,59,80.916,2.655000000000001
1043,Alfa Romeo,51,8,True,79.72399999999999,1.2098877967684587,52,78.302,1.4219999999999828
1043,Alfa Romeo,51,841,True,80.06649999999999,1.2430775696908238,52,78.302,1.764499999999984
1043,Alpine F1 Team,214,154,True,80.093,1.1490532911411735,51,78.302,1.7909999999999968
1043,Alpine F1 Team,214,817,True,79.43350000000001,0.9671077644083267,52,78.302,1.1315000000000026
1043,Alpine F1 Team,214,825,True,80.1795,0.9401132583065064,42,78.302,1.8774999999999977
1043,Alpine F1 Team,214,839,True,80.83850000000001,0.7906811856360513,24,78.302,2.5365000000000038
1043,Aston Martin,117,815,True,79.0325,1.128457853142845,52,78.302,0.7304999999999922
1043,Aston Martin,117,840,True,79.9625,1.0426328454336449,52,78.302,1.660499999999999
1043,Ferrari,6,20,False,79.647,1.443588859026078,53,78.302,1.3449999999999989
1043,Ferrari,6,844,False,79.3785,0.9882496341342717,52,78.302,1.0764999999999958
1043,McLaren,1,832,False,79.67699999999999,1.089770948853624,52,78.302,1.3749999999999858
1043,McLaren,1,846,False,79.574,1.2510194973722235,52,78.302,1.2719999999999914
1043,Mercedes,131,1,False,78.302,1.2706361640058446,55,78.302,0.0
1043,Mercedes,131,822,False,78.906,0.8747059978807724,53,78.302,0.6039999999999992
1043,RB F1 Team,215,826,True,79.5555,1.079912222006877,52,78.302,1.2534999999999883
1043,RB F1 Team,215,842,True,80.8255,0.5007342608609878,6,78.302,2.5234999999999985
1043,Red Bull,9,830,False,78.804,0.8774159051870998,47,78.302,0.5019999999999953
1043,Red Bull,9,848,False,79.528,1.1798474477660292,49,78.302,1.225999999999999
1043,Williams,3,847,True,79.793,1.1646874315159985,45,78.302,1.4909999999999997
1043,Williams,3,849,True,79.913,1.2228272563484908,52,78.302,1.61099999999999
1044,Alfa Romeo,51,8,True,104.923,6.539398942938246,51,102.3725,2.5504999999999995
1044,Alfa Romeo,51,841,True,117.30799999999999,4.307357683578845,8,102.3725,14.93549999999999
1044,Alpine F1 Team,214,154,True,106.43299999999999,6.168327647169355,42,102.3725,4.0604999999999905
1044,Alpine F1 Team,214,817,True,104.0595,5.91015976116684,54,102.3725,1.6869999999999976
1044,Alpine F1 Team,214,825,True,104.67750000000001,5.324234337081015,48,102.3725,2.305000000000007
1044,Alpine F1 Team,214,839,True,103.79,5.854537574557115,53,102.3725,1.417500000000004
1044,Aston Martin,117,815,True,103.834,4.996944966879282,55,102.3725,1.461500000000001
1044,Aston Martin,117,840,True,104.3895,5.0216463684905905,54,102.3725,2.016999999999996
1044,Ferrari,6,20,False,103.142,5.639164816081525,53,102.3725,0.7694999999999936
1044,Ferrari,6,844,False,102.3725,7.225622702643031,54,102.3725,0.0
1044,McLaren,1,832,False,103.60499999999999,6.515402973148775,54,102.3725,1.2324999999999875
1044,McLaren,1,846,False,102.793,8.000796066116335,55,102.3725,0.4205000000000041
1044,Mercedes,131,1,False,102.606,5.913844739310758,55,102.3725,0.23349999999999227
1044,Mercedes,131,822,False,104.476,7.176268014714397,53,102.3725,2.103499999999997
1044,RB F1 Team,215,826,True,103.9495,6.729797862758217,54,102.3725,1.5769999999999982
1044,RB F1 Team,215,842,True,104.479,7.3283530541955875,53,102.3725,2.106499999999997
1044,Red Bull,9,830,False,103.0155,5.595953048946898,52,102.3725,0.6430000000000007
1044,Red Bull,9,848,False,103.18950000000001,5.928481906667165,54,102.3725,0.8170000000000073
1044,Williams,3,847,True,105.619,6.410902098420293,53,102.3725,3.2464999999999975
1044,Williams,3,849,True,108.55799999999999,7.961222486707849,32,102.3725,6.1854999999999905
1045,Alfa Romeo,51,8,True,97.156,1.4110827366754815,40,93.868,3.288000000000011
1045,Alfa Romeo,51,841,True,97.263,1.6960098867610238,43,93.868,3.3950000000000102
1045,Alpine F1 Team,214,817,True,95.6275,2.3296663792147747,42,93.868,1.7595000000000027
1045,Alpine F1 Team,214,825,True,97.994,1.0531688723254744,42,93.868,4.126000000000005
1045,Alpine F1 Team,214,839,True,95.862,2.0121585017343646,43,93.868,1.9939999999999998
1045,Aston Martin,117,815,True,94.752,0.881880373918394,41,93.868,0.8840000000000003
1045,Ferrari,6,20,False,96.774,2.059950740294291,41,93.868,2.906000000000006
1045,Ferrari,6,844,False,96.233,1.5116236477506633,41,93.868,2.365000000000009
1045,McLaren,1,832,False,95.0445,1.606556053512554,42,93.868,1.1765000000000043
1045,McLaren,1,846,False,95.19399999999999,1.9515076842225207,42,93.868,1.3259999999999934
1045,Mercedes,131,1,False,93.937,0.6220533628064884,42,93.868,0.06900000000000261
1045,Mercedes,131,822,False,94.863,2.582544672504622,42,93.868,0.9950000000000045
1045,RB F1 Team,215,826,True,96.358,1.1793460910347835,41,93.868,2.490000000000009
1045,RB F1 Team,215,842,True,95.4975,2.039452023467425,44,93.868,1.6295000000000073
1045,Red Bull,9,830,False,93.868,1.0644621125726104,40,93.868,0.0
1045,Red Bull,9,848,False,94.767,2.182419211958312,42,93.868,0.8990000000000009
1045,Williams,3,847,True,96.747,1.4657520932205685,41,93.868,2.879000000000005
1045,Williams,3,849,True,96.903,2.0683812723492014,41,93.868,3.035000000000011
1046,Alfa Romeo,51,8,True,58.8455,0.9238071312427651,70,58.0275,0.8179999999999978
1046,Alfa Romeo,51,841,True,58.681,0.8814568945973883,69,58.0275,0.653499999999994
1046,Alpine F1 Team,214,817,True,58.199,0.6170936120247178,69,58.0275,0.17149999999999466
1046,Alpine F1 Team,214,825,True,58.837,0.8396829401016106,69,58.0275,0.8094999999999999
1046,Alpine F1 Team,214,839,True,58.373999999999995,0.6882457919859288,70,58.0275,0.3464999999999918
1046,Alpine F1 Team,214,850,True,59.081,1.1567992265374305,70,58.0275,1.0534999999999997
1046,Aston Martin,117,815,True,58.408,0.8850244946371032,70,58.0275,0.38049999999999784
1046,Aston Martin,117,840,True,58.545,0.6590633960715859,70,58.0275,0.5174999999999983
1046,Ferrari,6,20,False,58.444,0.8673270651421073,68,58.0275,0.4164999999999992
1046,McLaren,1,832,False,58.175,0.5494272015352712,69,58.0275,0.14749999999999375
1046,McLaren,1,846,False,58.565,0.6667403177560187,69,58.0275,0.5374999999999943
1046,Mercedes,131,822,False,58.142,0.754133564428735,71,58.0275,0.1144999999999996
1046,Mercedes,131,847,False,58.0275,0.7516478384207838,68,58.0275,0.0
1046,RB F1 Team,215,826,True,58.196,0.6211469919442597,68,58.0275,0.16849999999999454
1046,RB F1 Team,215,842,True,58.275,0.5894156041451356,67,58.0275,0.24749999999999517
1046,Red Bull,9,848,False,58.655,0.8674563471931683,70,58.0275,0.6274999999999977
1046,Williams,3,849,True,58.9855,0.6507856611390563,44,58.0275,0.9579999999999984
1046,Williams,3,851,True,58.849,0.9392410701878213,71,58.0275,0.8214999999999932
1047,Alfa Romeo,51,8,True,104.112,1.2235289296402752,49,101.56,2.5519999999999925
1047,Alfa Romeo,51,841,True,104.874,1.638220610802387,47,101.56,3.313999999999993
1047,Alpine F1 Team,214,817,True,102.947,1.1738245076390452,48,101.56,1.3870000000000005
1047,Alpine F1 Team,214,825,True,105.521,1.78793130192522,45,101.56,3.9609999999999985
1047,Alpine F1 Team,214,839,True,103.7045,1.0300622457910427,50,101.56,2.1444999999999936
1047,Alpine F1 Team,214,850,True,105.703,1.4488945877554578,44,101.56,4.143000000000001
1047,Aston Martin,117,815,True,104.762,1.4212880811164947,7,101.56,3.201999999999998
1047,Aston Martin,117,840,True,103.87549999999999,0.9407507848435115,50,101.56,2.315499999999986
1047,Ferrari,6,20,False,104.083,1.1853003858201294,47,101.56,2.522999999999996
1047,Ferrari,6,844,False,103.26,1.272707122625431,47,101.56,1.7000000000000028
1047,McLaren,1,832,False,103.0435,0.8809631234608971,50,101.56,1.4834999999999923
1047,McLaren,1,846,False,102.914,1.0179684674803595,51,101.56,1.3539999999999992
1047,Mercedes,131,1,False,101.979,0.826198143636874,51,101.56,0.41899999999999693
1047,Mercedes,131,822,False,101.87,0.7801706047711762,51,101.56,0.3100000000000023
1047,RB F1 Team,215,826,True,103.753,1.1728724224687783,49,101.56,2.192999999999998
1047,RB F1 Team,215,842,True,103.5595,0.9406931651821394,50,101.56,1.9994999999999976
1047,Red Bull,9,830,False,101.56,0.5325428418741269,51,101.56,0.0
1047,Red Bull,9,848,False,102.009,1.1776334737223404,51,101.56,0.44899999999999807
1047,Williams,3,847,True,104.599,1.2291550759282839,49,101.56,3.0390000000000015
1047,Williams,3,849,True,105.0315,1.6674458398957146,46,101.56,3.471499999999992
1051,Alfa Romeo,51,8,True,89.441,1.9003988054110796,51,87.1995,2.241500000000002
1051,Alfa Romeo,51,841,True,89.288,1.6756581990370147,51,87.1995,2.0884999999999962
1051,Alpine F1 Team,214,4,True,88.5375,1.9274155896811374,54,87.1995,1.3379999999999939
1051,Alpine F1 Team,214,839,True,88.811,1.5169031917622549,53,87.1995,1.6115000000000066
1051,Alpine F1 Team,214,853,True,91.56,1.641457694061755,49,87.1995,4.360500000000002
1051,Alpine F1 Team,214,854,True,89.94999999999999,1.4811753227537583,50,87.1995,2.750499999999988
1051,Aston Martin,117,20,True,89.331,1.9302754290257054,52,87.1995,2.1315000000000026
1051,Aston Martin,117,840,True,88.686,1.583608657089846,53,87.1995,1.4865000000000066
1051,Ferrari,6,832,False,89.409,1.7092022700238858,53,87.1995,2.2095000000000056
1051,Ferrari,6,844,False,89.74,1.905772462610725,53,87.1995,2.5404999999999944
1051,McLaren,1,817,False,89.9885,1.5263649049792634,52,87.1995,2.7890000000000015
1051,McLaren,1,846,False,89.448,1.8851100553507003,51,87.1995,2.248499999999993
1051,Mercedes,131,1,False,87.423,1.8976313692331872,53,87.1995,0.22350000000000136
1051,Mercedes,131,822,False,88.81899999999999,1.6847006913169118,46,87.1995,1.619499999999988
1051,RB F1 Team,215,842,True,88.742,1.7536942414654348,51,87.1995,1.542500000000004
1051,RB F1 Team,215,852,True,89.22999999999999,1.5737164430942696,50,87.1995,2.0304999999999893
1051,Red Bull,9,815,False,88.373,2.1086106162042277,53,87.1995,1.1735000000000042
1051,Red Bull,9,830,False,87.1995,1.609152772595112,52,87.1995,0.0
1051,Williams,3,847,True,89.696,1.778113433171375,50,87.1995,2.4964999999999975
1051,Williams,3,849,True,90.196,1.4403195856702238,48,87.1995,2.9964999999999975
1052,Alfa Romeo,51,8,True,96.60849999999999,0.9853066086411498,48,94.918,1.690499999999986
1052,Alfa Romeo,51,841,True,96.84450000000001,0.9006517320874088,46,94.918,1.9265000000000043
1052,Alpine F1 Team,214,4,True,97.652,1.0621576984066847,23,94.918,2.7339999999999947
1052,Alpine F1 Team,214,839,True,96.76150000000001,1.0054026020806608,46,94.918,1.843500000000006
1052,Alpine F1 Team,214,854,True,97.944,1.0236401087078515,47,94.918,3.0259999999999962
1052,Aston Martin,117,20,True,97.522,1.2606705057068992,47,94.918,2.603999999999999
1052,Aston Martin,117,840,True,96.769,1.0784727526832363,48,94.918,1.850999999999999
1052,Ferrari,6,832,False,96.3215,1.354040362467639,48,94.918,1.403499999999994
1052,Ferrari,6,844,False,96.195,0.9591016774837282,47,94.918,1.2769999999999868
1052,McLaren,1,817,False,96.35849999999999,1.1473908079740762,48,94.918,1.440499999999986
1052,McLaren,1,846,False,95.9,0.9431005549776944,47,94.918,0.9819999999999993
1052,Mercedes,131,1,False,94.918,0.678407982930876,47,94.918,0.0
1052,Mercedes,131,822,False,95.038,0.9616616915999577,45,94.918,0.11999999999999034
1052,RB F1 Team,215,842,True,96.512,1.3948460950995283,43,94.918,1.593999999999994
1052,RB F1 Team,215,852,True,96.606,1.1551453072453968,48,94.918,1.6879999999999882
1052,Red Bull,9,815,False,95.7585,1.3150313035604824,48,94.918,0.8404999999999916
1052,Red Bull,9,830,False,95.126,1.0070824894766808,47,94.918,0.2079999999999984
1052,Williams,3,847,True,97.238,1.2588142846862849,47,94.918,2.319999999999993
1052,Williams,3,849,True,98.105,0.817987897966416,41,94.918,3.1869999999999976
1053,Alfa Romeo,51,8,True,81.991,8.271114853830408,53,81.006,0.9849999999999994
1053,Alfa Romeo,51,841,True,83.368,9.113593624953019,51,81.006,2.3619999999999948
1053,Alpine F1 Team,214,4,True,83.317,8.95478905265242,53,81.006,2.310999999999993
1053,Alpine F1 Team,214,839,True,82.4115,7.895947939847269,52,81.006,1.4055000000000035
1053,Alpine F1 Team,214,853,True,85.943,7.513159455864809,47,81.006,4.936999999999998
1053,Alpine F1 Team,214,854,True,83.806,7.419173934984341,50,81.006,2.799999999999997
1053,Aston Martin,117,20,True,82.651,6.761735868449137,47,81.006,1.644999999999996
1053,Aston Martin,117,840,True,83.184,9.116429545492673,54,81.006,2.1779999999999973
1053,Ferrari,6,832,False,81.172,8.907337975743143,54,81.006,0.16599999999999682
1053,Ferrari,6,844,False,81.509,8.168680121905048,55,81.006,0.5030000000000001
1053,McLaren,1,817,False,82.229,9.505770288679633,55,81.006,1.222999999999999
1053,McLaren,1,846,False,81.274,8.727003670924343,54,81.006,0.2680000000000007
1053,Mercedes,131,1,False,81.444,7.146923793778579,53,81.006,0.4380000000000024
1053,Mercedes,131,822,False,90.387,8.57089787248569,24,81.006,9.381
1053,RB F1 Team,215,842,True,82.267,9.64573962953511,51,81.006,1.2609999999999957
1053,RB F1 Team,215,852,True,82.003,9.509847875817483,53,81.006,0.9969999999999999
1053,Red Bull,9,815,False,82.119,6.917681935547002,53,81.006,1.1129999999999995
1053,Red Bull,9,830,False,81.006,7.260706248726984,55,81.006,0.0
1053,Williams,3,847,True,90.127,6.573267402131225,23,81.006,9.120999999999995
1054,Alfa Romeo,51,841,True,83.091,0.7601135148906898,56,81.934,1.1569999999999965
1054,Alpine F1 Team,214,4,True,82.852,1.049549933080883,57,81.934,0.9180000000000064
1054,Alpine F1 Team,214,839,True,82.788,0.7724561711455488,57,81.934,0.8539999999999992
1054,Alpine F1 Team,214,853,True,85.062,0.9391605466121922,49,81.934,3.128
1054,Alpine F1 Team,214,854,True,84.6575,0.8882052468023605,54,81.934,2.7235000000000014
1054,Aston Martin,117,20,True,83.29249999999999,0.6442267687278,56,81.934,1.3584999999999923
1054,Aston Martin,117,840,True,83.24449999999999,0.9368888054439519,56,81.934,1.3104999999999905
1054,Ferrari,6,832,False,83.196,0.5990011333623914,57,81.934,1.2620000000000005
1054,Ferrari,6,844,False,82.709,0.821853265171906,57,81.934,0.7750000000000057
1054,McLaren,1,817,False,82.929,0.7460085556061673,57,81.934,0.9950000000000045
1054,McLaren,1,846,False,82.82849999999999,0.8983539359925719,58,81.934,0.8944999999999936
1054,Mercedes,131,1,False,81.934,0.9108515357420534,59,81.934,0.0
1054,Mercedes,131,822,False,82.189,0.977741362044497,57,81.934,0.25499999999999545
1054,RB F1 Team,215,842,True,83.01,0.7731177680879716,57,81.934,1.0760000000000076
1054,RB F1 Team,215,852,True,83.5015,0.8204159876138203,54,81.934,1.5674999999999955
1054,Red Bull,9,815,False,82.4585,0.9282665283911676,58,81.934,0.5245000000000033
1054,Red Bull,9,830,False,82.045,1.0823284773844672,57,81.934,0.1110000000000042
1054,Williams,3,847,True,84.283,0.9984294660381319,55,81.934,2.3490000000000038
1054,Williams,3,849,True,84.856,0.8298855285917636,54,81.934,2.921999999999997
1055,Alfa Romeo,51,8,True,84.922,1.3061317377302555,59,81.985,2.9369999999999976
1055,Alfa Romeo,51,841,True,84.996,1.332158225473712,59,81.985,3.0109999999999957
1055,Alpine F1 Team,214,4,True,84.629,1.1314022763377543,57,81.985,2.6440000000000055
1055,Alpine F1 Team,214,839,True,84.623,0.91478791332137,59,81.985,2.6380000000000052
1055,Alpine F1 Team,214,853,True,85.63749999999999,1.2070004514486923,54,81.985,3.652499999999989
1055,Alpine F1 Team,214,854,True,84.6485,1.5553510882730766,56,81.985,2.663499999999999
1055,Aston Martin,117,20,True,84.335,1.12762292674115,57,81.985,2.3499999999999943
1055,Aston Martin,117,840,True,84.506,1.1257994769966813,57,81.985,2.521000000000001
1055,Ferrari,6,832,False,83.3335,1.2651768229083442,58,81.985,1.3485000000000014
1055,Ferrari,6,844,False,82.9445,1.0004876598295906,58,81.985,0.9595000000000056
1055,McLaren,1,817,False,83.3095,1.0208551527477991,58,81.985,1.3245000000000005
1055,McLaren,1,846,False,84.276,1.1999945057831474,57,81.985,2.290999999999997
1055,Mercedes,131,1,False,81.985,1.2690880550716137,59,81.985,0.0
1055,Mercedes,131,822,False,82.4505,1.2941718671950482,58,81.985,0.4655000000000058
1055,RB F1 Team,215,842,True,84.079,1.471108388802153,57,81.985,2.093999999999994
1055,RB F1 Team,215,852,True,86.189,1.180756833560575,5,81.985,4.2039999999999935
1055,Red Bull,9,815,False,83.077,1.3352183696595612,58,81.985,1.0919999999999987
1055,Red Bull,9,830,False,82.5375,1.19979357264038,60,81.985,0.5524999999999949
1055,Williams,3,847,True,85.086,1.2316307676206506,59,81.985,3.100999999999999
1055,Williams,3,849,True,84.916,1.510291406801565,57,81.985,2.9309999999999974
1056,Alfa Romeo,51,8,True,77.067,1.2085344814469619,73,75.6395,1.4274999999999949
1056,Alfa Romeo,51,841,True,76.974,1.0724051736990934,75,75.6395,1.3345000000000056
1056,Alpine F1 Team,214,4,True,77.2535,1.2999764595026264,74,75.6395,1.6140000000000043
1056,Alpine F1 Team,214,839,True,76.935,1.1536283377334406,75,75.6395,1.295500000000004
1056,Alpine F1 Team,214,853,True,78.6845,1.18344361593208,60,75.6395,3.0450000000000017
1056,Alpine F1 Team,214,854,True,77.852,1.0735196323742193,61,75.6395,2.2125000000000057
1056,Aston Martin,117,20,True,76.0795,0.8946536736578323,76,75.6395,0.4399999999999977
1056,Aston Martin,117,840,True,76.538,1.1381695486356356,75,75.6395,0.8984999999999985
1056,Ferrari,6,832,False,75.7285,0.9221828843050863,76,75.6395,0.08899999999999864
1056,McLaren,1,817,False,77.2285,1.2102105837751351,72,75.6395,1.5889999999999986
1056,McLaren,1,846,False,75.806,0.8994231086763625,76,75.6395,0.1664999999999992
1056,Mercedes,131,1,False,76.349,1.0920558499726354,75,75.6395,0.7095000000000056
1056,Mercedes,131,822,False,76.559,0.5009194773127994,28,75.6395,0.9194999999999993
1056,RB F1 Team,215,842,True,76.151,0.7049587485215852,75,75.6395,0.5114999999999981
1056,RB F1 Team,215,852,True,77.5295,1.409035279843789,74,75.6395,1.8900000000000006
1056,Red Bull,9,815,False,75.7625,1.1507433657682404,76,75.6395,0.12300000000000466
1056,Red Bull,9,830,False,75.6395,0.9278285189227168,76,75.6395,0.0
1056,Williams,3,847,True,77.078,1.299232330683985,71,75.6395,1.4385000000000048
1056,Williams,3,849,True,77.323,1.3852513654603986,73,75.6395,1.6834999999999951
1057,Alfa Romeo,51,8,True,107.66,1.881491508507558,38,105.7635,1.8965000000000032
1057,Alfa Romeo,51,841,True,107.8015,1.7054781319635757,38,105.7635,2.038000000000011
1057,Alpine F1 Team,214,4,True,108.0735,2.4710647916408823,40,105.7635,2.3100000000000023
1057,Alpine F1 Team,214,839,True,110.85,,1,105.7635,5.086500000000001
1057,Alpine F1 Team,214,853,True,109.15,1.777866662297141,35,105.7635,3.3865000000000123
1057,Alpine F1 Team,214,854,True,108.452,1.9239507405211689,37,105.7635,2.6885000000000048
1057,Aston Martin,117,20,True,106.62700000000001,2.3140008842495443,40,105.7635,0.8635000000000161
1057,Aston Martin,117,840,True,106.9175,1.219300816106814,28,105.7635,1.1540000000000106
1057,Ferrari,6,832,False,107.37299999999999,2.324270582989149,40,105.7635,1.609499999999997
1057,Ferrari,6,844,False,107.193,1.6074128263239607,40,105.7635,1.4295000000000044
1057,McLaren,1,817,False,107.023,1.6002536278397532,39,105.7635,1.2595000000000027
1057,McLaren,1,846,False,106.777,1.5493117382722512,39,105.7635,1.0135000000000076
1057,Mercedes,131,1,False,106.187,1.667948301902823,40,105.7635,0.4235000000000042
1057,Mercedes,131,822,False,107.355,2.6431674538520116,40,105.7635,1.5915000000000106
1057,RB F1 Team,215,842,True,106.926,1.8079206952697413,40,105.7635,1.1625000000000085
1057,RB F1 Team,215,852,True,106.84700000000001,2.2070772871111846,40,105.7635,1.083500000000015
1057,Red Bull,9,815,False,105.9465,1.7501645307271572,40,105.7635,0.18300000000000693
1057,Red Bull,9,830,False,105.7635,1.6083768429662464,38,105.7635,0.0
1057,Williams,3,847,True,108.0025,1.9402031402567919,38,105.7635,2.2390000000000043
1057,Williams,3,849,True,108.02,2.2908169178585833,39,105.7635,2.2565000000000026
1058,Alfa Romeo,51,8,True,70.745,0.9501581907856047,67,69.148,1.5970000000000084
1058,Alfa Romeo,51,841,True,70.629,0.8577445651428489,67,69.148,1.4810000000000088
1058,Alpine F1 Team,214,4,True,70.531,0.7418220176867971,67,69.148,1.3830000000000098
1058,Alpine F1 Team,214,839,True,71.088,0.9801129225870479,67,69.148,1.9399999999999977
1058,Alpine F1 Team,214,853,True,72.175,0.7080016362610229,63,69.148,3.027000000000001
1058,Alpine F1 Team,214,854,True,71.82849999999999,1.0935345396623355,64,69.148,2.680499999999995
1058,Aston Martin,117,20,True,70.48,0.8490611789336004,67,69.148,1.3320000000000078
1058,Aston Martin,117,840,True,70.365,0.7803634047155665,67,69.148,1.2169999999999987
1058,Ferrari,6,832,False,70.02,1.1938080081737996,67,69.148,0.8719999999999999
1058,Ferrari,6,844,False,70.3985,0.9151296314862952,66,69.148,1.2505000000000024
1058,McLaren,1,817,False,70.9915,0.8802897913660214,66,69.148,1.843500000000006
1058,McLaren,1,846,False,70.016,0.9075295116763623,67,69.148,0.8680000000000092
1058,Mercedes,131,1,False,69.424,0.8277759784846931,67,69.148,0.27600000000001046
1058,Mercedes,131,822,False,69.71199999999999,0.7290672000722912,68,69.148,0.563999999999993
1058,RB F1 Team,215,852,True,70.42,0.8202819139556417,67,69.148,1.2720000000000056
1058,Red Bull,9,815,False,69.3325,0.8825462712963166,66,69.148,0.1844999999999999
1058,Red Bull,9,830,False,69.148,0.7169884609334178,69,69.148,0.0
1058,Williams,3,847,True,71.512,0.4719909558091027,31,69.148,2.3640000000000043
1058,Williams,3,849,True,71.038,0.730301224850485,59,69.148,1.8900000000000006
1059,Alfa Romeo,51,8,True,101.06299999999999,1.3848198144045005,50,97.7515,3.3114999999999952
1059,Alfa Romeo,51,841,True,100.8325,1.2261603086256643,50,97.7515,3.081000000000003
1059,Alpine F1 Team,214,4,True,99.534,1.351067405467864,51,97.7515,1.782500000000013
1059,Alpine F1 Team,214,839,True,100.809,1.3313858202823758,50,97.7515,3.0575000000000045
1059,Alpine F1 Team,214,853,True,101.68549999999999,1.1639162415256596,48,97.7515,3.9339999999999975
1059,Alpine F1 Team,214,854,True,100.625,1.1888225161996013,47,97.7515,2.873500000000007
1059,Aston Martin,117,20,True,100.256,1.4376511933447103,51,97.7515,2.5045000000000073
1059,Aston Martin,117,840,True,100.432,1.2790830928565131,51,97.7515,2.680500000000009
1059,Ferrari,6,832,False,100.192,0.879962000962115,51,97.7515,2.4405
1059,Ferrari,6,844,False,100.273,1.2336934284254437,49,97.7515,2.521500000000003
1059,McLaren,1,817,False,99.431,0.9947238485639885,51,97.7515,1.6795000000000044
1059,McLaren,1,846,False,99.289,1.4132975385774273,51,97.7515,1.5375000000000085
1059,Mercedes,131,1,False,98.431,0.8369932255447781,51,97.7515,0.6795000000000044
1059,Mercedes,131,822,False,98.719,0.877117154962447,51,97.7515,0.9675000000000011
1059,RB F1 Team,215,842,True,99.851,1.101186375562969,51,97.7515,2.099500000000006
1059,RB F1 Team,215,852,True,100.04,0.935962753725031,49,97.7515,2.2885000000000133
1059,Red Bull,9,815,False,98.28,1.1835154973843927,51,97.7515,0.5285000000000082
1059,Red Bull,9,830,False,97.7515,1.1227232519228243,50,97.7515,0.0
1059,Williams,3,847,True,100.103,1.0499048964866724,49,97.7515,2.3515000000000015
1059,Williams,3,849,True,100.764,1.2480752344375328,49,97.7515,3.012500000000003
1060,Alfa Romeo,51,8,True,70.2585,0.9907426896691892,64,68.8845,1.3739999999999952
1060,Alfa Romeo,51,841,True,70.12549999999999,1.102433222318975,64,68.8845,1.2409999999999854
1060,Alpine F1 Team,214,4,True,69.848,1.0798919521717791,65,68.8845,0.9634999999999962
1060,Alpine F1 Team,214,853,True,71.52199999999999,0.9974753400234039,60,68.8845,2.6374999999999886
1060,Alpine F1 Team,214,854,True,70.899,1.0585819092759037,62,68.8845,2.014499999999998
1060,Aston Martin,117,20,True,69.9495,1.0011190614499108,62,68.8845,1.0649999999999977
1060,Aston Martin,117,840,True,70.279,1.0808579572298724,63,68.8845,1.3944999999999936
1060,Ferrari,6,832,False,69.938,1.0416429926027784,65,68.8845,1.0534999999999997
1060,Ferrari,6,844,False,69.769,0.87610177282445,65,68.8845,0.8845000000000027
1060,McLaren,1,817,False,69.72200000000001,0.932535521611694,66,68.8845,0.8375000000000057
1060,McLaren,1,846,False,69.13,0.6135856418301797,66,68.8845,0.24549999999999272
1060,Mercedes,131,1,False,69.4245,0.5092171395761292,64,68.8845,0.539999999999992
1060,Mercedes,131,822,False,69.154,0.6399889212692055,66,68.8845,0.26949999999999363
1060,RB F1 Team,215,842,True,69.725,1.0274119105203081,64,68.8845,0.8404999999999916
1060,RB F1 Team,215,852,True,70.016,0.9813197243679885,63,68.8845,1.1315000000000026
1060,Red Bull,9,815,False,69.495,1.0354018422815279,65,68.8845,0.6105000000000018
1060,Red Bull,9,830,False,68.8845,0.6522621312760967,64,68.8845,0.0
1060,Williams,3,847,True,70.066,0.8651633457511593,64,68.8845,1.1814999999999998
1060,Williams,3,849,True,70.582,1.0158264937402508,65,68.8845,1.697499999999991
1061,Alfa Romeo,51,8,True,93.5255,1.0245173761936022,44,91.946,1.579499999999996
1061,Alfa Romeo,51,841,True,93.622,0.9527208840097264,45,91.946,1.676000000000002
1061,Alpine F1 Team,214,4,True,93.2345,0.8684931425447973,46,91.946,1.288499999999999
1061,Alpine F1 Team,214,839,True,93.0365,0.9061246898872034,46,91.946,1.0905000000000058
1061,Alpine F1 Team,214,853,True,94.629,1.2987602623007428,42,91.946,2.683000000000007
1061,Alpine F1 Team,214,854,True,95.32650000000001,1.3919096839169636,44,91.946,3.380500000000012
1061,Aston Martin,117,20,True,93.709,0.6641612077263291,33,91.946,1.7630000000000052
1061,Aston Martin,117,840,True,93.334,0.788623720148389,46,91.946,1.3880000000000052
1061,Ferrari,6,832,False,92.3445,0.8885366118669467,46,91.946,0.3984999999999985
1061,Ferrari,6,844,False,92.0205,0.7363674151184992,46,91.946,0.07450000000000045
1061,McLaren,1,817,False,92.616,0.8379921554865573,46,91.946,0.6700000000000017
1061,McLaren,1,846,False,92.2835,0.6456492549259766,46,91.946,0.3375000000000057
1061,Mercedes,131,1,False,91.946,1.0962792311528182,46,91.946,0.0
1061,Mercedes,131,822,False,92.1565,0.9279949545923292,46,91.946,0.21049999999999613
1061,RB F1 Team,215,842,True,92.9465,1.303849460823788,44,91.946,1.0005000000000024
1061,RB F1 Team,215,852,True,93.414,1.2327707131957513,45,91.946,1.4680000000000035
1061,Red Bull,9,815,False,93.207,1.3851094766100969,41,91.946,1.2609999999999957
1061,Williams,3,847,True,93.563,1.0371183742573613,45,91.946,1.6170000000000044
1061,Williams,3,849,True,93.515,1.0199040185579797,45,91.946,1.5690000000000026
1062,Alfa Romeo,51,8,True,83.305,1.2900639563507714,61,81.649,1.656000000000006
1062,Alfa Romeo,51,841,True,83.537,1.047400427339635,61,81.649,1.8880000000000052
1062,Alpine F1 Team,214,4,True,82.587,1.4257697662453503,64,81.649,0.9380000000000024
1062,Alpine F1 Team,214,839,True,82.761,0.9831971813530733,64,81.649,1.1119999999999948
1062,Alpine F1 Team,214,854,True,84.233,1.332356161318813,63,81.649,2.584000000000003
1062,Aston Martin,117,20,True,82.5625,0.9935696785335333,64,81.649,0.9134999999999991
1062,Ferrari,6,832,False,82.199,1.3280133336809943,64,81.649,0.5499999999999972
1062,McLaren,1,817,False,83.902,1.0924019495139845,62,81.649,2.253
1062,Mercedes,131,1,False,81.649,1.8432066399311664,61,81.649,0.0
1062,RB F1 Team,215,842,True,82.604,1.4911689231174632,62,81.649,0.9549999999999983
1062,RB F1 Team,215,852,True,83.177,0.9265863172295461,63,81.649,1.5280000000000058
1062,Red Bull,9,830,False,83.252,1.4869796776930142,62,81.649,1.6029999999999944
1062,Williams,3,847,True,83.49449999999999,1.0985913563531997,64,81.649,1.845499999999987
1062,Williams,3,849,True,83.527,0.6919996494803655,64,81.649,1.8780000000000001
1063,Alfa Romeo,51,8,True,243.125,,1,207.071,36.054
1063,Alfa Romeo,51,841,True,231.234,,1,207.071,24.16300000000001
1063,Alpine F1 Team,214,4,True,227.661,,1,207.071,20.590000000000003
1063,Alpine F1 Team,214,839,True,218.65,,1,207.071,11.579000000000008
1063,Alpine F1 Team,214,853,True,239.064,,1,207.071,31.992999999999995
1063,Alpine F1 Team,214,854,True,236.578,,1,207.071,29.507000000000005
1063,Aston Martin,117,20,True,214.55,,1,207.071,7.479000000000013
1063,Aston Martin,117,840,True,241.179,,1,207.071,34.108000000000004
1063,Ferrari,6,832,False,223.237,,1,207.071,16.165999999999997
1063,Ferrari,6,844,False,219.679,,1,207.071,12.608000000000004
1063,McLaren,1,817,False,211.567,,1,207.071,4.496000000000009
1063,McLaren,1,846,False,234.181,,1,207.071,27.110000000000014
1063,Mercedes,131,1,False,209.672,,1,207.071,2.600999999999999
1063,Mercedes,131,822,False,229.485,,1,207.071,22.414000000000016
1063,RB F1 Team,215,842,True,217.248,,1,207.071,10.176999999999992
1063,RB F1 Team,215,852,True,235.4,,1,207.071,28.329000000000008
1063,Red Bull,9,815,False,245.276,,1,207.071,38.20500000000001
1063,Red Bull,9,830,False,207.071,,1,207.071,0.0
1063,Williams,3,847,True,209.066,,1,207.071,1.9950000000000045
1063,Williams,3,849,True,222.556,,1,207.071,15.485000000000014
1064,Alfa Romeo,51,9,True,77.741,1.205979961041461,66,74.495,3.245999999999995
1064,Alfa Romeo,51,841,True,76.91,0.993746668354348,65,74.495,2.414999999999992
1064,Alpine F1 Team,214,4,True,76.336,1.052332838395532,68,74.495,1.840999999999994
1064,Alpine F1 Team,214,839,True,76.5695,1.0148591835437877,68,74.495,2.0745000000000005
1064,Alpine F1 Team,214,853,True,78.398,1.0767006346969223,37,74.495,3.9029999999999916
1064,Alpine F1 Team,214,854,True,77.263,1.3927761014046993,60,74.495,2.7680000000000007
1064,Aston Martin,117,20,True,76.7185,1.4941060338134533,64,74.495,2.2235000000000014
1064,Aston Martin,117,840,True,76.875,1.0154410684751216,67,74.495,2.3799999999999955
1064,Ferrari,6,832,False,76.285,0.7442910980164175,68,74.495,1.789999999999992
1064,Ferrari,6,844,False,76.12700000000001,0.8065718297520659,68,74.495,1.632000000000005
1064,McLaren,1,817,False,76.7755,1.0541277545302274,68,74.495,2.2804999999999893
1064,McLaren,1,846,False,76.3125,1.398888740813465,68,74.495,1.8174999999999955
1064,Mercedes,131,1,False,74.53649999999999,1.0535747592964375,66,74.495,0.04149999999998499
1064,Mercedes,131,822,False,75.1605,0.9851405513115578,68,74.495,0.6654999999999944
1064,RB F1 Team,215,842,True,75.98150000000001,0.6580468399338905,68,74.495,1.4865000000000066
1064,RB F1 Team,215,852,True,77.281,0.8461458248263318,44,74.495,2.7860000000000014
1064,Red Bull,9,815,False,75.86250000000001,1.4134597848553334,66,74.495,1.3675000000000068
1064,Red Bull,9,830,False,74.495,0.8059166561849954,68,74.495,0.0
1064,Williams,3,847,True,76.7585,0.9261648499943524,64,74.495,2.2634999999999934
1064,Williams,3,849,True,77.452,1.0540294594135489,67,74.495,2.9569999999999936
1065,Alfa Romeo,51,9,True,87.709,0.7895387600511998,46,86.313,1.3960000000000008
1065,Alfa Romeo,51,841,True,86.999,0.6259393528667395,44,86.313,0.6859999999999928
1065,Alpine F1 Team,214,4,True,87.299,0.8267667937895972,45,86.313,0.9860000000000042
1065,Alpine F1 Team,214,839,True,87.4625,0.8274858528790445,46,86.313,1.1495000000000033
1065,Alpine F1 Team,214,853,True,88.729,0.7413383886266864,31,86.313,2.415999999999997
1065,Alpine F1 Team,214,854,True,88.092,0.915565566247217,41,86.313,1.7789999999999964
1065,Aston Martin,117,20,True,87.137,0.8024119415176098,44,86.313,0.8239999999999981
1065,Aston Martin,117,840,True,87.249,0.7667468943530245,45,86.313,0.9359999999999928
1065,Ferrari,6,832,False,86.9515,0.8913448453507372,46,86.313,0.6384999999999934
1065,Ferrari,6,844,False,86.5615,0.69213258796539,46,86.313,0.24849999999999284
1065,McLaren,1,817,False,86.313,0.5322366052675377,43,86.313,0.0
1065,McLaren,1,846,False,86.4815,0.84716868956751,44,86.313,0.16849999999999454
1065,Mercedes,131,1,False,86.778,0.469352707914717,23,86.313,0.4650000000000034
1065,Mercedes,131,822,False,86.5725,0.8312602004023427,46,86.313,0.25950000000000273
1065,RB F1 Team,215,842,True,89.005,,1,86.313,2.691999999999993
1065,Red Bull,9,815,False,86.5325,0.7010993785814921,46,86.313,0.21949999999999648
1065,Red Bull,9,830,False,86.6795,0.9133293088513713,22,86.313,0.36650000000000205
1065,Williams,3,847,True,87.40700000000001,0.8138278661069429,46,86.313,1.0940000000000083
1065,Williams,3,849,True,87.271,0.7625172188122719,44,86.313,0.9579999999999984
1066,Alfa Romeo,51,8,True,101.204,0.9255501312215373,43,100.863,0.340999999999994
1066,Alfa Romeo,51,841,True,101.849,1.652173755539614,43,100.863,0.9860000000000042
1066,Alpine F1 Team,214,4,True,101.041,1.308348591949016,44,100.863,0.17799999999999727
1066,Alpine F1 Team,214,839,True,101.029,0.8489806375433908,43,100.863,0.16599999999999682
1066,Alpine F1 Team,214,853,True,102.957,1.326210576757113,41,100.863,2.093999999999994
1066,Alpine F1 Team,214,854,True,103.647,1.8410057147852343,29,100.863,2.784000000000006
1066,Aston Martin,117,20,True,101.37,1.2402047137486718,43,100.863,0.507000000000005
1066,Aston Martin,117,840,True,101.1875,1.1087407605007364,44,100.863,0.32450000000000045
1066,Ferrari,6,832,False,101.257,1.1044251570793968,44,100.863,0.39400000000000546
1066,Ferrari,6,844,False,100.87,1.4947561023447282,44,100.863,0.007000000000005002
1066,McLaren,1,817,False,101.4665,1.4899019087424537,44,100.863,0.6034999999999968
1066,McLaren,1,846,False,100.863,1.748431289106688,45,100.863,0.0
1066,Mercedes,131,1,False,100.926,1.9475457840232755,44,100.863,0.06300000000000239
1066,Mercedes,131,822,False,101.56,1.4010375972247202,43,100.863,0.6970000000000027
1066,RB F1 Team,215,842,True,101.611,1.3430312444571257,43,100.863,0.7480000000000047
1066,RB F1 Team,215,852,True,101.233,1.6758436763867681,43,100.863,0.37000000000000455
1066,Red Bull,9,815,False,101.0215,1.3559177857653282,44,100.863,0.15850000000000364
1066,Red Bull,9,830,False,101.1035,1.5731108533320306,44,100.863,0.24049999999999727
1066,Williams,3,847,True,101.5235,1.0208253065798831,44,100.863,0.660499999999999
1066,Williams,3,849,True,101.377,1.7309954506805831,43,100.863,0.5139999999999958
1067,Alfa Romeo,51,8,True,95.51050000000001,1.374093641815575,54,93.884,1.6265000000000072
1067,Alfa Romeo,51,841,True,95.4125,1.1086134282982545,54,93.884,1.528499999999994
1067,Alpine F1 Team,214,4,True,95.5985,1.287052375492404,54,93.884,1.714500000000001
1067,Alpine F1 Team,214,839,True,95.655,0.9392030087166927,55,93.884,1.7710000000000008
1067,Alpine F1 Team,214,853,True,97.22749999999999,1.0311555838787112,46,93.884,3.3434999999999917
1067,Alpine F1 Team,214,854,True,96.891,1.1391344856965928,47,93.884,3.007000000000005
1067,Aston Martin,117,20,True,95.174,1.2538915513298508,53,93.884,1.2900000000000063
1067,Aston Martin,117,840,True,94.881,1.0356505517402392,55,93.884,0.9969999999999999
1067,Ferrari,6,832,False,94.498,1.416967212801658,55,93.884,0.6140000000000043
1067,Ferrari,6,844,False,94.338,1.10291270553882,56,93.884,0.4539999999999935
1067,McLaren,1,817,False,95.217,1.3131041115758693,53,93.884,1.3329999999999984
1067,McLaren,1,846,False,94.567,1.0442404685841986,55,93.884,0.6829999999999927
1067,Mercedes,131,1,False,94.585,1.0737280650033136,55,93.884,0.7009999999999934
1067,Mercedes,131,822,False,93.884,0.8790064622710602,56,93.884,0.0
1067,RB F1 Team,215,842,True,94.294,0.8149636665384307,55,93.884,0.4099999999999966
1067,RB F1 Team,215,852,True,95.616,1.2269076408663548,53,93.884,1.7319999999999993
1067,Red Bull,9,815,False,94.4825,1.1228587216414325,56,93.884,0.5985000000000014
1067,Red Bull,9,830,False,94.1865,0.695982861969917,56,93.884,0.3024999999999949
1067,Williams,3,847,True,95.693,1.287062084041046,54,93.884,1.8089999999999975
1067,Williams,3,849,True,95.2715,1.175142272924385,52,93.884,1.3875000000000028
1069,Alfa Romeo,51,8,True,102.685,1.3411746508316196,47,100.426,2.2590000000000003
1069,Alfa Romeo,51,841,True,102.9505,1.3798315419215688,50,100.426,2.5245000000000033
1069,Alpine F1 Team,214,4,True,103.047,1.7812875290013064,41,100.426,2.620999999999995
1069,Alpine F1 Team,214,839,True,103.77199999999999,0.9940714874209896,34,100.426,3.3459999999999894
1069,Alpine F1 Team,214,853,True,104.843,1.3893911078721723,44,100.426,4.417000000000002
1069,Alpine F1 Team,214,854,True,103.949,1.3800238337375452,47,100.426,3.522999999999996
1069,Aston Martin,117,20,True,102.47,1.4821361414076115,49,100.426,2.043999999999997
1069,Aston Martin,117,840,True,103.098,1.2804710439474158,49,100.426,2.671999999999997
1069,Ferrari,6,832,False,101.767,1.2979945055625606,51,100.426,1.340999999999994
1069,Ferrari,6,844,False,101.107,1.183390941652141,51,100.426,0.6809999999999974
1069,McLaren,1,817,False,101.659,1.0851127650807428,51,100.426,1.233000000000004
1069,McLaren,1,846,False,101.645,1.1247678670258416,50,100.426,1.218999999999994
1069,Mercedes,131,1,False,100.559,1.0212335931434675,51,100.426,0.13299999999999557
1069,Mercedes,131,822,False,101.3195,1.611121178381243,50,100.426,0.8935000000000031
1069,RB F1 Team,215,842,True,104.193,1.4059720085723248,10,100.426,3.766999999999996
1069,RB F1 Team,215,852,True,102.629,1.0373891289829442,49,100.426,2.203000000000003
1069,Red Bull,9,815,False,101.09299999999999,1.4221206394403363,52,100.426,0.6669999999999874
1069,Red Bull,9,830,False,100.426,0.8201489869433972,51,100.426,0.0
1069,Williams,3,847,True,103.523,1.2778233955058313,49,100.426,3.096999999999994
1069,Williams,3,849,True,103.70150000000001,1.243843239187911,50,100.426,3.275500000000008
1070,Alfa Romeo,51,8,True,81.771,0.9877850462621101,64,80.557,1.2139999999999986
1070,Alfa Romeo,51,841,True,82.604,0.87983980760906,64,80.557,2.046999999999997
1070,Alpine F1 Team,214,4,True,82.1075,1.117771026289516,64,80.557,1.5504999999999995
1070,Alpine F1 Team,214,839,True,82.847,1.0926229347877492,63,80.557,2.289999999999992
1070,Alpine F1 Team,214,853,True,84.263,1.2148818072204668,53,80.557,3.706000000000003
1070,Aston Martin,117,20,True,81.793,0.9466885178355141,64,80.557,1.2360000000000042
1070,Aston Martin,117,840,True,82.5695,1.258431803570331,60,80.557,2.012500000000003
1070,Ferrari,6,832,False,81.828,0.876032598813132,63,80.557,1.2710000000000008
1070,Ferrari,6,844,False,81.884,0.7057405691623109,65,80.557,1.3269999999999982
1070,McLaren,1,817,False,82.419,1.11876670448675,63,80.557,1.8619999999999948
1070,McLaren,1,846,False,82.199,1.2340805505750103,64,80.557,1.641999999999996
1070,Mercedes,131,1,False,80.727,0.6772911834029659,65,80.557,0.1700000000000017
1070,Mercedes,131,822,False,82.7985,1.5833645745636302,58,80.557,2.241500000000002
1070,RB F1 Team,215,842,True,81.454,0.6970564129168212,65,80.557,0.8969999999999914
1070,Red Bull,9,815,False,81.152,0.8665980464081636,65,80.557,0.5949999999999989
1070,Red Bull,9,830,False,80.557,0.7424980202641296,65,80.557,0.0
1070,Williams,3,847,True,83.17599999999999,1.0916949625821912,62,80.557,2.6189999999999856
1070,Williams,3,849,True,83.358,1.5387950047575112,61,80.557,2.801000000000002
1071,Alfa Romeo,51,8,True,75.0945,1.5389628633587387,58,73.441,1.653499999999994
1071,Alfa Romeo,51,841,True,75.655,1.2755404637157726,59,73.441,2.2139999999999986
1071,Alpine F1 Team,214,4,True,75.401,1.2137270391404325,59,73.441,1.9599999999999937
1071,Alpine F1 Team,214,839,True,75.31,1.0792941492733712,61,73.441,1.8689999999999998
1071,Alpine F1 Team,214,853,True,77.188,1.318452926214691,59,73.441,3.747
1071,Alpine F1 Team,214,854,True,76.316,1.5075022203086856,57,73.441,2.875
1071,Aston Martin,117,20,True,75.16149999999999,1.277367554041758,58,73.441,1.720499999999987
1071,Aston Martin,117,840,True,76.305,1.302695008543935,37,73.441,2.8640000000000043
1071,Ferrari,6,832,False,74.462,1.4213909781206129,59,73.441,1.0210000000000008
1071,Ferrari,6,844,False,74.497,1.4119251769960803,59,73.441,1.0559999999999974
1071,McLaren,1,817,False,75.511,1.104857635201064,39,73.441,2.069999999999993
1071,McLaren,1,846,False,75.6275,1.3030171963464616,58,73.441,2.1864999999999952
1071,Mercedes,131,1,False,73.441,1.2045919071347098,58,73.441,0.0
1071,Mercedes,131,822,False,73.5415,1.3669688522193477,60,73.441,0.1004999999999967
1071,RB F1 Team,215,842,True,74.844,1.142947523749347,58,73.441,1.4029999999999916
1071,RB F1 Team,215,852,True,76.079,1.2897083212267426,58,73.441,2.637999999999991
1071,Red Bull,9,815,False,73.582,1.2332294536453423,57,73.441,0.14099999999999113
1071,Red Bull,9,830,False,73.837,1.2165132307862385,59,73.441,0.3960000000000008
1071,Williams,3,847,True,76.398,1.2107900288089883,59,73.441,2.9569999999999936
1071,Williams,3,849,True,75.9195,1.1089424785579123,58,73.441,2.478499999999997
1072,Alfa Romeo,51,8,True,95.6045,12.92311432136489,42,93.10300000000001,2.501499999999993
1072,Alfa Romeo,51,841,True,95.17699999999999,12.044945635890784,44,93.10300000000001,2.073999999999984
1072,Alpine F1 Team,214,4,True,95.748,10.846643794055467,41,93.10300000000001,2.644999999999996
1072,Alpine F1 Team,214,839,True,94.864,10.168291869302005,43,93.10300000000001,1.7609999999999957
1072,Alpine F1 Team,214,853,True,98.185,8.538833342116728,10,93.10300000000001,5.081999999999994
1072,Alpine F1 Team,214,854,True,97.088,3.71918086219456,8,93.10300000000001,3.984999999999985
1072,Aston Martin,117,20,True,95.9385,12.157242226569167,38,93.10300000000001,2.835499999999996
1072,Aston Martin,117,840,True,95.178,12.15165370395584,43,93.10300000000001,2.0749999999999886
1072,Ferrari,6,832,False,94.924,12.465641365076495,44,93.10300000000001,1.820999999999998
1072,Ferrari,6,844,False,94.15,12.164676508296264,43,93.10300000000001,1.046999999999997
1072,McLaren,1,817,False,94.573,10.092013798021005,43,93.10300000000001,1.4699999999999847
1072,McLaren,1,846,False,95.333,10.38213812361012,43,93.10300000000001,2.2299999999999898
1072,Mercedes,131,1,False,93.10300000000001,9.747027390681932,42,93.10300000000001,0.0
1072,Mercedes,131,822,False,93.64699999999999,9.541044349936566,42,93.10300000000001,0.5439999999999827
1072,RB F1 Team,215,842,True,94.8775,12.190233968582143,44,93.10300000000001,1.774499999999989
1072,RB F1 Team,215,852,True,95.223,11.605446570863855,42,93.10300000000001,2.1199999999999903
1072,Red Bull,9,815,False,94.461,1.552492995153275,9,93.10300000000001,1.3579999999999899
1072,Red Bull,9,830,False,93.573,10.468423878211524,43,93.10300000000001,0.46999999999998465
1072,Williams,3,847,True,97.524,14.286694513116428,9,93.10300000000001,4.420999999999992
1072,Williams,3,849,True,96.115,10.21392527849526,43,93.10300000000001,3.0119999999999862
1073,Alfa Romeo,51,8,True,91.086,0.7967458548011698,21,87.87,3.215999999999994
1073,Alfa Romeo,51,841,True,90.548,0.8373995249388583,30,87.87,2.6779999999999973
1073,Alpine F1 Team,214,4,True,89.65,0.9903483866492603,50,87.87,1.7800000000000011
1073,Alpine F1 Team,214,839,True,89.538,0.8660471238457722,47,87.87,1.6679999999999922
1073,Alpine F1 Team,214,854,True,90.614,1.0302434059413554,47,87.87,2.7439999999999998
1073,Aston Martin,117,20,True,90.181,1.3388596209697057,48,87.87,2.310999999999993
1073,Aston Martin,117,840,True,90.283,1.277047125149255,47,87.87,2.4129999999999967
1073,Ferrari,6,832,False,89.5405,1.1429332719348673,48,87.87,1.6704999999999899
1073,Ferrari,6,844,False,89.408,0.776473237305453,47,87.87,1.5379999999999967
1073,McLaren,1,817,False,89.402,0.9233100358071676,46,87.87,1.5319999999999965
1073,McLaren,1,846,False,89.272,1.4486078509479154,47,87.87,1.402000000000001
1073,Mercedes,131,1,False,87.87,1.2621282189842953,49,87.87,0.0
1073,Mercedes,131,822,False,89.51849999999999,1.349580671511877,48,87.87,1.6484999999999843
1073,RB F1 Team,215,842,True,89.607,1.364562490623395,49,87.87,1.7369999999999948
1073,RB F1 Team,215,852,True,89.623,1.1824366968639999,47,87.87,1.7530000000000001
1073,Red Bull,9,815,False,88.265,1.7022511622858494,48,87.87,0.394999999999996
1073,Red Bull,9,830,False,88.041,1.184072609926529,49,87.87,0.17099999999999227
1073,Williams,3,847,True,91.583,0.9503607695982178,24,87.87,3.712999999999994
1073,Williams,3,849,True,90.935,1.1569675684933662,45,87.87,3.0649999999999977
1074,Alfa Romeo,51,822,True,99.7565,1.9270381058139123,48,97.693,2.0635000000000048
1074,Alfa Romeo,51,855,True,99.814,1.5343448868765006,46,97.693,2.120999999999995
1074,Alpine F1 Team,214,4,True,99.797,1.6831903180745438,46,97.693,2.103999999999999
1074,Alpine F1 Team,214,825,True,99.058,1.4984176254314154,47,97.693,1.365000000000009
1074,Alpine F1 Team,214,839,True,99.304,1.8580232391110654,47,97.693,1.6110000000000042
1074,Alpine F1 Team,214,854,True,100.5375,1.8355450626072118,48,97.693,2.8444999999999965
1074,Aston Martin,117,807,True,100.638,1.8492539581315286,47,97.693,2.9450000000000074
1074,Aston Martin,117,840,True,100.36699999999999,1.591467287649853,48,97.693,2.6739999999999924
1074,Ferrari,6,832,False,98.1505,1.3581704063397217,46,97.693,0.457499999999996
1074,Ferrari,6,844,False,97.693,1.2975047404223357,48,97.693,0.0
1074,McLaren,1,817,False,100.424,1.634073792148596,47,97.693,2.7310000000000088
1074,McLaren,1,846,False,101.45400000000001,2.00261052324246,48,97.693,3.76100000000001
1074,Mercedes,131,1,False,98.3805,1.2576727698949652,46,97.693,0.6875
1074,Mercedes,131,847,False,98.896,1.3888406754669964,47,97.693,1.203000000000003
1074,RB F1 Team,215,842,True,99.5545,1.2537282605421616,40,97.693,1.8615000000000066
1074,RB F1 Team,215,852,True,99.1815,1.6366079259803263,46,97.693,1.488500000000002
1074,Red Bull,9,815,False,98.419,1.6653689438655672,45,97.693,0.7259999999999991
1074,Red Bull,9,830,False,98.139,1.2192090096350932,42,97.693,0.44599999999999795
1074,Williams,3,848,True,100.7025,1.6512083642159563,48,97.693,3.0095000000000027
1074,Williams,3,849,True,101.031,1.4785371839897608,47,97.693,3.338000000000008
1075,Alfa Romeo,51,822,True,96.29,1.615258565676149,29,93.3745,2.9155000000000086
1075,Alfa Romeo,51,855,True,96.023,1.4066180078375863,39,93.3745,2.6484999999999985
1075,Alpine F1 Team,214,4,True,96.152,1.5542837135056777,30,93.3745,2.7775000000000034
1075,Alpine F1 Team,214,825,True,95.393,1.9134347768141924,41,93.3745,2.018500000000003
1075,Alpine F1 Team,214,839,True,95.241,1.6319595762924652,42,93.3745,1.866500000000002
1075,Aston Martin,117,807,True,96.447,1.3623796592350694,40,93.3745,3.072500000000005
1075,Aston Martin,117,840,True,96.241,1.3670687696751116,37,93.3745,2.866500000000002
1075,Ferrari,6,832,False,93.609,1.4287407638025027,42,93.3745,0.23449999999999704
1075,Ferrari,6,844,False,93.4645,1.2453827635077832,42,93.3745,0.09000000000000341
1075,McLaren,1,817,False,95.907,1.2203930115188741,27,93.3745,2.532499999999999
1075,McLaren,1,846,False,95.7775,2.0651675159069565,42,93.3745,2.403000000000006
1075,Mercedes,131,1,False,95.2775,1.5691040649576704,40,93.3745,1.9030000000000058
1075,Mercedes,131,847,False,94.1335,1.4835693525445794,42,93.3745,0.7590000000000003
1075,RB F1 Team,215,842,True,95.922,1.884931720313478,41,93.3745,2.5474999999999994
1075,Red Bull,9,815,False,93.647,1.143323445582876,41,93.3745,0.27250000000000796
1075,Red Bull,9,830,False,93.3745,1.3595717977682868,42,93.3745,0.0
1075,Williams,3,848,True,96.4175,1.525140358620166,36,93.3745,3.0430000000000064
1075,Williams,3,849,True,98.161,0.6996340526963412,13,93.3745,4.786500000000004
1076,Alfa Romeo,51,822,True,84.62,1.7375474280591212,47,82.394,2.225999999999999
1076,Alfa Romeo,51,855,True,84.889,1.9422750721921997,47,82.394,2.4949999999999903
1076,Alpine F1 Team,214,4,True,84.873,1.7543260088861887,45,82.394,2.478999999999999
1076,Alpine F1 Team,214,825,True,85.101,1.4492819725273196,47,82.394,2.7069999999999936
1076,Alpine F1 Team,214,839,True,84.541,1.681592298031616,47,82.394,2.1469999999999914
1076,Alpine F1 Team,214,854,True,84.577,1.8444726971237038,46,82.394,2.1829999999999927
1076,Aston Martin,117,20,True,86.029,0.8454464476436845,16,82.394,3.634999999999991
1076,Aston Martin,117,840,True,84.96799999999999,1.3289268785350428,48,82.394,2.573999999999984
1076,Ferrari,6,844,False,82.394,1.536619433991833,47,82.394,0.0
1076,McLaren,1,817,False,84.466,1.7772519524008632,47,82.394,2.0719999999999885
1076,McLaren,1,846,False,84.526,1.8252271910086828,47,82.394,2.131999999999991
1076,Mercedes,131,1,False,83.285,1.7684619573875864,47,82.394,0.8909999999999911
1076,Mercedes,131,847,False,83.588,1.3901076978622329,47,82.394,1.1939999999999884
1076,RB F1 Team,215,842,True,84.809,1.4996681112944037,47,82.394,2.414999999999992
1076,RB F1 Team,215,852,True,85.12,1.4455833832312892,46,82.394,2.725999999999999
1076,Red Bull,9,815,False,83.115,2.2460196275717443,47,82.394,0.7209999999999894
1076,Red Bull,9,830,False,83.87299999999999,2.0906811871820157,30,82.394,1.478999999999985
1076,Williams,3,848,True,84.946,1.8377003761564066,47,82.394,2.5519999999999925
1076,Williams,3,849,True,85.115,1.3138904575128885,45,82.394,2.7209999999999894
1077,Alfa Romeo,51,822,True,81.617,4.878064457947411,57,80.861,0.7560000000000002
1077,Alfa Romeo,51,855,True,82.4585,5.380908966537996,56,80.861,1.5974999999999966
1077,Alpine F1 Team,214,4,True,99.965,0.3959797974644682,2,80.861,19.104
1077,Alpine F1 Team,214,825,True,82.158,4.930071174571493,57,80.861,1.296999999999997
1077,Alpine F1 Team,214,839,True,82.2925,5.031337791038525,56,80.861,1.4314999999999998
1077,Alpine F1 Team,214,854,True,82.181,6.404749012606038,55,80.861,1.3199999999999932
1077,Aston Martin,117,20,True,82.145,4.874425855400773,57,80.861,1.2839999999999918
1077,Aston Martin,117,840,True,82.3015,5.04661175285864,56,80.861,1.4405000000000001
1077,Ferrari,6,844,False,81.125,5.720916700383981,54,80.861,0.2639999999999958
1077,McLaren,1,817,False,83.064,5.079096316647344,54,80.861,2.2029999999999887
1077,McLaren,1,846,False,81.768,4.611531778961407,57,80.861,0.9069999999999965
1077,Mercedes,131,1,False,82.5635,5.03258753225468,56,80.861,1.7025000000000006
1077,Mercedes,131,847,False,81.823,4.733362519258562,57,80.861,0.9619999999999891
1077,RB F1 Team,215,842,True,82.46350000000001,5.09028193638457,56,80.861,1.6025000000000063
1077,RB F1 Team,215,852,True,81.666,5.334061702691503,57,80.861,0.8049999999999926
1077,Red Bull,9,815,False,81.225,5.432470560399789,56,80.861,0.3639999999999901
1077,Red Bull,9,830,False,80.861,5.386087051556822,56,80.861,0.0
1077,Williams,3,848,True,82.41149999999999,5.111488962646771,56,80.861,1.5504999999999853
1077,Williams,3,849,True,82.7225,5.362444576288531,56,80.861,1.8614999999999924
1078,Alfa Romeo,51,822,True,94.456,1.3959321511370888,49,93.155,1.301000000000002
1078,Alfa Romeo,51,855,True,96.305,0.8145248103444511,4,93.155,3.1500000000000057
1078,Alpine F1 Team,214,4,True,94.929,0.8535179542589441,47,93.155,1.774000000000001
1078,Alpine F1 Team,214,825,True,95.089,1.036116756379435,46,93.155,1.9339999999999975
1078,Alpine F1 Team,214,839,True,94.945,1.0881893815425971,49,93.155,1.789999999999992
1078,Alpine F1 Team,214,854,True,94.928,1.0472110266528984,45,93.155,1.7729999999999961
1078,Aston Martin,117,20,True,95.288,1.2150080300686497,45,93.155,2.1329999999999956
1078,Aston Martin,117,840,True,95.175,1.255156769892432,49,93.155,2.019999999999996
1078,Ferrari,6,832,False,93.865,1.1388209590935425,49,93.155,0.7099999999999937
1078,Ferrari,6,844,False,93.155,1.1322120611266122,49,93.155,0.0
1078,McLaren,1,817,False,95.356,1.2158004645737313,47,93.155,2.2009999999999934
1078,McLaren,1,846,False,95.416,0.872130805592529,36,93.155,2.2609999999999957
1078,Mercedes,131,1,False,94.43299999999999,1.2687818708221492,48,93.155,1.2779999999999916
1078,Mercedes,131,847,False,94.419,1.382364064677942,49,93.155,1.2639999999999958
1078,RB F1 Team,215,842,True,95.238,0.8229795822844815,36,93.155,2.0829999999999984
1078,RB F1 Team,215,852,True,95.35,1.3037180253512957,49,93.155,2.194999999999993
1078,Red Bull,9,815,False,94.128,1.321648019101358,49,93.155,0.972999999999999
1078,Red Bull,9,830,False,93.249,1.1513646882756876,49,93.155,0.09399999999999409
1078,Williams,3,848,True,95.026,1.1493011289937762,47,93.155,1.8709999999999951
1078,Williams,3,849,True,96.4805,1.279274264943534,48,93.155,3.3255000000000052
1079,Alfa Romeo,51,822,True,88.563,0.7393270178643959,61,87.205,1.358000000000004
1079,Alfa Romeo,51,855,True,90.0735,0.6120308540460586,24,87.205,2.8684999999999974
1079,Alpine F1 Team,214,4,True,88.614,1.1641417508325471,58,87.205,1.409000000000006
1079,Alpine F1 Team,214,825,True,89.785,1.3546171276155328,60,87.205,2.5799999999999983
1079,Alpine F1 Team,214,839,True,88.845,1.1855312973695222,59,87.205,1.6400000000000006
1079,Alpine F1 Team,214,854,True,89.732,0.9937924398783258,60,87.205,2.527000000000001
1079,Aston Martin,117,20,True,89.324,1.1130461160693932,60,87.205,2.1189999999999998
1079,Aston Martin,117,840,True,89.087,1.262710633989657,58,87.205,1.882000000000005
1079,Ferrari,6,832,False,88.058,1.2485081451655484,59,87.205,0.8530000000000086
1079,Ferrari,6,844,False,88.23150000000001,0.6229477131034901,24,87.205,1.0265000000000128
1079,McLaren,1,817,False,89.238,1.052510531939094,58,87.205,2.0330000000000013
1079,McLaren,1,846,False,89.122,1.2599169547651756,59,87.205,1.9170000000000016
1079,Mercedes,131,1,False,87.364,1.5504809911494686,59,87.205,0.15900000000000603
1079,Mercedes,131,847,False,88.13,1.204935796751753,60,87.205,0.9249999999999972
1079,RB F1 Team,215,842,True,89.368,1.3139009793070826,58,87.205,2.1629999999999967
1079,RB F1 Team,215,852,True,88.732,1.0731204090318402,58,87.205,1.527000000000001
1079,Red Bull,9,815,False,87.75649999999999,1.377916147932971,60,87.205,0.5514999999999901
1079,Red Bull,9,830,False,87.205,0.9804548879264722,59,87.205,0.0
1079,Williams,3,848,True,90.495,1.0656889584812939,55,87.205,3.2900000000000063
1079,Williams,3,849,True,90.052,1.1351122053223064,57,87.205,2.8470000000000084
1080,Alfa Romeo,51,822,True,82.314,11.351788947603339,59,79.253,3.060999999999993
1080,Alfa Romeo,51,855,True,82.387,12.59893722241933,60,79.253,3.1340000000000003
1080,Alpine F1 Team,214,4,True,82.751,11.156411304003761,59,79.253,3.4980000000000047
1080,Alpine F1 Team,214,825,True,98.426,4.228938205458689,17,79.253,19.173000000000002
1080,Alpine F1 Team,214,839,True,82.636,11.084406025495817,59,79.253,3.3829999999999956
1080,Alpine F1 Team,214,854,True,97.4925,5.707442032580192,20,79.253,18.239500000000007
1080,Aston Martin,117,20,True,82.531,11.31567180717392,58,79.253,3.278000000000006
1080,Aston Martin,117,840,True,82.5335,11.907033051477725,60,79.253,3.2805000000000035
1080,Ferrari,6,832,False,79.838,12.641052773094351,59,79.253,0.5849999999999937
1080,Ferrari,6,844,False,79.253,12.655197982242388,58,79.253,0.0
1080,McLaren,1,817,False,82.339,11.750186105070801,59,79.253,3.0859999999999985
1080,McLaren,1,846,False,82.279,12.384642545480393,57,79.253,3.0259999999999962
1080,Mercedes,131,1,False,82.146,11.011592422999504,58,79.253,2.8930000000000007
1080,Mercedes,131,847,False,79.379,12.406848166832452,59,79.253,0.12600000000000477
1080,RB F1 Team,215,842,True,82.421,10.989609898952336,59,79.253,3.1680000000000064
1080,RB F1 Team,215,852,True,84.294,12.111291196409903,57,79.253,5.040999999999997
1080,Red Bull,9,815,False,79.62899999999999,12.772071670315034,58,79.253,0.37599999999999056
1080,Red Bull,9,830,False,79.5,12.754475320579328,58,79.253,0.2469999999999999
1080,Williams,3,848,True,93.811,11.785918780218589,43,79.253,14.558000000000007
1080,Williams,3,849,True,83.573,10.570934307959298,59,79.253,4.319999999999993
1081,Alfa Romeo,51,822,True,110.542,1.3893098188407436,45,107.67150000000001,2.8704999999999927
1081,Alfa Romeo,51,855,True,110.484,0.9364070439967735,19,107.67150000000001,2.812499999999986
1081,Alpine F1 Team,214,4,True,109.464,0.9909748622391361,44,107.67150000000001,1.7924999999999898
1081,Alpine F1 Team,214,825,True,110.476,0.6621208618630651,28,107.67150000000001,2.8044999999999902
1081,Alpine F1 Team,214,839,True,110.6645,1.1629075097910913,46,107.67150000000001,2.992999999999995
1081,Alpine F1 Team,214,854,True,110.4315,1.360142039492861,42,107.67150000000001,2.759999999999991
1081,Aston Martin,117,20,True,109.525,0.8944134938493424,45,107.67150000000001,1.8534999999999968
1081,Aston Martin,117,840,True,110.8725,1.3872903550305369,38,107.67150000000001,3.2009999999999934
1081,Ferrari,6,832,False,109.2145,1.8445838671248154,8,107.67150000000001,1.5429999999999922
1081,Ferrari,6,844,False,108.43,1.0035847915465446,17,107.67150000000001,0.758499999999998
1081,McLaren,1,817,False,110.116,1.0559885493816321,46,107.67150000000001,2.444499999999991
1081,McLaren,1,846,False,109.475,1.2218528843237357,44,107.67150000000001,1.8034999999999854
1081,Mercedes,131,1,False,109.6335,1.2142337469657667,46,107.67150000000001,1.961999999999989
1081,Mercedes,131,847,False,109.078,0.881481433827061,45,107.67150000000001,1.406499999999994
1081,RB F1 Team,215,842,True,109.561,0.7757092792139235,45,107.67150000000001,1.8894999999999982
1081,RB F1 Team,215,852,True,109.788,1.1773804477378536,43,107.67150000000001,2.116499999999988
1081,Red Bull,9,815,False,108.0455,0.9921466146001673,44,107.67150000000001,0.3739999999999952
1081,Red Bull,9,830,False,107.67150000000001,1.1707357282276902,44,107.67150000000001,0.0
1081,Williams,3,848,True,110.082,1.4023088673571336,43,107.67150000000001,2.4104999999999848
1081,Williams,3,849,True,111.12,0.9720098055463623,39,107.67150000000001,3.4484999999999957
1082,Alfa Romeo,51,822,True,78.831,1.0127717013200663,59,77.518,1.3130000000000024
1082,Alfa Romeo,51,855,True,79.11,0.9792096805487633,59,77.518,1.5919999999999987
1082,Alpine F1 Team,214,4,True,78.479,0.9183380689504851,59,77.518,0.9609999999999985
1082,Alpine F1 Team,214,825,True,79.468,0.6910603943735124,57,77.518,1.9500000000000028
1082,Alpine F1 Team,214,839,True,78.59,0.7744447753785104,59,77.518,1.0720000000000027
1082,Alpine F1 Team,214,854,True,79.402,0.4546763160545671,15,77.518,1.8840000000000003
1082,Aston Martin,117,20,True,78.83699999999999,0.7314175766472765,56,77.518,1.3189999999999884
1082,Aston Martin,117,840,True,79.2645,0.9114803866020961,58,77.518,1.7464999999999975
1082,Ferrari,6,832,False,77.5205,0.9410232168404741,60,77.518,0.0024999999999977263
1082,Ferrari,6,844,False,78.5705,1.2637714727950884,58,77.518,1.0524999999999949
1082,McLaren,1,817,False,79.142,0.5898555269298723,58,77.518,1.6239999999999952
1082,McLaren,1,846,False,79.2695,0.971431870492144,58,77.518,1.751499999999993
1082,Mercedes,131,1,False,77.885,0.9123597803444546,59,77.518,0.36700000000000443
1082,Mercedes,131,847,False,77.8545,0.9187938780053578,58,77.518,0.3365000000000009
1082,RB F1 Team,215,842,True,78.904,0.9442264223693081,55,77.518,1.3859999999999957
1082,RB F1 Team,215,852,True,79.348,0.6965606184115996,41,77.518,1.8299999999999983
1082,Red Bull,9,815,False,79.541,0.8088356240093979,6,77.518,2.022999999999996
1082,Red Bull,9,830,False,77.518,0.8981697423268961,59,77.518,0.0
1082,Williams,3,848,True,79.251,0.8217249531741636,58,77.518,1.733000000000004
1082,Williams,3,849,True,79.9115,0.8718490836580182,56,77.518,2.393500000000003
1083,Alfa Romeo,51,822,True,95.517,0.4624924503888304,16,92.655,2.8619999999999948
1083,Alpine F1 Team,214,4,True,93.983,1.1406158130593667,43,92.655,1.328000000000003
1083,Alpine F1 Team,214,825,True,94.995,1.1484836770140365,43,92.655,2.3400000000000034
1083,Alpine F1 Team,214,839,True,94.99549999999999,0.7039010996329795,32,92.655,2.3404999999999916
1083,Alpine F1 Team,214,854,True,94.469,1.1828743503357255,43,92.655,1.813999999999993
1083,Aston Martin,117,20,True,94.379,0.8837611759792913,43,92.655,1.7240000000000038
1083,Aston Martin,117,840,True,94.701,1.1839087037501284,42,92.655,2.0459999999999923
1083,Ferrari,6,832,False,92.764,1.0073339246044135,43,92.655,0.10899999999999466
1083,Ferrari,6,844,False,92.796,0.8368112867117102,43,92.655,0.14100000000000534
1083,McLaren,1,817,False,94.644,1.0082682604433368,42,92.655,1.9890000000000043
1083,McLaren,1,846,False,93.945,1.0482585331782324,43,92.655,1.289999999999992
1083,Mercedes,131,1,False,92.655,0.958144246741428,43,92.655,0.0
1083,RB F1 Team,215,842,True,95.376,0.5836284055711122,20,92.655,2.7210000000000036
1083,RB F1 Team,215,852,True,95.505,1.0360495114880863,43,92.655,2.8499999999999943
1083,Red Bull,9,815,False,92.948,1.0327508069403115,43,92.655,0.29299999999999216
1083,Red Bull,9,830,False,94.068,0.8612627484985115,41,92.655,1.4129999999999967
1083,Williams,3,849,True,95.0025,0.8206483517252163,42,92.655,2.3474999999999966
1084,Alfa Romeo,51,822,True,71.324,0.9070249958308553,63,70.122,1.2019999999999982
1084,Alfa Romeo,51,855,True,71.505,1.051560000043623,63,70.122,1.3829999999999956
1084,Alpine F1 Team,214,4,True,71.16499999999999,1.2158982520243198,64,70.122,1.0429999999999922
1084,Alpine F1 Team,214,825,True,71.2855,0.7092990767848711,62,70.122,1.163499999999999
1084,Alpine F1 Team,214,839,True,71.26,0.666823975296107,63,70.122,1.1380000000000052
1084,Alpine F1 Team,214,854,True,71.16,0.7964408811756224,62,70.122,1.0379999999999967
1084,Aston Martin,117,20,True,71.29650000000001,0.8745458328768162,62,70.122,1.174500000000009
1084,Aston Martin,117,840,True,71.731,0.9106775488910691,63,70.122,1.6089999999999947
1084,Ferrari,6,832,False,70.441,0.6455077071577132,51,70.122,0.3190000000000026
1084,Ferrari,6,844,False,70.122,1.0299839435828475,65,70.122,0.0
1084,McLaren,1,817,False,71.542,0.7845187517115161,63,70.122,1.4200000000000017
1084,McLaren,1,846,False,71.332,0.9006548090125458,63,70.122,1.2099999999999937
1084,Mercedes,131,1,False,70.50800000000001,0.9355005703965745,64,70.122,0.3860000000000099
1084,Mercedes,131,847,False,70.761,0.7778315937420311,63,70.122,0.6389999999999958
1084,RB F1 Team,215,842,True,71.421,0.6993573079172183,63,70.122,1.2990000000000066
1084,RB F1 Team,215,852,True,71.774,0.9019552028321736,63,70.122,1.652000000000001
1084,Red Bull,9,815,False,72.804,0.48803621758348886,18,70.122,2.682000000000002
1084,Red Bull,9,830,False,70.165,0.9775692462685295,65,70.122,0.043000000000006366
1084,Williams,3,848,True,71.563,0.774055448715149,63,70.122,1.4410000000000025
1084,Williams,3,849,True,72.2515,0.7394106440027651,42,70.122,2.129499999999993
1085,Alfa Romeo,51,822,True,99.9645,1.2211235050941582,44,98.095,1.8695000000000022
1085,Alfa Romeo,51,855,True,100.338,0.8745975380053727,38,98.095,2.242999999999995
1085,Alpine F1 Team,214,4,True,99.551,0.6178690027286016,47,98.095,1.456000000000003
1085,Alpine F1 Team,214,825,True,100.156,0.4619828954614274,31,98.095,2.061000000000007
1085,Alpine F1 Team,214,839,True,99.801,0.5564464886465841,47,98.095,1.706000000000003
1085,Alpine F1 Team,214,854,True,100.0385,0.6396972109288819,44,98.095,1.9435000000000002
1085,Aston Martin,117,20,True,99.917,0.7363678286654222,47,98.095,1.8220000000000027
1085,Aston Martin,117,840,True,99.947,0.5972548409606061,47,98.095,1.8520000000000039
1085,Ferrari,6,832,False,98.416,1.4974304833698562,45,98.095,0.32099999999999795
1085,Ferrari,6,844,False,98.90899999999999,0.3552195506537698,16,98.095,0.813999999999993
1085,McLaren,1,817,False,99.815,0.6386140658248726,47,98.095,1.7199999999999989
1085,McLaren,1,846,False,99.695,0.5159632029776862,47,98.095,1.5999999999999943
1085,Mercedes,131,1,False,98.6005,0.5917459257920521,48,98.095,0.5054999999999978
1085,Mercedes,131,847,False,98.5975,0.7919037656336942,48,98.095,0.5024999999999977
1085,RB F1 Team,215,842,True,100.157,0.8366430493611805,47,98.095,2.0619999999999976
1085,RB F1 Team,215,852,True,101.1275,0.717626617077747,14,98.095,3.032499999999999
1085,Red Bull,9,815,False,98.59,0.681217289864721,48,98.095,0.49500000000000455
1085,Red Bull,9,830,False,98.095,0.5382531258954592,46,98.095,0.0
1085,Williams,3,848,True,100.095,0.6908089661781107,47,98.095,2.0
1085,Williams,3,849,True,100.73,0.6777865990094407,34,98.095,2.635000000000005
1086,Alfa Romeo,51,822,True,85.131,0.7496103490639145,60,83.48,1.6509999999999962
1086,Alfa Romeo,51,855,True,85.4025,1.5868971268620256,60,83.48,1.9224999999999994
1086,Alpine F1 Team,214,4,True,85.06,0.8101725296928116,61,83.48,1.5799999999999983
1086,Alpine F1 Team,214,825,True,85.685,1.1533540771690165,61,83.48,2.2049999999999983
1086,Alpine F1 Team,214,839,True,85.205,0.6016341357779886,61,83.48,1.7249999999999943
1086,Alpine F1 Team,214,854,True,85.547,1.2698895171598066,61,83.48,2.066999999999993
1086,Aston Martin,117,20,True,85.01750000000001,1.0266792065783419,60,83.48,1.5375000000000085
1086,Aston Martin,117,840,True,85.03,1.1469725510091024,60,83.48,1.5499999999999972
1086,Ferrari,6,832,False,83.901,0.7428981245751434,61,83.48,0.42099999999999227
1086,Ferrari,6,844,False,83.58449999999999,1.1167624949184454,60,83.48,0.10449999999998738
1086,McLaren,1,817,False,85.066,0.8869344161067253,60,83.48,1.5859999999999985
1086,McLaren,1,846,False,84.271,0.8813358458462769,59,83.48,0.7909999999999968
1086,Mercedes,131,1,False,83.697,1.0894586159906587,61,83.48,0.21699999999999875
1086,Mercedes,131,847,False,83.858,0.9318154892619886,62,83.48,0.3780000000000001
1086,RB F1 Team,215,842,True,85.03999999999999,1.014136995141806,60,83.48,1.559999999999988
1086,RB F1 Team,215,852,True,85.48349999999999,0.9679058261679323,54,83.48,2.0034999999999883
1086,Red Bull,9,815,False,83.80250000000001,1.152205689802352,62,83.48,0.3225000000000051
1086,Red Bull,9,830,False,83.48,1.1776706675536628,62,83.48,0.0
1086,Williams,3,848,True,85.202,1.1378716533396824,59,83.48,1.7219999999999942
1086,Williams,3,849,True,85.494,1.2086979520681422,59,83.48,2.013999999999996
1087,Alfa Romeo,51,855,True,114.92,1.3177739993990103,36,112.3275,2.592500000000001
1087,Alpine F1 Team,214,4,True,114.155,1.2711084803307546,37,112.3275,1.8275000000000006
1087,Alpine F1 Team,214,825,True,114.773,1.0751600013818525,35,112.3275,2.4454999999999956
1087,Alpine F1 Team,214,839,True,114.541,1.2565171399610406,36,112.3275,2.2134999999999962
1087,Alpine F1 Team,214,854,True,115.36,1.6093152816121081,35,112.3275,3.032499999999999
1087,Aston Martin,117,20,True,114.494,1.0057872538464578,36,112.3275,2.166499999999999
1087,Aston Martin,117,840,True,114.639,1.0476669711982345,36,112.3275,2.3114999999999952
1087,Ferrari,6,832,False,112.71,0.857352303007038,37,112.3275,0.3824999999999932
1087,Ferrari,6,844,False,114.423,1.477125576331943,36,112.3275,2.0955000000000013
1087,McLaren,1,817,False,115.0865,0.9163600231696555,36,112.3275,2.7590000000000003
1087,McLaren,1,846,False,114.86850000000001,1.0927917662777489,36,112.3275,2.541000000000011
1087,Mercedes,131,847,False,113.302,1.2586386277225083,37,112.3275,0.9745000000000061
1087,RB F1 Team,215,842,True,114.2575,1.0183133623635927,36,112.3275,1.9299999999999926
1087,RB F1 Team,215,852,True,114.3475,1.2378267447425786,36,112.3275,2.019999999999996
1087,Red Bull,9,815,False,112.708,1.2129223068781096,37,112.3275,0.38049999999999784
1087,Red Bull,9,830,False,112.3275,1.0690824737663087,36,112.3275,0.0
1087,Williams,3,848,True,114.62,0.8041260794100036,36,112.3275,2.292500000000004
1087,Williams,3,849,True,115.469,1.632375774418249,35,112.3275,3.1414999999999935
1088,Alfa Romeo,51,822,True,77.8435,0.7191459474704833,44,76.0235,1.8200000000000074
1088,Alfa Romeo,51,855,True,77.517,0.8043211268894607,59,76.0235,1.4934999999999974
1088,Alpine F1 Team,214,4,True,76.845,1.0506444751269326,61,76.0235,0.8215000000000003
1088,Alpine F1 Team,214,825,True,77.5,1.0702439119079608,59,76.0235,1.4765000000000015
1088,Alpine F1 Team,214,839,True,76.939,0.911761656073748,61,76.0235,0.9154999999999944
1088,Alpine F1 Team,214,854,True,77.323,0.962800321048754,59,76.0235,1.2994999999999948
1088,Aston Martin,117,20,True,77.5545,1.1123926705161462,58,76.0235,1.531000000000006
1088,Aston Martin,117,840,True,77.004,0.9011494598116251,59,76.0235,0.9805000000000064
1088,Ferrari,6,832,False,76.816,0.8061552952275175,59,76.0235,0.792500000000004
1088,Ferrari,6,844,False,76.3715,0.9881954670374933,60,76.0235,0.347999999999999
1088,McLaren,1,817,False,77.488,1.0683435043872689,59,76.0235,1.464500000000001
1088,McLaren,1,846,False,76.889,0.9492662665494616,61,76.0235,0.8654999999999973
1088,Mercedes,131,1,False,76.0515,1.1628830649464725,62,76.0235,0.028000000000005798
1088,Mercedes,131,847,False,76.0235,1.2392546739924655,62,76.0235,0.0
1088,RB F1 Team,215,842,True,77.08850000000001,0.9734139602717864,58,76.0235,1.065000000000012
1088,RB F1 Team,215,852,True,77.6015,0.506353893331148,38,76.0235,1.578000000000003
1088,Red Bull,9,815,False,76.405,0.9660026987074125,59,76.0235,0.3815000000000026
1088,Red Bull,9,830,False,76.102,1.109357024079561,62,76.0235,0.07850000000000534
1088,Williams,3,848,True,77.4445,1.0796684519340567,60,76.0235,1.4210000000000065
1088,Williams,3,849,True,78.239,1.1553443676105475,57,76.0235,2.215500000000006
1089,Alfa Romeo,51,822,True,87.6195,0.9395744078806422,42,85.297,2.322500000000005
1089,Alfa Romeo,51,855,True,87.281,0.6052092835168084,43,85.297,1.9840000000000089
1089,Alpine F1 Team,214,4,True,87.64150000000001,0.31665933784334904,28,85.297,2.3445000000000107
1089,Alpine F1 Team,214,825,True,87.899,0.7512334916663114,42,85.297,2.602000000000004
1089,Alpine F1 Team,214,839,True,87.15899999999999,0.5865873393931762,42,85.297,1.8619999999999948
1089,Alpine F1 Team,214,854,True,87.525,0.8805207958652805,41,85.297,2.2280000000000086
1089,Aston Martin,117,20,True,87.956,0.6533937259502193,9,85.297,2.659000000000006
1089,Aston Martin,117,840,True,87.799,0.41354146871361186,34,85.297,2.5020000000000095
1089,Ferrari,6,832,False,86.592,1.2170521727274664,43,85.297,1.2950000000000017
1089,Ferrari,6,844,False,85.473,0.6842157428211153,43,85.297,0.17600000000000193
1089,McLaren,1,817,False,87.263,0.75247755550894,42,85.297,1.9660000000000082
1089,McLaren,1,846,False,87.082,1.1017996563963046,43,85.297,1.7849999999999966
1089,Mercedes,131,1,False,87.01,1.348264814891417,43,85.297,1.713000000000008
1089,Mercedes,131,847,False,86.14150000000001,0.7975404484496834,44,85.297,0.8445000000000107
1089,RB F1 Team,215,842,True,87.33,0.5780736607505981,43,85.297,2.0330000000000013
1089,RB F1 Team,215,852,True,87.33,0.5651741491039153,42,85.297,2.0330000000000013
1089,Red Bull,9,815,False,86.181,1.0438310401519184,40,85.297,0.8840000000000003
1089,Red Bull,9,830,False,85.297,0.6958759316806133,43,85.297,0.0
1089,Williams,3,849,True,87.37,0.7563315276986287,42,85.297,2.0730000000000075
1089,Williams,3,856,True,87.328,0.5533177301700036,43,85.297,2.031000000000006
1091,Alfa Romeo,51,822,True,121.771,9.889297412066167,52,118.2465,3.5245000000000033
1091,Alfa Romeo,51,855,True,126.91499999999999,7.1409279695755865,6,118.2465,8.668499999999995
1091,Alpine F1 Team,214,4,True,122.1965,4.522636272095428,18,118.2465,3.950000000000003
1091,Alpine F1 Team,214,825,True,121.3775,9.82901756175362,52,118.2465,3.1310000000000002
1091,Alpine F1 Team,214,839,True,123.222,7.843348831543876,23,118.2465,4.975499999999997
1091,Alpine F1 Team,214,854,True,121.7625,9.514362391847627,48,118.2465,3.5160000000000053
1091,Aston Martin,117,20,True,119.80350000000001,8.443106102589955,50,118.2465,1.5570000000000164
1091,Aston Martin,117,840,True,119.592,8.83890719707088,51,118.2465,1.3455000000000013
1091,Ferrari,6,832,False,119.066,7.134586103979829,50,118.2465,0.819500000000005
1091,Ferrari,6,844,False,118.983,8.547657988744577,51,118.2465,0.7365000000000066
1091,McLaren,1,817,False,120.6285,8.895315461324891,52,118.2465,2.382000000000005
1091,McLaren,1,846,False,119.591,7.64324480576046,51,118.2465,1.3444999999999965
1091,Mercedes,131,1,False,119.94800000000001,7.611275306800987,50,118.2465,1.70150000000001
1091,Mercedes,131,847,False,122.566,9.441802889631859,47,118.2465,4.319500000000005
1091,RB F1 Team,215,842,True,120.411,8.177538467519131,50,118.2465,2.164500000000004
1091,RB F1 Team,215,852,True,123.129,7.377053551558648,27,118.2465,4.882500000000007
1091,Red Bull,9,815,False,118.2465,7.100152583844767,50,118.2465,0.0
1091,Red Bull,9,830,False,119.987,8.833748616810412,49,118.2465,1.7404999999999973
1091,Williams,3,848,True,123.5275,8.6249893452472,22,118.2465,5.281000000000006
1091,Williams,3,849,True,127.27199999999999,6.93363017233157,6,118.2465,9.025499999999994
1092,Alfa Romeo,51,822,True,110.336,1.0584230520651259,21,107.582,2.754000000000005
1092,Alfa Romeo,51,855,True,109.907,6.612639822988349,21,107.582,2.325000000000003
1092,Alpine F1 Team,214,4,True,108.4365,4.698541777145217,20,107.582,0.8545000000000016
1092,Alpine F1 Team,214,825,True,110.317,2.0625338623482827,21,107.582,2.7349999999999994
1092,Alpine F1 Team,214,839,True,109.038,5.106453243635667,22,107.582,1.456000000000003
1092,Alpine F1 Team,214,854,True,110.3745,4.981383576644377,22,107.582,2.792500000000004
1092,Aston Martin,117,20,True,108.8905,0.9945241950092955,22,107.582,1.3085000000000093
1092,Aston Martin,117,840,True,109.281,6.457210127704798,21,107.582,1.6990000000000123
1092,Ferrari,6,844,False,108.661,3.7856406332784687,22,107.582,1.0790000000000077
1092,McLaren,1,817,False,109.565,2.42013753544632,21,107.582,1.983000000000004
1092,McLaren,1,846,False,109.818,4.725439149980998,22,107.582,2.236000000000004
1092,Mercedes,131,1,False,108.915,1.8188930673561288,21,107.582,1.3330000000000126
1092,Mercedes,131,847,False,108.439,2.056513780301856,21,107.582,0.8569999999999993
1092,RB F1 Team,215,842,True,109.689,6.581251541129473,21,107.582,2.1069999999999993
1092,RB F1 Team,215,852,True,108.8715,4.958454915065463,20,107.582,1.2895000000000039
1092,Red Bull,9,815,False,108.133,6.340498384732739,23,107.582,0.5510000000000019
1092,Red Bull,9,830,False,107.582,5.802146435662374,23,107.582,0.0
1092,Williams,3,849,True,109.9115,0.9122994970372168,22,107.582,2.32950000000001
1093,Alfa Romeo,51,822,True,104.13,0.5080879945997616,13,101.213,2.9170000000000016
1093,Alfa Romeo,51,855,True,103.881,0.8839515772422659,45,101.213,2.6680000000000064
1093,Alpine F1 Team,214,4,True,103.454,1.0404175876573538,47,101.213,2.2409999999999997
1093,Alpine F1 Team,214,825,True,103.808,1.0186149762963645,47,101.213,2.595000000000013
1093,Alpine F1 Team,214,839,True,103.749,1.2875528695627245,45,101.213,2.5360000000000014
1093,Alpine F1 Team,214,854,True,103.488,1.0303859520106995,45,101.213,2.2750000000000057
1093,Aston Martin,117,20,True,102.5065,1.012709809358542,46,101.213,1.2935000000000088
1093,Aston Martin,117,840,True,103.871,0.7291838751710857,15,101.213,2.6580000000000013
1093,Ferrari,6,844,False,101.596,1.3404828871369807,45,101.213,0.3830000000000098
1093,McLaren,1,817,False,104.146,1.004571275419295,43,101.213,2.933000000000007
1093,McLaren,1,846,False,103.1125,1.3241839962082276,44,101.213,1.8995000000000033
1093,Mercedes,131,1,False,101.4405,1.0045412579911008,44,101.213,0.22750000000000625
1093,Mercedes,131,847,False,102.06299999999999,1.1823870040277986,42,101.213,0.8499999999999943
1093,RB F1 Team,215,842,True,103.207,1.2153733961511033,44,101.213,1.9939999999999998
1093,RB F1 Team,215,852,True,103.233,0.9393685857946561,43,101.213,2.0200000000000102
1093,Red Bull,9,815,False,101.87549999999999,1.542606147642418,44,101.213,0.6624999999999943
1093,Red Bull,9,830,False,101.213,1.034109951942307,44,101.213,0.0
1093,Williams,3,848,True,103.838,0.8577282050494487,45,101.213,2.625
1093,Williams,3,849,True,104.512,0.6783043028558243,45,101.213,3.2990000000000066
1094,Alfa Romeo,51,822,True,84.36500000000001,0.7091853726451894,66,82.568,1.7970000000000113
1094,Alfa Romeo,51,855,True,84.762,0.762445943821216,66,82.568,2.1940000000000026
1094,Alpine F1 Team,214,4,True,84.387,0.6912750304605005,59,82.568,1.8190000000000026
1094,Alpine F1 Team,214,825,True,85.0325,1.0380544088394243,66,82.568,2.464500000000001
1094,Alpine F1 Team,214,839,True,84.443,0.754237100627318,66,82.568,1.875
1094,Alpine F1 Team,214,854,True,84.424,0.9300300897220779,65,82.568,1.8560000000000088
1094,Aston Martin,117,20,True,84.87,0.9317530811302972,66,82.568,2.3020000000000067
1094,Aston Martin,117,840,True,84.3335,0.8859746019162291,62,82.568,1.765500000000003
1094,Ferrari,6,832,False,83.412,0.6191921726172561,67,82.568,0.8440000000000083
1094,Ferrari,6,844,False,83.511,0.7052308137613036,67,82.568,0.9429999999999978
1094,McLaren,1,817,False,84.5335,1.0698838143573146,66,82.568,1.9655000000000058
1094,McLaren,1,846,False,84.43950000000001,0.7032009267319275,66,82.568,1.8715000000000117
1094,Mercedes,131,1,False,83.04,0.6169969432267511,67,82.568,0.4720000000000084
1094,Mercedes,131,847,False,83.079,0.758300894206149,65,82.568,0.5109999999999957
1094,RB F1 Team,215,842,True,84.719,1.0691857826225595,66,82.568,2.1509999999999962
1094,RB F1 Team,215,852,True,84.6885,0.5264819268727711,46,82.568,2.120500000000007
1094,Red Bull,9,815,False,82.954,0.6987999414774989,67,82.568,0.3859999999999957
1094,Red Bull,9,830,False,82.568,0.542999380712026,67,82.568,0.0
1094,Williams,3,848,True,84.7775,0.9866779363685574,66,82.568,2.2095000000000056
1094,Williams,3,849,True,85.331,0.7562613716798438,61,82.568,2.7630000000000052
1095,Alfa Romeo,51,822,True,76.908,1.2854948237930044,54,75.82050000000001,1.0874999999999915
1095,Alfa Romeo,51,855,True,77.12950000000001,1.058468494150728,54,75.82050000000001,1.3089999999999975
1095,Alpine F1 Team,214,4,True,76.157,1.190609084163118,53,75.82050000000001,0.3364999999999867
1095,Alpine F1 Team,214,839,True,76.964,1.3883591591468212,54,75.82050000000001,1.1434999999999889
1095,Alpine F1 Team,214,854,True,77.247,1.1329610846613718,54,75.82050000000001,1.42649999999999
1095,Aston Martin,117,20,True,76.9405,1.1376916723654444,54,75.82050000000001,1.1199999999999903
1095,Aston Martin,117,840,True,77.129,1.2772176422444115,54,75.82050000000001,1.3084999999999951
1095,Ferrari,6,832,False,75.975,0.9324763331098245,54,75.82050000000001,0.15449999999998454
1095,Ferrari,6,844,False,76.11500000000001,1.3565246252182577,52,75.82050000000001,0.2944999999999993
1095,McLaren,1,846,False,77.1975,0.6660883825239241,40,75.82050000000001,1.3769999999999953
1095,Mercedes,131,1,False,75.82050000000001,1.3265877140102558,54,75.82050000000001,0.0
1095,Mercedes,131,847,False,76.0395,0.8960919890837487,54,75.82050000000001,0.2189999999999941
1095,RB F1 Team,215,842,True,77.247,0.9909831723085606,54,75.82050000000001,1.42649999999999
1095,RB F1 Team,215,852,True,77.289,1.3360175473370288,53,75.82050000000001,1.4684999999999917
1095,Red Bull,9,815,False,76.228,0.6529946061227709,54,75.82050000000001,0.40749999999998465
1095,Red Bull,9,830,False,76.22,2.1068864372247043,53,75.82050000000001,0.3994999999999891
1095,Williams,3,848,True,77.685,1.490808628742288,56,75.82050000000001,1.8644999999999925
1095,Williams,3,849,True,77.762,1.1759954877487335,55,75.82050000000001,1.9414999999999907
1096,Alfa Romeo,51,822,True,92.5605,1.0604539600226686,54,90.138,2.4224999999999994
1096,Alfa Romeo,51,855,True,91.6785,0.8499340625210283,52,90.138,1.5404999999999944
1096,Alpine F1 Team,214,4,True,92.27799999999999,0.7810772649620413,24,90.138,2.1399999999999864
1096,Alpine F1 Team,214,825,True,92.64500000000001,0.9774267577350992,54,90.138,2.507000000000005
1096,Alpine F1 Team,214,839,True,91.079,1.0151034212004915,53,90.138,0.9409999999999883
1096,Alpine F1 Team,214,854,True,91.948,1.1019849235650678,51,90.138,1.809999999999988
1096,Aston Martin,117,20,True,91.439,0.8927277402331737,55,90.138,1.3009999999999877
1096,Aston Martin,117,840,True,91.155,0.8522136031530723,53,90.138,1.016999999999996
1096,Ferrari,6,832,False,90.469,0.8042174982367845,53,90.138,0.33099999999998886
1096,Ferrari,6,844,False,90.25,0.7900991940026475,56,90.138,0.11199999999999477
1096,McLaren,1,817,False,91.321,0.7235955150222069,55,90.138,1.1829999999999927
1096,McLaren,1,846,False,91.046,1.012949661121023,53,90.138,0.9080000000000013
1096,Mercedes,131,1,False,90.364,1.0031449377902344,52,90.138,0.2259999999999991
1096,Mercedes,131,847,False,90.502,0.9476149412726,53,90.138,0.3639999999999901
1096,RB F1 Team,215,842,True,91.9525,0.8375681930370893,54,90.138,1.8144999999999953
1096,RB F1 Team,215,852,True,91.364,0.8434941142383355,53,90.138,1.225999999999999
1096,Red Bull,9,815,False,90.2055,0.9151864572710394,54,90.138,0.06749999999999545
1096,Red Bull,9,830,False,90.138,0.5890606213153324,56,90.138,0.0
1096,Williams,3,848,True,91.661,1.066858362770886,52,90.138,1.5229999999999961
1096,Williams,3,849,True,92.1985,1.010390544664891,48,90.138,2.0604999999999905
1098,Alfa Romeo,51,822,True,98.12899999999999,1.0788169523763937,50,97.424,0.7049999999999841
1098,Alfa Romeo,51,855,True,99.143,1.397759755778916,47,97.424,1.718999999999994
1098,Alpine F1 Team,214,807,True,98.564,1.4934187318041223,49,97.424,1.1399999999999864
1098,Alpine F1 Team,214,825,True,98.779,1.6337437995968285,49,97.424,1.3549999999999898
1098,Alpine F1 Team,214,839,True,99.543,1.3595141581506742,33,97.424,2.1189999999999998
1098,Alpine F1 Team,214,842,True,98.14,1.521109603586283,50,97.424,0.715999999999994
1098,Aston Martin,117,4,True,97.97,1.435077303586811,52,97.424,0.5459999999999923
1098,Aston Martin,117,840,True,98.11,1.1481727051207462,51,97.424,0.6859999999999928
1098,Ferrari,6,832,False,98.216,0.9603635348946546,52,97.424,0.7919999999999874
1098,Ferrari,6,844,False,98.541,0.6990065038588538,35,97.424,1.1169999999999902
1098,McLaren,1,846,False,98.345,1.5481656206699659,41,97.424,0.9209999999999923
1098,McLaren,1,857,False,101.156,0.31160867066941994,11,97.424,3.7319999999999993
1098,Mercedes,131,1,False,98.30600000000001,1.0529469202279387,52,97.424,0.882000000000005
1098,Mercedes,131,847,False,98.256,1.182044212364713,52,97.424,0.8319999999999936
1098,RB F1 Team,215,852,True,98.155,1.2210242445235333,50,97.424,0.7309999999999945
1098,RB F1 Team,215,856,True,99.15,1.075512695728635,49,97.424,1.725999999999999
1098,Red Bull,9,815,False,97.424,1.0296356197348984,52,97.424,0.0
1098,Red Bull,9,830,False,97.582,0.6356557447882878,51,97.424,0.15799999999998704
1098,Williams,3,848,True,98.1675,1.1517079058546775,50,97.424,0.7434999999999974
1098,Williams,3,858,True,99.033,1.3749473082049792,49,97.424,1.6089999999999947
1099,Alfa Romeo,51,822,True,96.24350000000001,1.0867477353942863,40,93.193,3.0505000000000138
1099,Alfa Romeo,51,855,True,95.397,0.9846272670041248,43,93.193,2.2040000000000077
1099,Alpine F1 Team,214,807,True,95.533,1.1182344715368682,43,93.193,2.3400000000000034
1099,Alpine F1 Team,214,825,True,95.279,1.1635617160725262,43,93.193,2.0859999999999985
1099,Alpine F1 Team,214,839,True,94.83600000000001,1.1035437267598687,44,93.193,1.643000000000015
1099,Alpine F1 Team,214,842,True,94.735,1.1656726450393842,43,93.193,1.5420000000000016
1099,Aston Martin,117,4,True,94.119,1.039350961817833,47,93.193,0.9260000000000019
1099,Aston Martin,117,840,True,95.588,0.9978226295289159,14,93.193,2.394999999999996
1099,Ferrari,6,832,False,94.4565,1.338154698589562,44,93.193,1.2635000000000076
1099,Ferrari,6,844,False,94.645,1.123844542406475,44,93.193,1.4519999999999982
1099,McLaren,1,846,False,95.549,0.8490118384820111,43,93.193,2.3560000000000088
1099,McLaren,1,857,False,95.63,0.9416561955363374,44,93.193,2.4369999999999976
1099,Mercedes,131,1,False,94.21000000000001,1.3023858574704852,46,93.193,1.0170000000000101
1099,Mercedes,131,847,False,94.118,1.2301775910993238,47,93.193,0.9249999999999972
1099,RB F1 Team,215,852,True,95.392,1.126898155347334,45,93.193,2.198999999999998
1099,RB F1 Team,215,856,True,95.7225,1.176448031996017,44,93.193,2.5294999999999987
1099,Red Bull,9,815,False,93.306,1.0991241942790524,47,93.193,0.11299999999999955
1099,Red Bull,9,830,False,93.193,1.4936140505110471,46,93.193,0.0
1099,Williams,3,848,True,96.878,0.9588720779670036,21,93.193,3.6850000000000023
1099,Williams,3,858,True,95.92,1.0834607952988002,45,93.193,2.727000000000004
1100,Alfa Romeo,51,822,True,83.394,1.0011151733215833,43,81.91300000000001,1.4809999999999945
1100,Alfa Romeo,51,855,True,83.25,1.6736995805276937,45,81.91300000000001,1.336999999999989
1100,Alpine F1 Team,214,807,True,82.397,1.46773674875175,45,81.91300000000001,0.48399999999999466
1100,Alpine F1 Team,214,825,True,83.216,0.9892233197318222,43,81.91300000000001,1.302999999999983
1100,Alpine F1 Team,214,839,True,82.059,1.2058469245708008,44,81.91300000000001,0.14599999999998658
1100,Alpine F1 Team,214,842,True,81.964,1.430284982551788,45,81.91300000000001,0.05099999999998772
1100,Aston Martin,117,4,True,82.021,1.4025207656144816,45,81.91300000000001,0.10799999999998988
1100,Aston Martin,117,840,True,82.155,1.5483230462521624,45,81.91300000000001,0.24199999999999022
1100,Ferrari,6,832,False,81.942,1.5695848749901833,45,81.91300000000001,0.02899999999998215
1100,McLaren,1,846,False,82.294,1.618565815776417,45,81.91300000000001,0.380999999999986
1100,McLaren,1,857,False,82.64850000000001,1.0878774422154216,44,81.91300000000001,0.7355000000000018
1100,Mercedes,131,1,False,82.1,0.9928940196995907,44,81.91300000000001,0.1869999999999834
1100,Mercedes,131,847,False,83.1465,1.9418336008353916,10,81.91300000000001,1.2334999999999923
1100,RB F1 Team,215,852,True,83.431,1.7898927469137715,45,81.91300000000001,1.5179999999999865
1100,RB F1 Team,215,856,True,84.158,1.3539730455699883,42,81.91300000000001,2.2449999999999903
1100,Red Bull,9,815,False,81.91300000000001,1.2791117912950467,44,81.91300000000001,0.0
1100,Red Bull,9,830,False,81.92500000000001,1.8298602523130487,46,81.91300000000001,0.012000000000000455
1100,Williams,3,848,True,83.639,0.5023159696180665,3,81.91300000000001,1.7259999999999849
1100,Williams,3,858,True,84.02250000000001,1.487402840598564,42,81.91300000000001,2.109499999999997
1101,Alfa Romeo,51,822,True,108.08099999999999,1.0326941612932836,40,105.497,2.583999999999989
1101,Alfa Romeo,51,855,True,108.3725,0.711330920290212,30,105.497,2.8755000000000024
1101,Alpine F1 Team,214,807,True,107.67750000000001,0.9327462483865671,42,105.497,2.180500000000009
1101,Alpine F1 Team,214,825,True,107.589,0.8991705931332283,45,105.497,2.0919999999999987
1101,Alpine F1 Team,214,839,True,107.553,0.9530130797804163,43,105.497,2.0559999999999974
1101,Alpine F1 Team,214,842,True,106.903,1.1055102221234934,41,105.497,1.406000000000006
1101,Aston Martin,117,4,True,106.162,1.2195530349252321,47,105.497,0.6650000000000063
1101,Aston Martin,117,840,True,106.763,0.8636395503307432,47,105.497,1.2660000000000053
1101,Ferrari,6,832,False,106.743,0.8530524329043306,47,105.497,1.2459999999999951
1101,Ferrari,6,844,False,106.36,1.164165459926166,48,105.497,0.8629999999999995
1101,McLaren,1,846,False,107.4165,0.750151593911371,44,105.497,1.9194999999999993
1101,McLaren,1,857,False,107.545,0.7887252285538292,43,105.497,2.048000000000002
1101,Mercedes,131,1,False,106.678,0.9288089527492074,45,105.497,1.1809999999999974
1101,Mercedes,131,847,False,106.891,1.1488861522836409,45,105.497,1.3940000000000055
1101,RB F1 Team,215,852,True,107.556,0.7581195407686283,43,105.497,2.0589999999999975
1101,RB F1 Team,215,856,True,109.295,0.4945181637571194,8,105.497,3.798000000000002
1101,Red Bull,9,815,False,105.518,0.8345408598795527,47,105.497,0.021000000000000796
1101,Red Bull,9,830,False,105.497,1.1067937960334064,47,105.497,0.0
1101,Williams,3,848,True,107.727,0.8007129111691359,43,105.497,2.230000000000004
1101,Williams,3,858,True,107.892,0.9079724482479495,43,105.497,2.394999999999996
1102,Alfa Romeo,51,822,True,92.844,0.6411303849740914,53,91.6185,1.2254999999999967
1102,Alfa Romeo,51,855,True,93.167,0.9076576138482897,53,91.6185,1.5485000000000042
1102,Alpine F1 Team,214,807,True,93.037,0.8742089168262666,54,91.6185,1.4185000000000088
1102,Alpine F1 Team,214,825,True,92.705,0.6891704715481899,54,91.6185,1.086500000000001
1102,Alpine F1 Team,214,839,True,92.961,0.8820153580827246,54,91.6185,1.3425000000000011
1102,Alpine F1 Team,214,842,True,92.519,0.7093016407777807,54,91.6185,0.9005000000000081
1102,Aston Martin,117,4,True,92.3285,0.77128679653015,54,91.6185,0.710000000000008
1102,Aston Martin,117,840,True,92.706,1.0106576955149862,53,91.6185,1.0875000000000057
1102,Ferrari,6,832,False,92.4605,0.7267283322074198,54,91.6185,0.8419999999999987
1102,Ferrari,6,844,False,92.566,0.8539360769694448,54,91.6185,0.9475000000000051
1102,McLaren,1,846,False,93.097,0.34469854943919903,53,91.6185,1.4784999999999968
1102,McLaren,1,857,False,93.426,0.74221577917554,50,91.6185,1.8075000000000045
1102,Mercedes,131,1,False,92.7935,1.057353706800982,54,91.6185,1.1749999999999972
1102,Mercedes,131,847,False,92.206,0.8043295813730306,54,91.6185,0.5875000000000057
1102,RB F1 Team,215,852,True,92.9255,0.9357827353306014,54,91.6185,1.3070000000000022
1102,RB F1 Team,215,856,True,92.906,0.7899228554496168,53,91.6185,1.2875000000000085
1102,Red Bull,9,815,False,91.6185,0.8353280639924314,54,91.6185,0.0
1102,Red Bull,9,830,False,91.798,0.9227937611657379,54,91.6185,0.17950000000000443
1102,Williams,3,848,True,92.6335,0.8223780443316554,54,91.6185,1.0150000000000006
1102,Williams,3,858,True,93.394,0.5017878717294838,53,91.6185,1.775500000000008
1104,Alfa Romeo,51,822,True,80.106,8.330006659619086,76,77.846,2.259999999999991
1104,Alfa Romeo,51,855,True,80.561,9.095216834703294,75,77.846,2.7150000000000034
1104,Alpine F1 Team,214,807,True,79.836,8.965649223055038,73,77.846,1.9899999999999949
1104,Alpine F1 Team,214,825,True,79.8365,9.215869060388616,66,77.846,1.9904999999999973
1104,Alpine F1 Team,214,839,True,78.4875,8.982381661145967,76,77.846,0.6414999999999935
1104,Alpine F1 Team,214,842,True,78.573,9.049153408303857,76,77.846,0.7269999999999897
1104,Aston Martin,117,4,True,77.846,8.747307725387955,76,77.846,0.0
1104,Aston Martin,117,840,True,79.402,4.092857201748731,52,77.846,1.5559999999999974
1104,Ferrari,6,832,False,78.333,8.808649024680243,76,77.846,0.48699999999999477
1104,Ferrari,6,844,False,78.37950000000001,8.864637302561505,76,77.846,0.5335000000000036
1104,McLaren,1,846,False,79.065,8.101732786562685,75,77.846,1.218999999999994
1104,McLaren,1,857,False,79.37049999999999,8.563639729796819,76,77.846,1.524499999999989
1104,Mercedes,131,1,False,78.3635,8.950793259092586,76,77.846,0.5174999999999983
1104,Mercedes,131,847,False,78.4925,8.541314299323288,76,77.846,0.6465000000000032
1104,RB F1 Team,215,852,True,79.14150000000001,9.38807725215395,74,77.846,1.295500000000004
1104,RB F1 Team,215,856,True,79.991,9.181147717230882,76,77.846,2.144999999999996
1104,Red Bull,9,815,False,79.787,9.168988625738033,71,77.846,1.9410000000000025
1104,Red Bull,9,830,False,77.974,8.853915714018855,77,77.846,0.1280000000000001
1104,Williams,3,848,True,80.2675,8.599905267305404,74,77.846,2.4214999999999947
1104,Williams,3,858,True,80.471,8.82854267080026,71,77.846,2.625
1105,Alfa Romeo,51,822,True,81.19749999999999,1.2477688250144563,60,79.17699999999999,2.0204999999999984
1105,Alfa Romeo,51,855,True,80.335,1.0031748451517986,61,79.17699999999999,1.1580000000000013
1105,Alpine F1 Team,214,807,True,79.9615,1.2131645155803423,58,79.17699999999999,0.7845000000000084
1105,Alpine F1 Team,214,825,True,80.3555,1.2732095689528493,58,79.17699999999999,1.1785000000000139
1105,Alpine F1 Team,214,839,True,80.313,0.9176871417667023,61,79.17699999999999,1.13600000000001
1105,Alpine F1 Team,214,842,True,79.996,1.1712936673572654,61,79.17699999999999,0.8190000000000026
1105,Aston Martin,117,4,True,80.32,1.0936486561323377,61,79.17699999999999,1.1430000000000007
1105,Aston Martin,117,840,True,80.121,0.8507489747468369,61,79.17699999999999,0.9440000000000026
1105,Ferrari,6,832,False,80.164,0.967819975751926,61,79.17699999999999,0.987000000000009
1105,Ferrari,6,844,False,80.316,1.1553049052279534,61,79.17699999999999,1.13900000000001
1105,McLaren,1,846,False,80.117,1.1580433426264833,59,79.17699999999999,0.9400000000000119
1105,McLaren,1,857,False,80.6125,1.0478960335716154,60,79.17699999999999,1.4355000000000047
1105,Mercedes,131,1,False,79.468,1.062399973562268,61,79.17699999999999,0.291000000000011
1105,Mercedes,131,847,False,79.489,1.1400520384057757,61,79.17699999999999,0.3120000000000118
1105,RB F1 Team,215,852,True,80.161,0.8653333335438321,61,79.17699999999999,0.9840000000000089
1105,RB F1 Team,215,856,True,80.53649999999999,1.145871902381177,60,79.17699999999999,1.359499999999997
1105,Red Bull,9,815,False,79.504,1.4117520335992455,61,79.17699999999999,0.3270000000000124
1105,Red Bull,9,830,False,79.17699999999999,1.1860683140015924,62,79.17699999999999,0.0
1105,Williams,3,848,True,80.75800000000001,1.1816529334304418,60,79.17699999999999,1.5810000000000173
1105,Williams,3,858,True,80.8595,1.114095597207661,60,79.17699999999999,1.6825000000000045
1106,Alfa Romeo,51,822,True,77.59700000000001,0.9038380863608377,62,76.64750000000001,0.9495000000000005
1106,Alfa Romeo,51,855,True,78.055,0.8075679925161261,59,76.64750000000001,1.4074999999999989
1106,Alpine F1 Team,214,807,True,78.14150000000001,0.7287495092109132,60,76.64750000000001,1.4939999999999998
1106,Alpine F1 Team,214,825,True,78.2255,1.0365569659298475,58,76.64750000000001,1.5779999999999887
1106,Alpine F1 Team,214,839,True,77.40950000000001,0.7713689733664734,62,76.64750000000001,0.7620000000000005
1106,Alpine F1 Team,214,842,True,77.26400000000001,0.99793458723279,60,76.64750000000001,0.616500000000002
1106,Aston Martin,117,4,True,76.81450000000001,0.7669533835876285,62,76.64750000000001,0.1670000000000016
1106,Aston Martin,117,840,True,77.324,0.9330831597773592,61,76.64750000000001,0.6764999999999901
1106,Ferrari,6,832,False,76.9985,1.0351960888443053,62,76.64750000000001,0.3509999999999991
1106,Ferrari,6,844,False,77.043,1.0768147906380434,62,76.64750000000001,0.3954999999999984
1106,McLaren,1,846,False,77.444,0.9072233107909683,62,76.64750000000001,0.7964999999999947
1106,McLaren,1,857,False,77.356,0.9751720678280482,62,76.64750000000001,0.7084999999999866
1106,Mercedes,131,1,False,76.9705,0.8716532526835576,62,76.64750000000001,0.3229999999999933
1106,Mercedes,131,847,False,77.9015,0.6051730510681547,46,76.64750000000001,1.2539999999999907
1106,RB F1 Team,215,852,True,77.432,0.9026500299134456,61,76.64750000000001,0.7844999999999942
1106,RB F1 Team,215,856,True,78.4005,0.9751780050640981,58,76.64750000000001,1.752999999999986
1106,Red Bull,9,815,False,77.406,1.143481909844696,61,76.64750000000001,0.758499999999998
1106,Red Bull,9,830,False,76.64750000000001,0.7207079294827012,62,76.64750000000001,0.0
1106,Williams,3,848,True,78.003,0.7244767124707671,63,76.64750000000001,1.3554999999999922
1106,Williams,3,858,True,79.166,0.8777714394989111,5,76.64750000000001,2.518499999999989
1107,Alfa Romeo,51,822,True,70.68950000000001,0.9468915512808344,60,69.481,1.208500000000015
1107,Alfa Romeo,51,855,True,70.959,0.7199003555061844,61,69.481,1.4780000000000086
1107,Alpine F1 Team,214,807,True,71.254,0.45910814163362995,7,69.481,1.7730000000000103
1107,Alpine F1 Team,214,825,True,71.789,0.8966676188055923,62,69.481,2.308000000000007
1107,Alpine F1 Team,214,839,True,70.973,0.6831526875231172,63,69.481,1.4920000000000044
1107,Alpine F1 Team,214,842,True,70.62049999999999,0.8738909609936177,64,69.481,1.1394999999999982
1107,Aston Martin,117,4,True,70.301,0.6740176276751262,63,69.481,0.8200000000000074
1107,Aston Martin,117,840,True,69.951,1.0133336880751527,61,69.481,0.46999999999999886
1107,Ferrari,6,832,False,70.023,0.541995026079514,63,69.481,0.5420000000000016
1107,Ferrari,6,844,False,69.905,0.6515151398628952,63,69.481,0.4240000000000066
1107,McLaren,1,846,False,70.211,0.658736662917312,64,69.481,0.730000000000004
1107,McLaren,1,857,False,70.774,0.8068777383838591,61,69.481,1.2930000000000064
1107,Mercedes,131,1,False,70.3915,0.7317838837592456,64,69.481,0.910499999999999
1107,Mercedes,131,847,False,70.60849999999999,0.774854268012216,64,69.481,1.1274999999999977
1107,RB F1 Team,215,852,True,71.069,0.9508026976956772,61,69.481,1.588000000000008
1107,RB F1 Team,215,856,True,71.185,0.7356087687458264,61,69.481,1.7040000000000077
1107,Red Bull,9,815,False,69.537,0.910517100423673,61,69.481,0.056000000000011596
1107,Red Bull,9,830,False,69.481,0.8877652631351199,60,69.481,0.0
1107,Williams,3,848,True,70.918,0.7665967022941442,64,69.481,1.4370000000000118
1107,Williams,3,858,True,71.162,0.7594452073991166,63,69.481,1.6810000000000116
1108,Alfa Romeo,51,822,True,93.544,1.0793538458865284,44,92.295,1.2489999999999952
1108,Alfa Romeo,51,855,True,93.601,0.9851137659293023,42,92.295,1.3059999999999974
1108,Alpine F1 Team,214,807,True,93.341,0.9518269675073965,42,92.295,1.0459999999999923
1108,Alpine F1 Team,214,825,True,94.2955,0.6042133900284339,30,92.295,2.0005000000000024
1108,Alpine F1 Team,214,839,True,94.07249999999999,0.44733813912329407,8,92.295,1.7774999999999892
1108,Alpine F1 Team,214,842,True,93.287,0.8647989783850714,36,92.295,0.9920000000000044
1108,Aston Martin,117,4,True,93.05199999999999,0.8635976203616426,44,92.295,0.7569999999999908
1108,Aston Martin,117,840,True,93.498,0.970549309591072,43,92.295,1.203000000000003
1108,Ferrari,6,832,False,92.991,0.856600182595295,42,92.295,0.695999999999998
1108,Ferrari,6,844,False,92.8315,0.7345329522600567,42,92.295,0.5365000000000038
1108,McLaren,1,846,False,92.726,1.083076721447305,46,92.295,0.4309999999999974
1108,McLaren,1,857,False,92.7405,0.8693529550159241,42,92.295,0.44549999999999557
1108,Mercedes,131,1,False,92.821,1.0707170952122744,45,92.295,0.5259999999999962
1108,Mercedes,131,847,False,92.851,0.8805495697094273,42,92.295,0.5559999999999974
1108,RB F1 Team,215,852,True,93.2115,0.8012152373502018,42,92.295,0.9164999999999992
1108,RB F1 Team,215,856,True,93.647,0.8951187672221178,42,92.295,1.3520000000000039
1108,Red Bull,9,815,False,93.04050000000001,1.0828931398179633,42,92.295,0.7455000000000069
1108,Red Bull,9,830,False,92.295,0.8487633559145985,45,92.295,0.0
1108,Williams,3,848,True,93.169,0.9256736427691744,44,92.295,0.8739999999999952
1108,Williams,3,858,True,93.496,1.046608238213964,42,92.295,1.2009999999999934
1109,Alfa Romeo,51,822,True,84.95750000000001,0.832079439835186,64,83.663,1.2945000000000135
1109,Alfa Romeo,51,855,True,85.29650000000001,0.8812131586355207,64,83.663,1.6335000000000122
1109,Alpine F1 Team,214,807,True,85.569,0.8130310956537844,64,83.663,1.906000000000006
1109,Alpine F1 Team,214,825,True,85.977,1.0163666755289107,61,83.663,2.314000000000007
1109,Aston Martin,117,4,True,84.654,1.1039732989123985,65,83.663,0.9909999999999997
1109,Aston Martin,117,840,True,84.654,0.9114487138267887,64,83.663,0.9909999999999997
1109,Ferrari,6,832,False,84.496,1.015209533838296,65,83.663,0.8329999999999984
1109,Ferrari,6,844,False,84.516,0.9562122033756979,65,83.663,0.8530000000000086
1109,McLaren,1,846,False,83.974,0.8558698237982628,65,83.663,0.31100000000000705
1109,McLaren,1,857,False,84.503,0.6460412406459778,65,83.663,0.8400000000000034
1109,Mercedes,131,1,False,84.202,1.163100786029114,65,83.663,0.5390000000000015
1109,Mercedes,131,847,False,83.9,1.371988887422763,65,83.663,0.23700000000000898
1109,RB F1 Team,215,817,True,84.4675,1.0347490233958452,64,83.663,0.8045000000000044
1109,RB F1 Team,215,852,True,85.4885,0.8257153127911444,64,83.663,1.8255000000000052
1109,Red Bull,9,815,False,83.671,1.17130764224795,65,83.663,0.008000000000009777
1109,Red Bull,9,830,False,83.663,1.1761600795104654,66,83.663,0.0
1109,Williams,3,848,True,84.825,0.8183943094766266,64,83.663,1.1620000000000061
1109,Williams,3,858,True,85.235,0.9597593522376494,61,83.663,1.5720000000000027
1110,Alfa Romeo,51,822,True,113.411,1.5807110555998434,39,111.5335,1.8774999999999977
1110,Alfa Romeo,51,855,True,113.303,1.7516883461615835,39,111.5335,1.7694999999999936
1110,Alpine F1 Team,214,807,True,113.91,1.6125609714487297,39,111.5335,2.376499999999993
1110,Alpine F1 Team,214,825,True,113.819,1.3160364526369983,39,111.5335,2.285499999999999
1110,Alpine F1 Team,214,839,True,112.727,1.736408770524272,39,111.5335,1.1935000000000002
1110,Alpine F1 Team,214,842,True,113.43,1.6391511995170047,41,111.5335,1.8965000000000032
1110,Aston Martin,117,4,True,112.57,1.6392430474428514,40,111.5335,1.0364999999999895
1110,Aston Martin,117,840,True,112.884,1.5432603818207642,41,111.5335,1.3504999999999967
1110,Ferrari,6,832,False,116.062,1.4071217003273584,19,111.5335,4.528499999999994
1110,Ferrari,6,844,False,112.2475,1.391924920610083,40,111.5335,0.7139999999999986
1110,McLaren,1,846,False,112.688,1.5277522451090972,40,111.5335,1.1544999999999987
1110,Mercedes,131,1,False,112.25550000000001,1.6745825424036003,38,111.5335,0.7220000000000084
1110,Mercedes,131,847,False,112.221,1.7515540037488853,41,111.5335,0.6875
1110,RB F1 Team,215,817,True,113.369,1.4461778453301926,39,111.5335,1.8354999999999961
1110,RB F1 Team,215,852,True,112.7585,1.7405423099403001,40,111.5335,1.2249999999999943
1110,Red Bull,9,815,False,112.1575,1.2669669047850105,40,111.5335,0.6239999999999952
1110,Red Bull,9,830,False,111.5335,1.6256586118973257,40,111.5335,0.0
1110,Williams,3,848,True,113.203,1.6683806461597595,37,111.5335,1.6694999999999993
1110,Williams,3,858,True,113.822,1.8349903187673617,37,111.5335,2.288499999999999
1111,Alfa Romeo,51,822,True,77.852,6.335318059856204,58,75.56800000000001,2.283999999999992
1111,Alfa Romeo,51,855,True,77.1585,6.747555137815339,52,75.56800000000001,1.5904999999999916
1111,Alpine F1 Team,214,807,True,77.381,5.9834868748145205,57,75.56800000000001,1.8129999999999882
1111,Alpine F1 Team,214,825,True,77.406,5.732713087206228,57,75.56800000000001,1.8379999999999939
1111,Alpine F1 Team,214,839,True,76.707,6.041576869196989,57,75.56800000000001,1.1389999999999816
1111,Alpine F1 Team,214,842,True,76.266,6.684689711880893,59,75.56800000000001,0.6979999999999933
1111,Aston Martin,117,4,True,76.054,7.119804728276621,59,75.56800000000001,0.48599999999999
1111,Aston Martin,117,840,True,77.567,7.572279782453286,58,75.56800000000001,1.998999999999981
1111,Ferrari,6,832,False,76.317,6.692892504089946,59,75.56800000000001,0.748999999999981
1111,Ferrari,6,844,False,78.1225,4.857622734325116,32,75.56800000000001,2.5544999999999902
1111,McLaren,1,846,False,76.654,6.287087644191016,57,75.56800000000001,1.0859999999999843
1111,McLaren,1,857,False,76.775,7.0205108195410615,57,75.56800000000001,1.2069999999999936
1111,Mercedes,131,1,False,76.6285,8.126340164050745,60,75.56800000000001,1.0604999999999905
1111,Mercedes,131,847,False,77.207,5.5860154681222465,55,75.56800000000001,1.6389999999999816
1111,RB F1 Team,215,852,True,77.214,6.239407647145593,59,75.56800000000001,1.6459999999999866
1111,RB F1 Team,215,859,True,77.743,6.332031976773908,57,75.56800000000001,2.174999999999983
1111,Red Bull,9,815,False,75.782,5.284740658152944,57,75.56800000000001,0.21399999999998442
1111,Red Bull,9,830,False,75.56800000000001,6.08288031732751,58,75.56800000000001,0.0
1111,Williams,3,848,True,76.3965,6.947080839653442,58,75.56800000000001,0.8284999999999911
1111,Williams,3,858,True,84.26,9.708193591919242,11,75.56800000000001,8.691999999999993
1112,Alfa Romeo,51,822,True,87.1765,0.6583785365798914,48,86.05,1.1265000000000072
1112,Alfa Romeo,51,855,True,87.1585,0.5933629340442301,46,86.05,1.1085000000000065
1112,Alpine F1 Team,214,807,True,87.294,0.733747925504264,45,86.05,1.2439999999999998
1112,Alpine F1 Team,214,825,True,87.344,0.7026557113739611,43,86.05,1.293999999999997
1112,Alpine F1 Team,214,839,True,87.476,0.513274959171131,33,86.05,1.426000000000002
1112,Alpine F1 Team,214,842,True,87.1995,0.6369377573698097,46,86.05,1.1495000000000033
1112,Aston Martin,117,4,True,86.929,0.4425024261663649,48,86.05,0.8790000000000049
1112,Aston Martin,117,840,True,87.305,0.5693408915052196,44,86.05,1.2550000000000097
1112,Ferrari,6,832,False,86.358,0.6019765629266013,49,86.05,0.30800000000000693
1112,Ferrari,6,844,False,86.473,0.6691215799654814,49,86.05,0.4230000000000018
1112,McLaren,1,846,False,86.9925,0.47209519227309765,48,86.05,0.9425000000000097
1112,McLaren,1,857,False,86.8565,0.6369637780826802,46,86.05,0.8064999999999998
1112,Mercedes,131,1,False,86.8755,0.6346045925759061,48,86.05,0.8255000000000052
1112,Mercedes,131,847,False,86.418,0.4132449554123491,48,86.05,0.3680000000000092
1112,RB F1 Team,215,859,True,87.069,0.5868268078534467,46,86.05,1.0190000000000055
1112,Red Bull,9,815,False,86.3435,0.5100418279155187,48,86.05,0.29350000000000875
1112,Red Bull,9,830,False,86.05,0.7055619949667796,49,86.05,0.0
1112,Williams,3,848,True,86.8955,0.40535479381061984,48,86.05,0.8455000000000013
1112,Williams,3,858,True,87.2925,0.365185872202139,46,86.05,1.2425000000000068
1113,Alfa Romeo,51,822,True,101.23,1.2834379653787829,41,99.633,1.5970000000000084
1113,Alfa Romeo,51,855,True,100.806,0.9937266319330751,53,99.633,1.1730000000000018
1113,Alpine F1 Team,214,807,True,101.008,0.9096859797540059,54,99.633,1.375
1113,Alpine F1 Team,214,825,True,100.705,1.3280860109666222,55,99.633,1.0720000000000027
1113,Alpine F1 Team,214,839,True,100.5515,0.8444725764833543,38,99.633,0.9185000000000088
1113,Alpine F1 Team,214,842,True,100.602,1.2017373357944787,55,99.633,0.9690000000000083
1113,Aston Martin,117,4,True,100.277,1.3550396379580087,52,99.633,0.6440000000000055
1113,Ferrari,6,832,False,99.633,1.0352656793994346,57,99.633,0.0
1113,Ferrari,6,844,False,99.8955,0.9969758595925876,56,99.633,0.26250000000000284
1113,McLaren,1,846,False,99.697,0.9686253626567012,56,99.633,0.06400000000000716
1113,McLaren,1,857,False,100.553,1.1886225247728217,55,99.633,0.9200000000000017
1113,Mercedes,131,1,False,99.6825,1.6450660109914923,56,99.633,0.04950000000000898
1113,Mercedes,131,847,False,99.776,1.4146500770169392,55,99.633,0.14300000000000068
1113,RB F1 Team,215,859,True,100.953,0.8921070556010608,55,99.633,1.3200000000000074
1113,Red Bull,9,815,False,100.556,1.4866180689803576,53,99.633,0.9230000000000018
1113,Red Bull,9,830,False,100.266,1.6787764118335988,53,99.633,0.6330000000000098
1113,Williams,3,848,True,100.775,1.3663537133676933,55,99.633,1.1420000000000101
1113,Williams,3,858,True,100.053,1.1603836791303925,56,99.633,0.4200000000000017
1114,Alfa Romeo,51,855,True,98.8775,1.0814095570510325,42,97.5955,1.2819999999999965
1114,Alpine F1 Team,214,807,True,98.605,1.0799237152545635,40,97.5955,1.0095000000000027
1114,Alpine F1 Team,214,825,True,99.2765,1.0851695074671952,44,97.5955,1.6809999999999974
1114,Alpine F1 Team,214,839,True,98.758,1.2799544645467305,45,97.5955,1.1624999999999943
1114,Alpine F1 Team,214,842,True,98.674,1.596313137739883,44,97.5955,1.0785000000000053
1114,Aston Martin,117,4,True,98.637,1.014801588275211,43,97.5955,1.0414999999999992
1114,Aston Martin,117,840,True,100.1115,1.007763152446332,14,97.5955,2.5160000000000053
1114,Ferrari,6,832,False,98.61099999999999,1.0368417739293116,44,97.5955,1.0154999999999887
1114,Ferrari,6,844,False,98.16749999999999,0.9105894229846813,44,97.5955,0.5719999999999885
1114,McLaren,1,846,False,97.7425,1.102058913985221,44,97.5955,0.14700000000000557
1114,McLaren,1,857,False,98.458,0.9415435199713356,45,97.5955,0.8624999999999972
1114,Mercedes,131,1,False,98.33500000000001,1.0269071472689502,44,97.5955,0.7395000000000067
1114,Mercedes,131,847,False,98.9615,0.7985829276102304,46,97.5955,1.3659999999999997
1114,RB F1 Team,215,852,True,99.28649999999999,1.11233077769213,42,97.5955,1.6909999999999883
1114,RB F1 Team,215,859,True,98.8105,0.9046872163071547,42,97.5955,1.2150000000000034
1114,Red Bull,9,815,False,100.466,0.4515148576366764,7,97.5955,2.8704999999999927
1114,Red Bull,9,830,False,97.5955,1.0308544291618493,44,97.5955,0.0
1114,Williams,3,848,True,100.339,0.7441685811648976,19,97.5955,2.7434999999999974
1114,Williams,3,858,True,100.619,1.1923904185527532,13,97.5955,3.0234999999999985
1115,Alfa Romeo,51,822,True,88.212,1.8603282190202568,49,86.552,1.6599999999999966
1115,Alfa Romeo,51,855,True,88.248,1.8399926615205637,47,86.552,1.695999999999998
1115,Alpine F1 Team,214,807,True,88.83500000000001,1.461724642811,46,86.552,2.2830000000000013
1115,Alpine F1 Team,214,825,True,88.715,1.9001477602119172,48,86.552,2.1629999999999967
1115,Alpine F1 Team,214,839,True,87.892,1.369009569603192,47,86.552,1.3399999999999892
1115,Alpine F1 Team,214,842,True,88.118,1.524669347086888,47,86.552,1.5659999999999883
1115,Aston Martin,117,4,True,87.644,1.804149979356235,47,86.552,1.0919999999999987
1115,Aston Martin,117,840,True,88.418,1.8728728734674076,49,86.552,1.8659999999999997
1115,Ferrari,6,844,False,87.37,1.6586499084990651,47,86.552,0.8179999999999978
1115,McLaren,1,846,False,86.552,2.00231956240063,47,86.552,0.0
1115,McLaren,1,857,False,86.876,1.6733243104427138,47,86.552,0.32399999999999807
1115,Mercedes,131,847,False,87.214,1.9199438156673252,47,86.552,0.6619999999999919
1115,RB F1 Team,215,852,True,88.751,1.3868424637728998,46,86.552,2.198999999999998
1115,RB F1 Team,215,859,True,89.295,1.6878435819125939,48,86.552,2.742999999999995
1115,Red Bull,9,815,False,88.003,1.7560850461115618,47,86.552,1.4509999999999934
1115,Red Bull,9,830,False,87.515,1.5364338290968913,47,86.552,0.9629999999999939
1115,Williams,3,848,True,88.305,1.633867214878743,47,86.552,1.7530000000000001
1115,Williams,3,858,True,89.421,1.2802482882511008,31,86.552,2.8689999999999998
1116,Alfa Romeo,51,822,True,102.902,0.7950780684322462,51,101.166,1.7360000000000042
1116,Alfa Romeo,51,855,True,102.994,0.9005727748811542,50,101.166,1.828000000000003
1116,Alpine F1 Team,214,807,True,102.65,1.1742926034133874,51,101.166,1.4840000000000089
1116,Alpine F1 Team,214,825,True,103.105,1.022607981258378,49,101.166,1.9390000000000072
1116,Alpine F1 Team,214,839,True,104.789,,1,101.166,3.6230000000000047
1116,Alpine F1 Team,214,842,True,102.178,1.097827292035168,51,101.166,1.0120000000000005
1116,Aston Martin,117,4,True,101.899,1.3445271431532932,42,101.166,0.7330000000000041
1116,Aston Martin,117,840,True,101.631,1.5420358623534953,51,101.166,0.4650000000000034
1116,Ferrari,6,832,False,101.5145,1.1026851696351658,52,101.166,0.34850000000000136
1116,Ferrari,6,844,False,102.17,0.832334540231474,54,101.166,1.0040000000000049
1116,McLaren,1,846,False,101.482,0.850034228749199,52,101.166,0.3160000000000025
1116,McLaren,1,857,False,103.263,1.0700143041619175,9,101.166,2.0970000000000084
1116,Mercedes,131,1,False,101.398,1.1476997920163163,52,101.166,0.23199999999999932
1116,Mercedes,131,847,False,102.065,1.3564286152375602,51,101.166,0.8990000000000009
1116,RB F1 Team,215,817,True,103.395,1.1330081791927493,51,101.166,2.228999999999999
1116,RB F1 Team,215,852,True,102.427,1.1861589767806318,49,101.166,1.26100000000001
1116,Red Bull,9,815,False,101.377,1.1004606703825575,51,101.166,0.21099999999999852
1116,Red Bull,9,830,False,101.166,1.1194783844801381,52,101.166,0.0
1116,Williams,3,848,True,102.855,0.9723254808881217,51,101.166,1.6890000000000072
1116,Williams,3,858,True,102.693,1.1065097562987583,51,101.166,1.527000000000001
1117,Alfa Romeo,51,822,True,84.517,0.9024844887487876,63,82.4255,2.0914999999999964
1117,Alfa Romeo,51,855,True,84.377,0.7155340108163359,63,82.4255,1.9514999999999958
1117,Alpine F1 Team,214,807,True,84.408,0.8441770589219046,63,82.4255,1.9825000000000017
1117,Alpine F1 Team,214,825,True,85.139,0.7358629854350198,27,82.4255,2.7134999999999962
1117,Alpine F1 Team,214,839,True,84.4865,1.114730156217445,64,82.4255,2.061000000000007
1117,Alpine F1 Team,214,842,True,84.274,0.6512472401031215,63,82.4255,1.8485000000000014
1117,Aston Martin,117,4,True,85.18,0.8259516238379937,36,82.4255,2.7545000000000073
1117,Aston Martin,117,840,True,84.583,0.7819259073461599,55,82.4255,2.157499999999999
1117,Ferrari,6,832,False,83.256,0.6584947473664913,63,82.4255,0.8305000000000007
1117,Ferrari,6,844,False,83.1405,0.7199890732677855,64,82.4255,0.7150000000000034
1117,McLaren,1,846,False,83.351,0.9042452335491138,63,82.4255,0.9254999999999995
1117,McLaren,1,857,False,83.471,0.6554161621612167,63,82.4255,1.045500000000004
1117,Mercedes,131,1,False,83.152,0.7855442019978105,63,82.4255,0.7265000000000015
1117,Mercedes,131,847,False,83.435,0.734799543184127,63,82.4255,1.0095000000000027
1117,RB F1 Team,215,817,True,83.571,0.6868972417971504,63,82.4255,1.1454999999999984
1117,RB F1 Team,215,852,True,83.917,0.8652503842200321,62,82.4255,1.491500000000002
1117,Red Bull,9,830,False,82.4255,0.7332468886752701,64,82.4255,0.0
1117,Williams,3,848,True,84.067,0.9868338702638736,65,82.4255,1.6414999999999935
1117,Williams,3,858,True,84.21549999999999,0.8596036039548788,60,82.4255,1.789999999999992
1118,Alfa Romeo,51,822,True,76.981,0.5062567084382311,32,75.436,1.5449999999999875
1118,Alfa Romeo,51,855,True,77.043,0.49077972946847004,15,75.436,1.6069999999999993
1118,Alpine F1 Team,214,807,True,76.7875,1.1079992406551853,62,75.436,1.3514999999999873
1118,Alpine F1 Team,214,839,True,76.2355,0.885078114430612,60,75.436,0.7994999999999948
1118,Alpine F1 Team,214,842,True,76.002,1.0068889760734534,63,75.436,0.5659999999999883
1118,Aston Martin,117,4,True,75.944,0.7388387766212693,63,75.436,0.5079999999999956
1118,Aston Martin,117,840,True,75.944,1.0261900111909463,63,75.436,0.5079999999999956
1118,Ferrari,6,832,False,75.977,0.9403708082668537,63,75.436,0.5409999999999968
1118,McLaren,1,846,False,75.585,1.0021918628456048,63,75.436,0.1489999999999867
1118,McLaren,1,857,False,76.3615,1.0477758505260253,62,75.436,0.9254999999999995
1118,Mercedes,131,1,False,76.274,0.7350294625413804,63,75.436,0.8379999999999939
1118,Mercedes,131,847,False,76.656,0.6477533428503128,48,75.436,1.2199999999999989
1118,RB F1 Team,215,817,True,76.139,1.0274569170207764,63,75.436,0.7029999999999887
1118,RB F1 Team,215,852,True,76.12299999999999,0.8386086663280968,62,75.436,0.6869999999999834
1118,Red Bull,9,815,False,75.842,0.8632861673028359,63,75.436,0.4059999999999917
1118,Red Bull,9,830,False,75.436,0.8215576752881699,63,75.436,0.0
1118,Williams,3,858,True,76.65299999999999,0.6496913372408976,62,75.436,1.2169999999999845
1119,Alfa Romeo,51,822,True,100.816,1.351019513569612,39,97.787,3.0289999999999964
1119,Alfa Romeo,51,855,True,99.655,1.3183576187725425,41,97.787,1.867999999999995
1119,Alpine F1 Team,214,807,True,99.22200000000001,1.4194003541703462,34,97.787,1.4350000000000023
1119,Alpine F1 Team,214,825,True,98.918,1.2877347071945149,39,97.787,1.1310000000000002
1119,Alpine F1 Team,214,839,True,97.787,1.5881203608989454,39,97.787,0.0
1119,Alpine F1 Team,214,842,True,98.72,1.1666727532133452,39,97.787,0.9329999999999927
1119,Aston Martin,117,4,True,98.291,1.7656472357114894,41,97.787,0.5039999999999907
1119,Aston Martin,117,840,True,98.701,1.7042926130731213,41,97.787,0.9139999999999873
1119,Ferrari,6,832,False,98.398,1.8512639179496981,41,97.787,0.61099999999999
1119,Ferrari,6,844,False,98.1125,2.0939738175817566,40,97.787,0.325499999999991
1119,McLaren,1,857,False,97.912,1.64086683538655,37,97.787,0.125
1119,Mercedes,131,1,False,98.279,1.7716829369697669,39,97.787,0.4919999999999902
1119,Mercedes,131,847,False,98.114,1.516695840504808,39,97.787,0.3269999999999982
1119,RB F1 Team,215,817,True,99.455,1.6185982068430829,39,97.787,1.6679999999999922
1119,RB F1 Team,215,852,True,100.181,1.5199377404513876,33,97.787,2.3939999999999912
1119,Red Bull,9,815,False,97.969,1.7522690272622106,41,97.787,0.18199999999998795
1119,Red Bull,9,830,False,97.814,1.9886012291854656,40,97.787,0.026999999999986812
1119,Williams,3,848,True,98.865,1.0917743577832766,39,97.787,1.0779999999999887
1119,Williams,3,858,True,98.814,1.1963049645266646,39,97.787,1.0269999999999868
1120,Alfa Romeo,51,822,True,91.2945,0.8901724126139107,54,89.1525,2.141999999999996
1120,Alfa Romeo,51,855,True,90.762,0.9093957311264419,53,89.1525,1.609499999999997
1120,Alpine F1 Team,214,807,True,90.451,0.8675387030595377,53,89.1525,1.29849999999999
1120,Alpine F1 Team,214,825,True,90.62950000000001,0.6977081926540137,52,89.1525,1.4770000000000039
1120,Alpine F1 Team,214,839,True,90.477,0.517544414398831,55,89.1525,1.3245000000000005
1120,Alpine F1 Team,214,842,True,90.239,0.858443583508412,53,89.1525,1.086500000000001
1120,Aston Martin,117,4,True,90.093,0.9330570846534925,53,89.1525,0.9405000000000001
1120,Aston Martin,117,840,True,90.191,1.0122848191850011,53,89.1525,1.038499999999999
1120,Ferrari,6,832,False,90.208,0.8129614707605723,52,89.1525,1.055499999999995
1120,Ferrari,6,844,False,89.56649999999999,1.040642026200473,54,89.1525,0.41399999999998727
1120,McLaren,1,846,False,89.596,0.8689767805516274,53,89.1525,0.4435000000000002
1120,McLaren,1,857,False,89.888,1.0347683420798508,53,89.1525,0.7355000000000018
1120,Mercedes,131,1,False,89.806,0.9923214817169506,53,89.1525,0.653499999999994
1120,Mercedes,131,847,False,89.537,0.923536797848967,53,89.1525,0.38450000000000273
1120,RB F1 Team,215,817,True,90.271,1.0538517747458553,53,89.1525,1.1184999999999974
1120,RB F1 Team,215,852,True,90.104,0.7161732983475386,55,89.1525,0.9514999999999958
1120,Red Bull,9,815,False,89.314,1.2238373235973368,53,89.1525,0.16149999999998954
1120,Red Bull,9,830,False,89.1525,1.0901689162226205,54,89.1525,0.0
1120,Williams,3,848,True,90.43,1.1279488558519737,52,89.1525,1.2775000000000034
1120,Williams,3,858,True,90.62549999999999,1.1113626126120757,52,89.1525,1.4729999999999848
1121,Alpine F1 Team,214,807,True,96.816,1.06707095646093,50,95.581,1.2349999999999994
1121,Alpine F1 Team,214,825,True,97.749,1.0644837404702172,51,95.581,2.167999999999992
1121,Alpine F1 Team,214,839,True,97.843,0.9346072132919011,51,95.581,2.2620000000000005
1121,Alpine F1 Team,214,842,True,97.689,1.3556955164539615,49,95.581,2.10799999999999
1121,Aston Martin,117,4,True,97.1905,1.4056937476356122,52,95.581,1.609499999999997
1121,Aston Martin,117,840,True,96.81700000000001,0.9257145417978087,52,95.581,1.2360000000000042
1121,Ferrari,6,832,False,96.149,1.2224826502608017,53,95.581,0.5679999999999978
1121,Ferrari,6,844,False,96.76,1.1420705615828877,53,95.581,1.179000000000002
1121,McLaren,1,846,False,96.5655,1.0061341369736565,52,95.581,0.984499999999997
1121,McLaren,1,857,False,96.662,1.0396363565068045,52,95.581,1.081000000000003
1121,Mercedes,131,1,False,96.64949999999999,1.1339132829865473,52,95.581,1.068499999999986
1121,Mercedes,131,847,False,96.635,0.9555236434733378,53,95.581,1.054000000000002
1121,RB F1 Team,215,817,True,97.75,1.2598403045391107,51,95.581,2.168999999999997
1121,RB F1 Team,215,822,True,97.765,0.9736679991398798,51,95.581,2.1839999999999975
1121,RB F1 Team,215,852,True,97.516,0.9152477997252717,51,95.581,1.9350000000000023
1121,RB F1 Team,215,855,True,97.394,0.8753538780200257,51,95.581,1.8130000000000024
1121,Red Bull,9,815,False,96.226,1.1682566813161306,53,95.581,0.644999999999996
1121,Red Bull,9,830,False,95.581,1.0797944497454204,53,95.581,0.0
1121,Williams,3,848,True,97.869,1.093771699302959,51,95.581,2.2879999999999967
1121,Williams,3,858,True,97.5135,1.5065224191882773,46,95.581,1.9324999999999903
1122,Alpine F1 Team,214,807,True,94.6495,1.4916606868357156,44,92.792,1.8575000000000017
1122,Alpine F1 Team,214,825,True,95.3165,1.533279351286698,46,92.792,2.5245000000000033
1122,Alpine F1 Team,214,839,True,95.4,1.3319354441085847,45,92.792,2.608000000000004
1122,Aston Martin,117,4,True,93.841,1.2352905570783725,47,92.792,1.0489999999999924
1122,Aston Martin,117,840,True,95.7625,0.22229916029231334,4,92.792,2.9705000000000013
1122,Ferrari,6,844,False,93.305,1.0184749586725856,47,92.792,0.5130000000000052
1122,Ferrari,6,860,False,93.7795,1.415408364623913,46,92.792,0.9874999999999972
1122,McLaren,1,846,False,93.662,0.9896777242546361,44,92.792,0.8700000000000045
1122,McLaren,1,857,False,93.715,1.175727775873403,47,92.792,0.9230000000000018
1122,Mercedes,131,1,False,93.7175,1.1115026465071483,44,92.792,0.9254999999999995
1122,Mercedes,131,847,False,93.756,1.1181905206983695,46,92.792,0.9639999999999986
1122,RB F1 Team,215,817,True,95.608,1.0789505693582515,43,92.792,2.8160000000000025
1122,RB F1 Team,215,822,True,95.4355,1.5373729572735753,42,92.792,2.643500000000003
1122,RB F1 Team,215,852,True,95.378,1.230518375615438,45,92.792,2.5859999999999985
1122,RB F1 Team,215,855,True,95.002,1.4171136587501307,43,92.792,2.2099999999999937
1122,Red Bull,9,815,False,92.832,0.9520325133985557,47,92.792,0.03999999999999204
1122,Red Bull,9,830,False,92.792,0.7134348835212501,47,92.792,0.0
1122,Williams,3,848,True,95.278,1.3808321363905425,45,92.792,2.486000000000004
1122,Williams,3,858,True,95.481,1.142451739350145,44,92.792,2.688999999999993
1123,Alpine F1 Team,214,807,True,82.823,1.0045230174311783,51,81.489,1.333999999999989
1123,Alpine F1 Team,214,825,True,83.157,0.9845212689320587,50,81.489,1.6679999999999922
1123,Alpine F1 Team,214,839,True,82.905,0.823981511607896,48,81.489,1.4159999999999968
1123,Alpine F1 Team,214,842,True,83.13,1.1886568150991383,50,81.489,1.6409999999999911
1123,Aston Martin,117,4,True,82.704,1.0109057980588594,51,81.489,1.2149999999999892
1123,Aston Martin,117,840,True,82.9315,1.0380979940767265,50,81.489,1.4424999999999955
1123,Ferrari,6,832,False,81.489,0.7752577549864892,51,81.489,0.0
1123,Ferrari,6,844,False,81.841,0.9120118467275643,50,81.489,0.35199999999998965
1123,McLaren,1,846,False,81.70249999999999,0.9669307319597363,50,81.489,0.21349999999998204
1123,McLaren,1,857,False,82.001,1.1446762274609692,50,81.489,0.5120000000000005
1123,Mercedes,131,1,False,83.2055,0.6123626871438698,12,81.489,1.7164999999999964
1123,Mercedes,131,847,False,82.591,0.9551008062870027,49,81.489,1.1019999999999897
1123,RB F1 Team,215,817,True,83.018,1.011771465080438,50,81.489,1.5289999999999964
1123,RB F1 Team,215,822,True,82.893,0.8358652583121171,48,81.489,1.4039999999999964
1123,RB F1 Team,215,852,True,82.981,0.8559282205743197,50,81.489,1.4919999999999902
1123,RB F1 Team,215,855,True,83.097,0.8391183277865033,49,81.489,1.6079999999999899
1123,Red Bull,9,815,False,81.849,1.008224156320283,50,81.489,0.35999999999999943
1123,Red Bull,9,830,False,83.607,0.6957930726875691,2,81.489,2.117999999999995
1123,Williams,3,848,True,83.0,0.7686741059932309,50,81.489,1.5109999999999957
1124,Alpine F1 Team,214,807,True,98.352,1.6141445518736668,45,96.3575,1.9945000000000022
1124,Alpine F1 Team,214,825,True,98.332,1.1018312391450726,47,96.3575,1.974499999999992
1124,Alpine F1 Team,214,839,True,98.702,1.5309781081637857,45,96.3575,2.3444999999999965
1124,Alpine F1 Team,214,842,True,98.781,1.5817136749408693,45,96.3575,2.423500000000004
1124,Aston Martin,117,4,True,97.29050000000001,1.1028984991906219,46,96.3575,0.9330000000000069
1124,Aston Martin,117,840,True,97.633,1.2786741290255377,43,96.3575,1.2754999999999939
1124,Ferrari,6,832,False,96.901,1.370300725131059,46,96.3575,0.5434999999999945
1124,Ferrari,6,844,False,96.519,1.2160363148972768,48,96.3575,0.16150000000000375
1124,McLaren,1,846,False,96.3575,0.9371971742799166,46,96.3575,0.0
1124,McLaren,1,857,False,97.021,1.1745053188306123,46,96.3575,0.6634999999999991
1124,Mercedes,131,1,False,96.6115,1.852732274550046,46,96.3575,0.2540000000000049
1124,Mercedes,131,847,False,96.7015,1.6372153413381558,46,96.3575,0.3439999999999941
1124,RB F1 Team,215,822,True,98.007,0.9737082388187049,45,96.3575,1.6495000000000033
1124,RB F1 Team,215,852,True,97.498,1.0358520184082345,45,96.3575,1.140500000000003
1124,RB F1 Team,215,855,True,99.597,1.4514784531642222,5,96.3575,3.2394999999999925
1124,Red Bull,9,815,False,96.5705,1.2881175706609431,46,96.3575,0.21299999999999386
1124,Red Bull,9,830,False,96.393,1.1820288243295496,46,96.3575,0.03549999999999898
1124,Williams,3,858,True,98.094,1.8704803719112966,43,96.3575,1.7364999999999924
1125,Alpine F1 Team,214,807,True,101.646,1.1080036146000478,43,99.654,1.9920000000000044
1125,Alpine F1 Team,214,825,True,102.616,1.7329476159554282,43,99.654,2.9620000000000033
1125,Alpine F1 Team,214,839,True,101.652,1.2951958590884203,43,99.654,1.9980000000000047
1125,Alpine F1 Team,214,842,True,101.5365,2.1448912473209276,42,99.654,1.8825000000000074
1125,Aston Martin,117,4,True,100.794,2.4630662496052778,43,99.654,1.1400000000000006
1125,Aston Martin,117,840,True,101.485,1.5213245984260901,43,99.654,1.831000000000003
1125,Ferrari,6,832,False,100.638,2.168859246537135,44,99.654,0.9840000000000089
1125,Ferrari,6,844,False,100.6785,1.7551680851834037,46,99.654,1.0245000000000033
1125,McLaren,1,846,False,100.686,1.7546397568235192,47,99.654,1.0320000000000107
1125,McLaren,1,857,False,101.49799999999999,1.8963432536672784,44,99.654,1.843999999999994
1125,Mercedes,131,1,False,101.5,1.7363159446945835,43,99.654,1.8460000000000036
1125,Mercedes,131,847,False,100.789,1.9878229546006385,44,99.654,1.1350000000000051
1125,RB F1 Team,215,817,True,103.309,1.9353361540672342,19,99.654,3.655000000000001
1125,RB F1 Team,215,822,True,102.606,1.4521304151649248,17,99.654,2.951999999999998
1125,RB F1 Team,215,852,True,103.1155,1.9280123201203712,18,99.654,3.461500000000001
1125,RB F1 Team,215,855,True,101.757,2.342604031680367,42,99.654,2.1030000000000086
1125,Red Bull,9,815,False,100.196,1.8688260472685798,45,99.654,0.5420000000000016
1125,Red Bull,9,830,False,99.654,1.407825520066142,45,99.654,0.0
1125,Williams,3,848,True,101.887,1.990773587779696,44,99.654,2.233000000000004
1125,Williams,3,858,True,102.441,1.6597403538150044,43,99.654,2.787000000000006
1126,Alpine F1 Team,214,807,True,93.115,0.9047204054435342,47,91.982,1.1329999999999956
1126,Alpine F1 Team,214,825,True,93.134,1.1582395005551658,49,91.982,1.152000000000001
1126,Alpine F1 Team,214,839,True,93.348,0.9211718514652805,49,91.982,1.3659999999999997
1126,Alpine F1 Team,214,842,True,93.174,0.750559421337437,47,91.982,1.1920000000000073
1126,Aston Martin,117,4,True,93.447,1.0548155777486552,49,91.982,1.4650000000000034
1126,Aston Martin,117,840,True,93.473,0.8376436212750147,47,91.982,1.4909999999999997
1126,Ferrari,6,832,False,92.455,0.8546281733162493,49,91.982,0.472999999999999
1126,Ferrari,6,844,False,92.057,0.940426643661714,49,91.982,0.07500000000000284
1126,McLaren,1,846,False,91.982,1.0221705072454352,51,91.982,0.0
1126,McLaren,1,857,False,92.686,1.0042850582778444,48,91.982,0.7040000000000077
1126,Mercedes,131,1,False,92.691,1.1700800798123931,48,91.982,0.7090000000000032
1126,Mercedes,131,847,False,93.044,0.8791494436315063,48,91.982,1.0619999999999976
1126,RB F1 Team,215,817,True,93.717,0.9212905429102072,49,91.982,1.7349999999999994
1126,RB F1 Team,215,822,True,93.41050000000001,0.9000524213949185,48,91.982,1.4285000000000139
1126,RB F1 Team,215,852,True,93.1705,1.062138278595178,50,91.982,1.1885000000000048
1126,RB F1 Team,215,855,True,93.664,0.8358168475934631,49,91.982,1.6820000000000022
1126,Red Bull,9,815,False,92.449,0.8983745832580062,48,91.982,0.46699999999999875
1126,Red Bull,9,830,False,92.2625,0.8132758289028114,50,91.982,0.2805000000000035
1126,Williams,3,848,True,93.584,0.8612104278340426,45,91.982,1.6020000000000039
1126,Williams,3,858,True,93.819,0.4872398006901995,22,91.982,1.8370000000000033
1127,Alpine F1 Team,214,807,True,82.433,0.5550125529722262,59,80.8,1.6330000000000098
1127,Alpine F1 Team,214,825,True,82.761,0.8694888759026996,59,80.8,1.9609999999999985
1127,Alpine F1 Team,214,839,True,82.7505,0.6424608610298612,58,80.8,1.9505000000000052
1127,Alpine F1 Team,214,842,True,82.391,0.6758153406713397,57,80.8,1.5910000000000082
1127,Aston Martin,117,4,True,82.686,1.0890052103402215,55,80.8,1.88600000000001
1127,Aston Martin,117,840,True,82.38149999999999,0.9131673264531954,60,80.8,1.5814999999999912
1127,Ferrari,6,832,False,81.16,0.7088448418632013,61,80.8,0.35999999999999943
1127,Ferrari,6,844,False,80.928,0.6824806644711933,61,80.8,0.1280000000000001
1127,McLaren,1,846,False,80.816,0.6008381804826304,61,80.8,0.016000000000005343
1127,McLaren,1,857,False,80.9725,0.5221425017084819,60,80.8,0.17249999999999943
1127,Mercedes,131,1,False,81.297,0.5960177554535606,59,80.8,0.4969999999999999
1127,Mercedes,131,847,False,81.1865,0.7312384966339375,58,80.8,0.38649999999999807
1127,RB F1 Team,215,817,True,82.2715,0.63675698524454,58,80.8,1.471500000000006
1127,RB F1 Team,215,822,True,82.6975,0.727790789833337,56,80.8,1.897500000000008
1127,RB F1 Team,215,852,True,82.2645,0.5494164962834517,58,80.8,1.464500000000001
1127,RB F1 Team,215,855,True,82.942,0.7993014019450853,59,80.8,2.141999999999996
1127,Red Bull,9,815,False,81.913,1.05615345411738,59,80.8,1.1129999999999995
1127,Red Bull,9,830,False,80.8,0.4347846021574722,61,80.8,0.0
1127,Williams,3,848,True,81.817,0.515875690499935,41,80.8,1.016999999999996
1127,Williams,3,858,True,82.987,0.8955227925004366,59,80.8,2.1869999999999976
1128,Alpine F1 Team,214,842,True,80.2145,1.5094844669552787,74,78.396,1.8185000000000002
1128,Aston Martin,117,4,True,80.636,1.4500264486119803,73,78.396,2.239999999999995
1128,Aston Martin,117,840,True,79.789,1.695821164193204,71,78.396,1.3930000000000007
1128,Ferrari,6,832,False,78.5565,1.759429860404838,76,78.396,0.16049999999999898
1128,Ferrari,6,844,False,78.5,1.6985235740944054,76,78.396,0.1039999999999992
1128,McLaren,1,846,False,78.396,1.508709158653661,75,78.396,0.0
1128,McLaren,1,857,False,78.48599999999999,1.5892239926366358,76,78.396,0.0899999999999892
1128,Mercedes,131,1,False,78.51,2.3187187121206683,74,78.396,0.11400000000000432
1128,Mercedes,131,847,False,78.624,1.9704914242322815,75,78.396,0.22799999999999443
1128,RB F1 Team,215,817,True,80.82849999999999,1.4538901417938495,72,78.396,2.4324999999999903
1128,RB F1 Team,215,822,True,80.43950000000001,1.685862423774131,72,78.396,2.0435000000000088
1128,RB F1 Team,215,852,True,80.135,1.7837523709664684,73,78.396,1.7390000000000043
1128,RB F1 Team,215,855,True,80.9285,1.6008490826768311,70,78.396,2.532499999999999
1128,Red Bull,9,830,False,78.5505,2.2171344703735665,74,78.396,0.15449999999999875
1128,Williams,3,848,True,80.185,1.496798704845985,74,78.396,1.7890000000000015
1128,Williams,3,858,True,80.84450000000001,2.199890229157871,72,78.396,2.44850000000001
1129,Alpine F1 Team,214,807,True,87.576,6.793957553422377,61,85.708,1.867999999999995
1129,Alpine F1 Team,214,825,True,87.614,6.614756000811608,61,85.708,1.906000000000006
1129,Alpine F1 Team,214,839,True,87.561,6.741791691897639,61,85.708,1.8530000000000086
1129,Alpine F1 Team,214,842,True,87.6215,7.408130348683699,62,85.708,1.913499999999999
1129,Aston Martin,117,4,True,86.318,7.134490990264407,61,85.708,0.6099999999999994
1129,Aston Martin,117,840,True,87.075,6.765949841436201,61,85.708,1.3670000000000044
1129,Ferrari,6,832,False,88.45,5.8817479278975,47,85.708,2.7420000000000044
1129,Ferrari,6,844,False,90.236,5.379029104234492,35,85.708,4.528000000000006
1129,McLaren,1,846,False,85.708,6.794551079031914,61,85.708,0.0
1129,McLaren,1,857,False,85.7865,7.043595453269732,60,85.708,0.07850000000000534
1129,Mercedes,131,1,False,86.35,7.642108448726062,60,85.708,0.6419999999999959
1129,Mercedes,131,847,False,86.5875,6.964339856999034,60,85.708,0.8795000000000073
1129,RB F1 Team,215,817,True,86.8,7.2938675055141795,62,85.708,1.0919999999999987
1129,RB F1 Team,215,822,True,88.149,7.348680304769702,63,85.708,2.4410000000000025
1129,RB F1 Team,215,852,True,87.732,6.608508324325365,61,85.708,2.024000000000001
1129,RB F1 Team,215,855,True,88.82,7.284464379967437,62,85.708,3.1119999999999948
1129,Red Bull,9,815,False,88.7115,5.5290491475338985,46,85.708,3.0035000000000025
1129,Red Bull,9,830,False,86.267,6.737319057159614,60,85.708,0.5589999999999975
1129,Williams,3,848,True,88.734,5.888780428984902,47,85.708,3.0259999999999962
1129,Williams,3,858,True,89.949,4.620700435462751,21,85.708,4.241
1130,Alpine F1 Team,214,807,True,80.972,1.012016965127019,61,79.675,1.296999999999997
1130,Alpine F1 Team,214,825,True,81.25550000000001,0.8430313843337924,60,79.675,1.580500000000015
1130,Alpine F1 Team,214,839,True,80.662,0.9994341779008183,61,79.675,0.987000000000009
1130,Alpine F1 Team,214,842,True,80.419,0.8949138640359318,61,79.675,0.7439999999999998
1130,Aston Martin,117,4,True,81.0715,1.288998022268636,60,79.675,1.3965000000000032
1130,Aston Martin,117,840,True,81.253,1.0132997983597656,60,79.675,1.578000000000003
1130,Ferrari,6,832,False,80.0,0.8793843372316247,61,79.675,0.32500000000000284
1130,Ferrari,6,844,False,79.675,1.18113103269428,61,79.675,0.0
1130,McLaren,1,846,False,79.701,1.3744099773457723,62,79.675,0.02599999999999625
1130,McLaren,1,857,False,79.853,1.2950081232734598,61,79.675,0.17799999999999727
1130,Mercedes,131,1,False,79.9435,1.1953996983943143,62,79.675,0.26850000000000307
1130,Mercedes,131,847,False,79.864,1.004485205348037,62,79.675,0.18900000000000716
1130,RB F1 Team,215,817,True,81.2625,1.0341523031730793,60,79.675,1.5875000000000057
1130,RB F1 Team,215,822,True,81.5095,0.9949201499629281,60,79.675,1.8345000000000056
1130,RB F1 Team,215,852,True,81.4335,1.3179358322142405,58,79.675,1.758499999999998
1130,RB F1 Team,215,855,True,81.2285,1.1369156292454636,60,79.675,1.5534999999999997
1130,Red Bull,9,815,False,79.688,1.209138555890416,59,79.675,0.01300000000000523
1130,Red Bull,9,830,False,79.7975,1.1515560070793527,62,79.675,0.12250000000000227
1130,Williams,3,848,True,81.43,1.170325484356253,59,79.675,1.7550000000000097
1130,Williams,3,858,True,82.059,0.9844480141782392,58,79.675,2.3840000000000003
1131,Alpine F1 Team,214,807,True,71.0975,0.5499269447783554,64,70.2185,0.8789999999999907
1131,Alpine F1 Team,214,825,True,71.215,0.5162010579333809,65,70.2185,0.9964999999999975
1131,Alpine F1 Team,214,839,True,71.375,0.7071035203289077,65,70.2185,1.156499999999994
1131,Alpine F1 Team,214,842,True,71.212,0.6824412450054731,65,70.2185,0.9934999999999974
1131,Aston Martin,117,4,True,71.493,0.77462458384797,62,70.2185,1.274499999999989
1131,Aston Martin,117,840,True,71.464,0.6901760411242486,63,70.2185,1.2454999999999927
1131,Ferrari,6,832,False,70.401,0.6865551391801016,65,70.2185,0.18249999999999034
1131,Ferrari,6,844,False,70.5325,0.5633594772271908,62,70.2185,0.31399999999999295
1131,McLaren,1,846,False,70.388,0.8747310495903681,59,70.2185,0.16949999999999932
1131,McLaren,1,857,False,70.562,0.8302149663699199,65,70.2185,0.3434999999999917
1131,Mercedes,131,1,False,70.62950000000001,0.6354463872830712,64,70.2185,0.41100000000000136
1131,Mercedes,131,847,False,70.278,0.6635022165344638,65,70.2185,0.059499999999999886
1131,RB F1 Team,215,817,True,71.361,0.4659940821677728,65,70.2185,1.1424999999999983
1131,RB F1 Team,215,822,True,71.6055,0.591093003041006,64,70.2185,1.3870000000000005
1131,RB F1 Team,215,852,True,71.463,0.6217956818309963,63,70.2185,1.244499999999988
1131,RB F1 Team,215,855,True,71.6775,0.7849177717114326,58,70.2185,1.458999999999989
1131,Red Bull,9,815,False,71.0025,0.5938264528890583,64,70.2185,0.7839999999999918
1131,Red Bull,9,830,False,70.2185,0.9031172860383478,64,70.2185,0.0
1131,Williams,3,848,True,71.46600000000001,0.6049172134015081,64,70.2185,1.2475000000000023
1131,Williams,3,858,True,71.949,0.8346178934421263,59,70.2185,1.7304999999999922
1132,Alpine F1 Team,214,807,True,92.697,5.768853323379497,49,91.677,1.019999999999996
1132,Alpine F1 Team,214,825,True,93.208,5.1266778256416226,48,91.677,1.5309999999999917
1132,Alpine F1 Team,214,839,True,94.884,5.6547399892050665,43,91.677,3.2069999999999936
1132,Aston Martin,117,4,True,92.673,5.151052326384284,48,91.677,0.9959999999999951
1132,Aston Martin,117,840,True,92.788,5.9874343707081605,49,91.677,1.11099999999999
1132,Ferrari,6,832,False,92.4135,6.29166293288133,48,91.677,0.7364999999999924
1132,Ferrari,6,844,False,92.705,6.236358570933242,45,91.677,1.0279999999999916
1132,McLaren,1,846,False,91.896,5.413045553957374,49,91.677,0.2189999999999941
1132,McLaren,1,857,False,91.919,5.991400692250684,49,91.677,0.24199999999999022
1132,Mercedes,131,1,False,91.677,5.751947421700476,49,91.677,0.0
1132,Mercedes,131,847,False,91.731,4.6703518925237395,31,91.677,0.053999999999987836
1132,RB F1 Team,215,817,True,93.429,4.9180065768664605,47,91.677,1.7519999999999953
1132,RB F1 Team,215,822,True,93.967,4.779245614610466,47,91.677,2.289999999999992
1132,RB F1 Team,215,852,True,93.04650000000001,4.952314398366273,48,91.677,1.3695000000000022
1132,RB F1 Team,215,855,True,95.202,6.741121507374504,43,91.677,3.5249999999999915
1132,Red Bull,9,815,False,93.26599999999999,6.705418628133019,42,91.677,1.5889999999999844
1132,Red Bull,9,830,False,91.934,4.7872326284986135,48,91.677,0.2569999999999908
1132,Williams,3,848,True,93.03649999999999,5.167284217497344,48,91.677,1.3594999999999828
1132,Williams,3,858,True,93.11,5.93770281057133,49,91.677,1.4329999999999927
1133,Alpine F1 Team,214,807,True,84.89949999999999,0.9215093905371862,62,83.207,1.6924999999999955
1133,Alpine F1 Team,214,825,True,85.305,0.9096326855560155,63,83.207,2.098000000000013
1133,Alpine F1 Team,214,839,True,84.938,0.9966771043187544,61,83.207,1.7310000000000088
1133,Alpine F1 Team,214,842,True,85.706,0.9033096514688561,30,83.207,2.4990000000000094
1133,Aston Martin,117,4,True,84.402,0.947437851371542,65,83.207,1.1950000000000074
1133,Aston Martin,117,840,True,84.445,1.0950961777220867,65,83.207,1.2379999999999995
1133,Ferrari,6,832,False,83.695,1.0173861181781223,65,83.207,0.48799999999999955
1133,Ferrari,6,844,False,83.207,0.8381797376435185,65,83.207,0.0
1133,McLaren,1,846,False,83.514,1.0289761551584202,65,83.207,0.30700000000000216
1133,McLaren,1,857,False,83.4355,0.9951457861360599,66,83.207,0.22850000000001103
1133,Mercedes,131,1,False,83.334,0.7779141566369338,65,83.207,0.12700000000000955
1133,Mercedes,131,847,False,83.58,1.584448992430928,65,83.207,0.37300000000000466
1133,RB F1 Team,215,817,True,84.8765,1.1655192953900835,64,83.207,1.6694999999999993
1133,RB F1 Team,215,822,True,85.21549999999999,1.0396319717365101,64,83.207,2.008499999999998
1133,RB F1 Team,215,852,True,84.575,0.8486317406850135,67,83.207,1.3680000000000092
1133,RB F1 Team,215,855,True,85.474,1.0947225331576849,64,83.207,2.26700000000001
1133,Red Bull,9,815,False,83.447,1.5812929744844488,65,83.207,0.2400000000000091
1133,Red Bull,9,830,False,83.717,1.1860134527467012,65,83.207,0.5100000000000051
1133,Williams,3,848,True,84.889,0.8005988973699908,63,83.207,1.6820000000000022
1133,Williams,3,858,True,85.0765,1.250623552563839,62,83.207,1.8695000000000022
1134,Alpine F1 Team,214,807,True,109.634,0.7526733389696096,39,107.965,1.668999999999997
1134,Alpine F1 Team,214,825,True,109.651,1.221357630751592,41,107.965,1.6859999999999928
1134,Alpine F1 Team,214,839,True,109.428,1.3678597859656794,39,107.965,1.4629999999999939
1134,Alpine F1 Team,214,842,True,109.589,1.1454978886735008,39,107.965,1.6239999999999952
1134,Aston Martin,117,4,True,109.353,0.9995367921094641,41,107.965,1.387999999999991
1134,Aston Martin,117,840,True,109.579,0.9385164616459717,41,107.965,1.61399999999999
1134,Ferrari,6,832,False,108.355,1.3365332994201122,39,107.965,0.39000000000000057
1134,Ferrari,6,844,False,108.124,1.2461194943627092,40,107.965,0.15899999999999181
1134,McLaren,1,846,False,108.098,1.4245739491413594,39,107.965,0.13299999999999557
1134,McLaren,1,857,False,108.153,1.346172146010178,39,107.965,0.1880000000000024
1134,Mercedes,131,1,False,107.965,1.2430952474491814,40,107.965,0.0
1134,Mercedes,131,847,False,107.992,1.02678120309265,41,107.965,0.027000000000001023
1134,RB F1 Team,215,817,True,108.86,1.1641913812598337,39,107.965,0.894999999999996
1134,RB F1 Team,215,822,True,109.591,1.195955805537526,39,107.965,1.6259999999999906
1134,RB F1 Team,215,852,True,109.621,1.2325724240334925,41,107.965,1.6559999999999917
1134,RB F1 Team,215,855,True,112.23750000000001,0.19586857838866936,2,107.965,4.272500000000008
1134,Red Bull,9,815,False,108.36449999999999,1.368835951204041,38,107.965,0.3994999999999891
1134,Red Bull,9,830,False,108.154,1.2693632952935858,39,107.965,0.18899999999999295
1134,Williams,3,848,True,109.172,0.9390522550166399,39,107.965,1.2069999999999936
1134,Williams,3,858,True,109.428,1.4083955194728717,39,107.965,1.4629999999999939
1135,Alpine F1 Team,214,807,True,76.3175,0.6195296558783385,68,74.892,1.4254999999999995
1135,Alpine F1 Team,214,825,True,76.9465,0.7447957333271207,66,74.892,2.0545000000000044
1135,Alpine F1 Team,214,839,True,77.1695,1.0505167359081697,68,74.892,2.2775000000000034
1135,Alpine F1 Team,214,842,True,76.3825,0.9777242711720788,68,74.892,1.4904999999999973
1135,Aston Martin,117,4,True,76.35300000000001,0.9427818375868128,68,74.892,1.4610000000000127
1135,Aston Martin,117,840,True,76.2835,0.9027102693188113,68,74.892,1.3915000000000077
1135,Ferrari,6,832,False,75.143,0.9139053183707173,69,74.892,0.2510000000000048
1135,Ferrari,6,844,False,75.277,0.7113984498687701,69,74.892,0.3850000000000051
1135,McLaren,1,846,False,74.892,0.7265552181912794,69,74.892,0.0
1135,McLaren,1,857,False,75.305,0.8296279890230883,69,74.892,0.4130000000000109
1135,Mercedes,131,1,False,75.262,1.189285755726654,67,74.892,0.37000000000000455
1135,Mercedes,131,847,False,75.454,0.9371985384149175,67,74.892,0.5619999999999976
1135,RB F1 Team,215,817,True,76.2375,0.9190840655428012,68,74.892,1.3455000000000013
1135,RB F1 Team,215,822,True,76.882,0.718040422983605,65,74.892,1.990000000000009
1135,RB F1 Team,215,852,True,76.8125,0.7274539117403179,66,74.892,1.920500000000004
1135,RB F1 Team,215,855,True,77.474,0.992983507307013,64,74.892,2.582000000000008
1135,Red Bull,9,815,False,75.314,0.8016958998627758,69,74.892,0.42199999999999704
1135,Red Bull,9,830,False,75.2415,0.8217261069383345,70,74.892,0.34950000000000614
1135,Williams,3,848,True,76.45,1.0215170637529587,65,74.892,1.558000000000007
1135,Williams,3,858,True,76.919,0.8798465056891023,68,74.892,2.027000000000001
1136,Alpine F1 Team,214,807,True,85.194,1.110601804508528,47,83.48,1.7139999999999986
1136,Alpine F1 Team,214,825,True,84.796,0.9022232802066971,50,83.48,1.3160000000000025
1136,Alpine F1 Team,214,839,True,86.013,0.8264122750173369,49,83.48,2.5330000000000013
1136,Alpine F1 Team,214,842,True,85.229,0.8974834963786116,47,83.48,1.7489999999999952
1136,Aston Martin,117,4,True,84.88650000000001,1.0359213110878465,48,83.48,1.4065000000000083
1136,Aston Martin,117,840,True,85.064,1.2376346358756958,45,83.48,1.583999999999989
1136,Ferrari,6,832,False,83.926,0.7830349339302244,50,83.48,0.44599999999999795
1136,Ferrari,6,844,False,83.718,0.8596738752368287,51,83.48,0.23799999999999955
1136,McLaren,1,846,False,83.601,1.2865298676440202,49,83.48,0.12099999999999511
1136,McLaren,1,857,False,83.48,1.107343141638275,49,83.48,0.0
1136,Mercedes,131,1,False,83.6565,1.1834270598307695,48,83.48,0.1764999999999901
1136,Mercedes,131,847,False,84.28,1.1752785153539116,48,83.48,0.7999999999999972
1136,RB F1 Team,215,817,True,85.03999999999999,0.6125542791442764,50,83.48,1.559999999999988
1136,RB F1 Team,215,822,True,86.31,1.1051340320257539,49,83.48,2.8299999999999983
1136,RB F1 Team,215,852,True,87.1015,1.0039311065340448,4,83.48,3.6214999999999975
1136,RB F1 Team,215,855,True,85.90899999999999,0.7310410809638122,48,83.48,2.428999999999988
1136,Red Bull,9,815,False,84.524,1.013597237530317,48,83.48,1.043999999999997
1136,Red Bull,9,830,False,83.61949999999999,1.1212629775809244,48,83.48,0.13949999999998397
1136,Williams,3,848,True,85.059,0.7680666023947932,50,83.48,1.5789999999999935
1136,Williams,3,861,True,85.06649999999999,0.920494329484016,50,83.48,1.5864999999999867
1137,Alpine F1 Team,214,807,True,108.6635,0.9058706458723212,46,107.8375,0.8259999999999934
1137,Alpine F1 Team,214,839,True,110.053,0.949043087663051,44,107.8375,2.2154999999999916
1137,Alpine F1 Team,214,842,True,109.643,1.0175857516534308,48,107.8375,1.805499999999995
1137,Alpine F1 Team,214,860,True,108.7085,1.1986755027402443,46,107.8375,0.8709999999999951
1137,Aston Martin,117,4,True,109.0515,0.9031840680999508,46,107.8375,1.2139999999999986
1137,Aston Martin,117,840,True,109.422,0.8449321684199071,40,107.8375,1.5844999999999914
1137,Ferrari,6,832,False,107.90899999999999,0.7826980242094942,46,107.8375,0.07149999999998613
1137,Ferrari,6,844,False,107.91,1.0720495381850104,48,107.8375,0.0724999999999909
1137,McLaren,1,846,False,108.899,1.5860830085922026,46,107.8375,1.0614999999999952
1137,McLaren,1,857,False,107.8375,0.9210485908186163,48,107.8375,0.0
1137,Mercedes,131,1,False,108.5695,1.186545867487711,46,107.8375,0.7319999999999993
1137,Mercedes,131,847,False,108.2585,1.0031591942867952,46,107.8375,0.42099999999999227
1137,RB F1 Team,215,817,True,109.4745,1.2218539222208142,46,107.8375,1.6370000000000005
1137,RB F1 Team,215,822,True,109.6315,1.0781603435856957,42,107.8375,1.793999999999997
1137,RB F1 Team,215,852,True,111.141,0.5655518585964551,7,107.8375,3.3034999999999997
1137,RB F1 Team,215,855,True,110.078,1.2830591620907366,44,107.8375,2.2404999999999973
1137,Red Bull,9,815,False,107.8765,0.6204864217022933,46,107.8375,0.03899999999998727
1137,Red Bull,9,830,False,108.356,0.871521752250897,45,107.8375,0.5184999999999889
1137,Williams,3,848,True,109.14699999999999,1.0040460418259136,46,107.8375,1.3094999999999857
1137,Williams,3,861,True,109.1545,0.8331217946000932,46,107.8375,1.316999999999993
1138,Alpine F1 Team,214,807,True,98.57650000000001,0.730887599223097,58,96.8595,1.717000000000013
1138,Alpine F1 Team,214,825,True,99.2685,1.1101104376022521,50,96.8595,2.409000000000006
1138,Alpine F1 Team,214,839,True,99.1935,0.8573206014861717,58,96.8595,2.334000000000003
1138,Alpine F1 Team,214,842,True,99.479,1.262623843844147,55,96.8595,2.619500000000002
1138,Aston Martin,117,4,True,98.55199999999999,0.6058465234544521,58,96.8595,1.6924999999999955
1138,Aston Martin,117,840,True,99.44149999999999,0.9588540727289365,58,96.8595,2.5819999999999936
1138,Ferrari,6,832,False,98.424,0.6801454553580278,59,96.8595,1.5645000000000095
1138,Ferrari,6,844,False,98.582,1.3437758316329722,59,96.8595,1.7224999999999966
1138,McLaren,1,846,False,96.8595,1.0175467368047133,60,96.8595,0.0
1138,McLaren,1,857,False,98.149,0.9767921687698887,59,96.8595,1.2895000000000039
1138,Mercedes,131,1,False,98.309,0.688578913788622,59,96.8595,1.4495000000000005
1138,Mercedes,131,847,False,98.173,0.6225563581340949,59,96.8595,1.3135000000000048
1138,RB F1 Team,215,817,True,98.992,1.3349601229075254,53,96.8595,2.1325000000000074
1138,RB F1 Team,215,822,True,99.721,1.0581522679075681,56,96.8595,2.8615000000000066
1138,RB F1 Team,215,852,True,98.944,1.2294303315393318,58,96.8595,2.0845000000000056
1138,RB F1 Team,215,855,True,99.707,1.1033562940087978,57,96.8595,2.8474999999999966
1138,Red Bull,9,815,False,98.6185,0.753082179985994,58,96.8595,1.7590000000000003
1138,Red Bull,9,830,False,97.116,0.9645348464708358,60,96.8595,0.2565000000000026
1138,Williams,3,848,True,99.285,0.9530058857015583,11,96.8595,2.4254999999999995
1138,Williams,3,861,True,98.7895,0.8249069758183509,58,96.8595,1.9300000000000068
1139,Alpine F1 Team,214,807,True,99.97800000000001,1.2489249672728666,50,99.009,0.9690000000000083
1139,Alpine F1 Team,214,825,True,100.292,1.36036230449456,49,99.009,1.2830000000000013
1139,Alpine F1 Team,214,839,True,101.361,1.1632612085094771,47,99.009,2.352000000000004
1139,Alpine F1 Team,214,842,True,100.698,1.1385982558546772,51,99.009,1.688999999999993
1139,Aston Martin,117,4,True,100.61,1.1018408186420905,49,99.009,1.600999999999999
1139,Aston Martin,117,840,True,100.931,1.107910884469303,48,99.009,1.921999999999997
1139,Ferrari,6,832,False,99.009,0.9517989707833923,51,99.009,0.0
1139,Ferrari,6,844,False,99.032,0.6420774353153736,51,99.009,0.022999999999996135
1139,McLaren,1,846,False,99.474,1.1003076960025204,51,99.009,0.4650000000000034
1139,McLaren,1,857,False,99.409,1.2853756853733667,51,99.009,0.4000000000000057
1139,Mercedes,131,847,False,99.8885,1.5577085484906288,50,99.009,0.8794999999999931
1139,RB F1 Team,215,822,True,101.104,0.8044382296038779,48,99.009,2.094999999999999
1139,RB F1 Team,215,852,True,100.86000000000001,0.943977310702203,48,99.009,1.8510000000000133
1139,RB F1 Team,215,855,True,101.37,1.0317948699345147,46,99.009,2.361000000000004
1139,RB F1 Team,215,859,True,100.5035,1.3831164750929217,50,99.009,1.4945000000000022
1139,Red Bull,9,815,False,99.863,1.1189168269868393,50,99.009,0.8539999999999992
1139,Red Bull,9,830,False,99.105,0.7896498961130763,51,99.009,0.09600000000000364
1139,Williams,3,848,True,101.432,1.4524844938697303,49,99.009,2.423000000000002
1139,Williams,3,861,True,100.493,1.5778931786611246,50,99.009,1.4839999999999947
1140,Alpine F1 Team,214,807,True,82.122,0.9701671910735858,62,80.703,1.418999999999997
1140,Alpine F1 Team,214,825,True,81.779,1.0102856277643404,63,80.703,1.0759999999999934
1140,Alpine F1 Team,214,839,True,83.115,1.106608941150321,61,80.703,2.411999999999992
1140,Alpine F1 Team,214,842,True,82.38550000000001,0.8090966950401601,62,80.703,1.6825000000000045
1140,Aston Martin,117,4,True,83.4965,0.5909741201730293,8,80.703,2.7934999999999945
1140,Aston Martin,117,840,True,82.781,0.9474874079134021,62,80.703,2.078000000000003
1140,Ferrari,6,832,False,80.965,0.618898892154172,63,80.703,0.26200000000000045
1140,Ferrari,6,844,False,80.975,0.8218373654143722,61,80.703,0.27199999999999136
1140,McLaren,1,846,False,80.703,1.0268311239897514,63,80.703,0.0
1140,McLaren,1,857,False,82.545,1.3770313557935736,63,80.703,1.8419999999999987
1140,Mercedes,131,1,False,81.308,0.9627259120703208,63,80.703,0.605000000000004
1140,Mercedes,131,847,False,81.559,0.720220326347687,63,80.703,0.8559999999999945
1140,RB F1 Team,215,822,True,83.1985,1.037339609846005,62,80.703,2.4954999999999927
1140,RB F1 Team,215,855,True,83.487,1.0739487215063714,62,80.703,2.783999999999992
1140,RB F1 Team,215,859,True,82.928,1.1040926191139506,60,80.703,2.2249999999999943
1140,Red Bull,9,815,False,82.399,1.145539038442815,57,80.703,1.695999999999998
1140,Red Bull,9,830,False,81.475,0.7132005999367508,63,80.703,0.7719999999999914
1140,Williams,3,861,True,82.973,1.1219182107926058,62,80.703,2.269999999999996
1141,Alpine F1 Team,214,807,True,84.845,1.0741851346752576,23,84.09899999999999,0.7460000000000093
1141,Alpine F1 Team,214,839,True,84.37,1.6238492840685463,59,84.09899999999999,0.271000000000015
1141,Alpine F1 Team,214,842,True,84.2255,1.988280544489002,58,84.09899999999999,0.12650000000000716
1141,Alpine F1 Team,214,860,True,84.59700000000001,2.5271382840069294,56,84.09899999999999,0.49800000000001887
1141,Aston Martin,117,4,True,84.443,1.8132013339508342,55,84.09899999999999,0.3440000000000083
1141,Ferrari,6,832,False,85.633,1.6384015714590858,29,84.09899999999999,1.534000000000006
1141,Ferrari,6,844,False,84.28999999999999,1.7708397899006827,54,84.09899999999999,0.1910000000000025
1141,McLaren,1,846,False,84.09899999999999,2.052471287193808,58,84.09899999999999,0.0
1141,McLaren,1,857,False,84.59049999999999,1.9505856935103434,56,84.09899999999999,0.49150000000000205
1141,Mercedes,131,1,False,84.555,2.035877914354128,55,84.09899999999999,0.4560000000000173
1141,Mercedes,131,847,False,84.216,2.209480854633068,59,84.09899999999999,0.11700000000000443
1141,RB F1 Team,215,822,True,84.945,1.8562959915315507,54,84.09899999999999,0.8460000000000036
1141,RB F1 Team,215,852,True,84.547,2.0705284441950025,57,84.09899999999999,0.4480000000000075
1141,RB F1 Team,215,855,True,85.579,1.6832685280699273,53,84.09899999999999,1.480000000000004
1141,RB F1 Team,215,859,True,84.6445,2.2025604397120264,56,84.09899999999999,0.5455000000000041
1141,Red Bull,9,815,False,84.8845,2.112578469994226,56,84.09899999999999,0.7855000000000132
1141,Red Bull,9,830,False,84.156,2.065368582375466,59,84.09899999999999,0.05700000000001637
1141,Williams,3,861,True,85.4835,1.1143947657094289,24,84.09899999999999,1.384500000000017
1142,Alpine F1 Team,214,807,True,98.481,1.2857948589071004,45,97.275,1.2059999999999889
1142,Alpine F1 Team,214,825,True,98.923,1.642162963278873,47,97.275,1.6479999999999961
1142,Alpine F1 Team,214,839,True,99.182,0.9271023291321036,43,97.275,1.9069999999999965
1142,Alpine F1 Team,214,842,True,99.635,1.049839632775145,11,97.275,2.3599999999999994
1142,Aston Martin,117,4,True,98.513,1.1710941715275789,45,97.275,1.2379999999999995
1142,Aston Martin,117,840,True,98.598,1.0958993640665997,45,97.275,1.3229999999999933
1142,Ferrari,6,832,False,97.524,1.386881288752179,45,97.275,0.24899999999999523
1142,Ferrari,6,844,False,97.448,1.3711497987846146,45,97.275,0.1729999999999876
1142,McLaren,1,846,False,98.166,1.4872569084893767,43,97.275,0.8909999999999911
1142,McLaren,1,857,False,98.137,1.098644301405183,45,97.275,0.8619999999999948
1142,Mercedes,131,1,False,97.275,1.4193204704998108,45,97.275,0.0
1142,Mercedes,131,847,False,97.621,0.8903856626669322,45,97.275,0.3459999999999894
1142,RB F1 Team,215,822,True,99.452,1.6200813810000778,43,97.275,2.1769999999999925
1142,RB F1 Team,215,852,True,98.49,1.0954910927722874,45,97.275,1.2149999999999892
1142,RB F1 Team,215,855,True,99.212,1.32259714924534,45,97.275,1.9369999999999976
1142,RB F1 Team,215,859,True,99.297,1.199261930008477,45,97.275,2.0219999999999914
1142,Red Bull,9,815,False,98.25,1.453497430268796,45,97.275,0.9749999999999943
1142,Red Bull,9,830,False,97.678,0.9786860584529259,45,97.275,0.4029999999999916
1142,Williams,3,848,True,99.211,1.063927369522485,21,97.275,1.9359999999999928
1142,Williams,3,861,True,98.333,1.6082081863698763,45,97.275,1.0579999999999927
1143,Alpine F1 Team,214,807,True,87.3135,1.815972569819994,28,84.775,2.538499999999999
1143,Alpine F1 Team,214,825,True,86.237,1.3973680746285635,43,84.775,1.461999999999989
1143,Alpine F1 Team,214,842,True,86.12,1.6362104891017062,45,84.775,1.3449999999999989
1143,Aston Martin,117,4,True,86.268,1.7213735319109726,45,84.775,1.492999999999995
1143,Aston Martin,117,840,True,92.229,1.8299923497107806,2,84.775,7.4539999999999935
1143,Ferrari,6,832,False,85.2575,1.2412685933875178,44,84.775,0.4824999999999875
1143,Ferrari,6,844,False,85.036,1.320425217706603,45,84.775,0.2609999999999957
1143,McLaren,1,846,False,84.915,1.2018954553091608,43,84.775,0.14000000000000057
1143,McLaren,1,857,False,85.0135,1.2017007598289051,44,84.775,0.23849999999998772
1143,Mercedes,131,1,False,86.23249999999999,1.5287275925833126,44,84.775,1.4574999999999818
1143,Mercedes,131,847,False,85.749,1.2153666277577089,43,84.775,0.9739999999999895
1143,RB F1 Team,215,822,True,87.0465,1.2825794462491729,44,84.775,2.271499999999989
1143,RB F1 Team,215,852,True,87.301,0.893970415640486,45,84.775,2.5259999999999962
1143,RB F1 Team,215,855,True,86.126,1.522340614469912,45,84.775,1.350999999999999
1143,RB F1 Team,215,859,True,87.21549999999999,0.8087618522254998,44,84.775,2.440499999999986
1143,Red Bull,9,815,False,86.10050000000001,0.9208668979163958,30,84.775,1.3255000000000052
1143,Red Bull,9,830,False,84.775,1.1028810264873694,45,84.775,0.0
1143,Williams,3,848,True,87.31,1.1749998040378538,42,84.775,2.5349999999999966
1144,Alpine F1 Team,214,807,True,89.76,0.4048533268425008,53,88.3665,1.393500000000003
1144,Alpine F1 Team,214,825,True,90.04,1.0377279226478957,47,88.3665,1.6735000000000042
1144,Alpine F1 Team,214,842,True,89.631,0.4055815361161233,53,88.3665,1.2644999999999982
1144,Alpine F1 Team,214,862,True,90.205,0.6904973274391512,52,88.3665,1.8384999999999962
1144,Aston Martin,117,4,True,89.708,0.9098125482434076,51,88.3665,1.3414999999999964
1144,Aston Martin,117,840,True,89.8785,0.6837842257225032,50,88.3665,1.5120000000000005
1144,Ferrari,6,832,False,88.399,0.5232074838126405,53,88.3665,0.03249999999999886
1144,Ferrari,6,844,False,88.565,0.7114400215119999,53,88.3665,0.19849999999999568
1144,McLaren,1,846,False,88.3665,0.7107674676585507,54,88.3665,0.0
1144,McLaren,1,857,False,89.319,0.8578636246113791,51,88.3665,0.9525000000000006
1144,Mercedes,131,1,False,89.616,1.1646240325338042,53,88.3665,1.2494999999999976
1144,Mercedes,131,847,False,88.687,0.7431802406560619,53,88.3665,0.32049999999999557
1144,RB F1 Team,215,822,True,89.9235,0.5642183447741801,24,88.3665,1.5570000000000022
1144,RB F1 Team,215,852,True,89.8835,0.7017736082310657,52,88.3665,1.516999999999996
1144,RB F1 Team,215,855,True,89.95599999999999,0.8306697629636154,50,88.3665,1.5894999999999868
1144,RB F1 Team,215,859,True,89.599,0.8434816616847934,47,88.3665,1.2325000000000017
1144,Red Bull,9,830,False,88.78,0.9017651364924638,53,88.3665,0.4134999999999991
1144,Williams,3,848,True,90.003,0.5399768454200053,52,88.3665,1.636499999999998
1144,Williams,3,861,True,90.259,0.2645447485334164,19,88.3665,1.8924999999999983
